:020000040000fa
:10000000f8ff022059ba0200f9c602008b54020020
:1000100001c702008b5402008b5402000000000054
:1000200000000000000000000000000009c70200fe
:1000300011c70200000000008b5402008b54020024
:100040008b5402008b5402008b5402008b5402002c
:100050008b5402008b5402008b5402008b5402001c
:100060008b5402008b5402008b5402008b5402000c
:100070008b5402008b5402008b5402008b540200fc
:100080008b5402008b5402008b5402008b540200ec
:100090008b5402008b5402008b5402008b540200dc
:1000a0008b5402008b5402008b5402008b540200cc
:1000b0008b5402008b5402008b5402008b540200bc
:1000c0008b5402008b5402008b5402008b540200ac
:1000d0008b5402008b5402008b5402008b5402009c
:1000e0008b5402008b54020000000000000000004e
:1000f000000000008b5402008b5402008b5402005d
:100100008b5402008b5402008b5402008b5402006b
:100110008b5402008b5402008b5402008b5402005b
:100120008b5402008b5402008b5402008b5402004b
:100130008b5402008b5402008b5402008b5402003b
:100140008b5402008b5402008b5402008b5402002b
:100150008b5402008b5402000000000000000000dd
:10016000000000000000000000000000000000008f
:10017000000000000000000000000000000000007f
:100180008b5402008b5402008b5402008b540200eb
:10019000000000008b5402008b5402008b540200bc
:1001a0008b5402008b5402008b5402008b540200cb
:1001b0008b5402008b5402008b5402008b540200bb
:1001c0008b5402008b5402008b5402008b540200ab
:1001d0008b5402000000000000000000000000003e
:1001e0000000000000000000000000008b5402002e
:1001f0008b5402008b5402008b540200000000005c
:100200000000000000000000000000008b5402000d
:100210008b5402008b5402008b5402008b5402005a
:100220008b5402008b5402008b5402008b5402004a
:100230008b5402008b5402008b5402008b5402003a
:10024000000000008b5402008b5402008b5402000b
:100250008b5402008b5402008b5402008b5402001a
:020000040000fa
:10026000f8b500bff8bc08bc9e467047c5bf020089
:10027000f8b500bff8bc08bc9e467047a1bf02009d
:020000040000fa
:080280002084020001000000cf
:020000040000fa
:10028800fffffffffffffffff7bef7bef7bef7be9a
:10029800f7bef7bef7bef7bef7bef7bef7bef7beae
:1002a800f7bef7bef7bef7bef7bef7bef7bef7be9e
:1002b800f7bef7bef7bef7bef7bef7bef7bef7be8e
:1002c800f7bef7bef7beffdeffdeffbef7bef7be26
:1002d800f7bef7bef7bef7bef7bef7bef7bef7be6e
:1002e800f7beffdeffdeffdfffdfffffffffffffe1
:1002f800ffffffffffffffffffffffffffffffff06
:10030800ffdff7bef7bef7bef7bef7bef7bef7be14
:10031800f7bef7bef7bef7bef7bef7bef7bef7be2d
:10032800f7bef7bef7bef7bef7bef7bef7bef7be1d
:10033800f7bef7bef7bef7bef7bef7bef7beffdee5
:10034800ffdef7bef7bef7bef7bef7bef7bef7bed5
:10035800f7bef7beffbeffdfffdfffdfffdfffdf18
:10036800ffdfffdfffffffffffffffffffffef7d67
:10037800ef5dffffffffffffffffffdff7bef7bee9
:10038800f7bef7bef7bef7bef7bef7bef7bef7bebd
:10039800f7bef7bef7bef7bef7bef7bef7bef7bead
:1003a800f7bef7bef7bef7bef7bef7bef7bef7be9d
:1003b800f7bef7bef7bef7bef7beffbef7bef7be85
:1003c800f7bef7bef7bef7bef7bef7beffbeffdf4c
:1003d800ffdfffdfffdfffdfffdfffdfffffffffe5
:1003e800ffffffffffffffffffffffffffffffff15
:1003f800fffffffff7dff7bef7bef7bef7bef7be9a
:10040800f7bef7bef7bef7bef7bef7bef7bef7be3c
:10041800f7bef7bef7bef7bef7bef7bef7bef7be2c
:10042800f7bef7bef7bef7bff7bff7bff7bff7bf17
:10043800f7bff7bff7bff7bff7bef7bef7bef7bf07
:10044800f7bff7dff7dff7dff7dff7dff7dfffdf0c
:10045800ffdfffdfffdfffdfffffffffffffffff24
:10046800ffffffffef5da5147bcf73ae73ae73aed6
:10047800738e738e73ae73ae73ae73ae738e738eec
:1004880073ae738e738e73ae73ae738e738e738efc
:10049800736e736e738e6b6e6b6d6b6d6b6d6b6d58
:1004a8006b6d6b6d6b6d6b6d6b6e6b6d6b4d6b4dc3
:1004b8006b4d6b4d6b4d6b4d6b6d6b6d6b6d6b6df4
:1004c8006b6d6b6d6b6d6b6d738e94b2dedbffffc6
:1004d800ffffffffffffffffffffffffffffdefb49
:1004e8009cd373af73ae73ae73ae73ae73ae73aead
:1004f80073ae73ae73ae738e738e738e738e738e8c
:10050800738e73ae73ae738e738e738e73ae73ae5b
:10051800738e738e738e738e738e738e738e738ecb
:10052800738e738e738e6b6d6b6d6b6d6b6d6b6d88
:100538006b4d6b4d6b6d738e738e738e738e738e66
:10054800738e7bcfa534ef7dffffffffffffffff1b
:10055800ffffffffffffffdfbdf78430738e738e51
:10056800738e738e73ae73ae738e738e738e73ae1b
:10057800738e738e738e738e738e6b6e6b6d6b6ee4
:10058800736e738e738e738e738e738e6b6e6b6ecb
:10059800738e738e6b6e6b6e738e738e738e6b6ec3
:1005a8006b6d6b6d6b6d6b6d6b6d6b6e738e738e30
:1005b800738e738e738e738e6b6e6b6d9492dedb9f
:1005c800ffffffffffffffffffffffffffffffff33
:1005d800ef5da5776c546413641364136413641398
:1005e800641364136413641364136413641364134b
:1005f800643364336433643364336413641364139b
:1006080064136413641364336433643464336413a9
:100618006413641364135c135bf35bf35c135c1384
:100628005c135c135c135c135c135bf35bf35bf3ad
:100638005c135c135c1484d5cebbffffffffffff88
:10064800ffffe71c634d4a6a738e73ae738e6b8e21
:100658006b6e6b4d6b6e738e738e6b8e6b6e6b6e7b
:100668006b6e6b6e6b6e6b6e6b6e6b4d632d630c8e
:100678005aec5aec5acb52cb52ab52ab528a4a6a1a
:100688004a6a4a6a4a6a4a6a4a6a4a6a4a4a4a4a02
:100698004a6a4a4a4a4a4a6a4a6a4a6a4a6a4a6af2
:1006a8004a4a4a4a4a494229420831a74229b59644
:1006b800ffffffffffffffffffffffffc6385acb1b
:1006c800632c73ae73ae73af738e738e738e738e2b
:1006d80073ae73ae738e6b6e6b6e6b6e6b6e6b6e92
:1006e8006b4d6b4d632d632d630c630c5aec5aec08
:1006f8005aec5acb5acb52ab52ab528b52ab52ab91
:1007080052ab52ab52ab528a528a528a4a6a4a6aee
:100718004a6a4a6a4a6a4a6a4a6a4a6a4a6a4a6a31
:100728004a6a42083186630ce71cffffffffffffa0
:10073800ffffffffffdf8c515acb738e73af738eb1
:10074800738e738e738e73ae738e738e738e738e79
:10075800738e6b6e6b6d6b4d632d630c630c630c4a
:10076800630c630c5aec5acb52ab52ab52ab528b64
:10077800528b528b528b528b528b528b528b528a8a
:10078800528a4a6a528a528a4a6a528a528b528ad0
:100798004a6a4a6a4a6a4a4a4a49422931a7420881
:1007a800b5b6ffffffffffffffffffffffffdf1ce7
:1007b8005bb133534c574c584c374c574c574c57ec
:1007c8004c574c574c574c374c574c574c574c5729
:1007d8004c574c574c574c574c574c374c374c3759
:1007e8004c374437443744373c173bf73bf73bf724
:1007f80033f733f733f733f733d733d733d733d721
:1008080033d72bb72bb62b9623962376235623560e
:100818001b561b561b3612b322b0a577ffffffffee
:10082800f7be8c7252aa8c72632d5aec5aec5aecb1
:100838005aec5aec5aec5aec5aec5aec5aec5aec80
:100848005aec5aec5aec5aec5aec5aec5aec5acc90
:100858005acb52cb52ab52ab52ab52ab52ab52ab60
:1008680052ab52ab52ab52ab52ab52ab52ab52ab98
:1008780052ab52ab52ab52ab52ab52ab52ab52ab88
:1008880052ab52ab52ab528b528b528a31a739c7fb
:10089800dedbfffffffffffffffff79e630c630c2c
:1008a80073af630d5b0c630d630c5aec5aec5aec96
:1008b8005aec5aec5aec5aec5aec5aec5aec5aec00
:1008c8005aec5aec5acc5acc5acc5acb52cb52cbc3
:1008d80052ab52ab52ab52ab52cb52cb52cb52cba8
:1008e8005acb5acb5acb5acc5acb52cb52cb52ab0f
:1008f80052ab52cb52ab52ab52ab52ab52ab52abe8
:1009080052ab52ab4a6a21258410f7beffffffffa6
:10091800ffffffffb59652aa8410738e630d5b0c20
:100928005b0c5b0c5aec5aec5aec5aec5aec5aec4d
:100938005aec5aec5aec5aec5aec5aec5aec5aec7f
:100948005aec5acc5acb52ab52ab52ab52ab52ab1d
:1009580052ab52cb5acb5acb5acc5acb5acb5acb96
:1009680052cb5acb5acc5acc5acb5acb5acb52cb65
:1009780052ab52ab52ab528b528b528b528b31a72c
:100988004208d6baffffffffffffffffffff7c947f
:100998003bb44cbb34192bb82bb82bb82bb82bd87d
:1009a8002bd82bd82bd82bb82bb82bd82bb82bd887
:1009b8002bd82bd82bd82bb82bb82bb82bb82bb8b7
:1009c8002bb82bb82bb82bb82b98239823982bb877
:1009d8002bb82b982b982b982bb82bb82b982b9798
:1009e8002b97239723972397239723772377237787
:1009f80023772377237723970af5228fbdf8ffff04
:100a0800e73c630c73af73cf528b52ab52ab52ab14
:100a180052ab52ab52ab52ab52ab52ab52ab52abe6
:100a280052ab52ab52ab52ab52ab52ab528a4a6a40
:100a38004a6a4a6a4a6a4a6a4a6a4a6a4a4a4a4a4e
:100a48004a6a4a6a4a6a528b528b528b528b528b31
:100a5800528b528b528b528a528b528b528a528aa9
:100a6800528a528a528a528a528a52aa4a29292575
:100a780094b2ffffffffffffffffce9a4a497bcfeb
:100a88005aec52ab52ab52ab52ab52ab52ab52ab2d
:100a980052ab52ab52ab52ab52ab52ab52ab52ab66
:100aa80052ab52ab52ab52ab52ab528a4a6a4a6a09
:100ab8004a4a4a4a4a4a4a6a4a8a528b52ab52ab13
:100ac80052ab52ab52ab52ab52ab52ab52ab52ab36
:100ad80052ab52ab52ab528b528b528b528b528ac7
:100ae800528a528a52ab39e839e8e71bffffffff09
:100af800ffffffff73ae6b4d6b6e5acc52cb5acbd8
:100b080052cb52ab52ab52ab52ab52ab52ab52abd5
:100b180052ab52ab52ab52ab52ab52ab52ab52abe5
:100b280052ab52ab4a6a4a6a4a4a4a4a4a4a4a4a0b
:100b38004a6a528b52ab52ab52ab52ab52ab52ab2e
:100b480052ab52ab52ab52ab52ab52ab52ab52abb5
:100b5800528b528b528a528a528a528a528a528baa
:100b680021259d14ffffffffffffffffdedb53b1d1
:100b78005cb8445a1b572397239723772377237707
:100b8800239723972397239723772377237723770d
:100b9800237723772377237723772377237723777d
:100ba80023772377237723772357235723762377ae
:100bb800237723772377237723772377237723765e
:100bc8002356235623562356235623562356235655
:100bd800235623562356237623b802507c53ffde30
:100be800e71c5aeb7bcf6b6e528b52ab52ab52abbe
:100bf80052ab52ab52ab52ab52ab52ab52ab52ab05
:100c080052ab52ab52ab52ab52ab52ab528a528a36
:100c18004a8a4a8a4a8a4a8a4a8a4a6a4a6a4a6a8c
:100c28004a6a4a6a4a6a4a8a528b528a528a528a5b
:100c3800528a528a528a528a528a528a528a528acc
:100c4800528a528a528a4a6a4a6a4a8a4a4a3166a1
:100c580083f0ffffffffffffffffc6184a497bf045
:100c68005acc52ab52ab52ab52ab52ab52ab52ab6b
:100c780052ab52ab52ab52ab52ab52ab52ab52ab84
:100c880052ab52ab52ab52ab4a6a4a4a528b6b4d8b
:100c98007bef7bf073af630c4a6a4a4a528a52abc5
:100ca80052ab52ab52ab52ab528b528b528b528bd4
:100cb800528b528b528b528b528b528b528a528a46
:100cc8004a8a528a528b4a4a31a6d69affffffffb8
:100cd800ffffffdf632d6b6d632d52cb52cb52cbe1
:100ce80052cb52cb52ab52ab52ab52cb52cb52ab94
:100cf80052ab52ab52ab52ab52ab52ab52ab52ab04
:100d0800528b4a6a4a6a630c73af7bf07bf06b6e56
:100d180052ab4a4a4a6a528b52ab52ab52ab52abb5
:100d280052ab52ab52ab528b528b528b528b528b73
:100d3800528b528a528a4a8a4a8a4a8a4a8a52abc9
:100d480029668c71f7beffffffffffffc65953707e
:100d58005cb83c391b572b972397239723972397e6
:100d6800239723972397239723972377237723770b
:100d7800237723772377237723772377237723779b
:100d880023772377237723772357235723572377eb
:100d980023772376237723772376237623562356c0
:100da8002356235623562356235623562356235673
:100db800235623562356235623b80a716bf1f79d01
:100dc800e71c5acb73ae6b6e528b52ab52ab52ab25
:100dd80052ab52ab52ab52ab52ab52ab52ab52ab23
:100de80052ab52ab52ab528b4a6a4a8a94b3c6385a
:100df800c618c618c638c638c638c618c618c6189b
:100e0800c618c618a53452ab4a6a528a528a528a00
:100e1800528a528a528a528a528a528a528a528aea
:100e2800528a528a4a8a4a6a4a6a4a8a4a6a318687
:100e380083f0ffffffffffffffffc6184a697bf043
:100e48005acb52ab52ab52ab52ab52ab52ab52ab8a
:100e580052ab52ab52ab52ab52ab528b528b52abe2
:100e6800528b528b528b4a4a4a6a7bd0bdf7ef5d50
:100e7800ffdfffdff7bee71cb5966b8e4a4a528a42
:100e880052ab52ab52ab52ab528b528a528b528bf3
:100e9800528b528b528b528b528b528b528a528a64
:100ea8004a8a4a8a52ab4a6a39c7ce79ffffffff9e
:100eb800ffffffdf632d6b6d632d52cb52cb52cbff
:100ec80052cb52cb52cb52cb52ab52ab52ab52abb2
:100ed80052ab52ab52ab52ab52ab52ab52ab528b42
:100ee8004a4a632dad55e71cf7beffdfffdfef7df4
:100ef800c6397bf04a6a4a6a528b52ab52ab52ab44
:100f080052ab52ab52ab528b528b528b528a528b92
:100f1800528b528a4a8a4a8a4a8a4a8a4a8a52cbcf
:100f280029668c51f7beffffffffffffc6395350fc
:100f38005c983c391b572b97239723972377239744
:100f48002397239723772377237723772377237789
:100f580023772377237723772377237723772377b9
:100f6800237723772377237723772357235623570a
:100f7800235623562357235723562356235623569f
:100f88002356235623562356235623562356235691
:100f980023561b561b56235623b80a7163d1f79d57
:100fa800e71c5aaa73ae6b6e4a8a52ab528b52ab8d
:100fb80052ab52ab52ab52ab52ab52ab52ab52ab41
:100fc800528b528b528b528a42294a8ace59ffff42
:100fd800ffffffffffffffffffffffffffffffff19
:100fe800ffffffffdefc5acc42294a6a4a8a4a8a36
:100ff8004a8a528a528a528a528a528a528a528a11
:10100800528a528a4a8a4a6a4a6a4a6a4a6a3187c4
:101018007befffffffffffffffffbe184a697bcf93
:1010280052ab528b52ab52ab52ab52ab52ab52abf0
:1010380052ab52ab52ab52ab52ab528b528b528b20
:10104800528b528a4a4a5aecb596f79effffffff29
:10105800ffffffffffffffffffffef5d84314a6add
:10106800528b52ab52ab528b528b528a528a528b52
:10107800528a528a528b528b528b528b528a4a8a8c
:101088004a8a4a6a528b4a6a39c7ce59ffffffff1c
:10109800fffff7be632c6b6d632d52cb52ab52ab87
:1010a80052ab52ab52cb52cb52ab52ab52ab52ab10
:1010b80052ab52ab52ab52ab52ab528b528b4249f2
:1010c8007bf0defbffffffffffffffffffffffffe0
:1010d800fffff7be9cf44a6a4a6a528b528b528bc6
:1010e800528b528b528b528b528b528a528a528b12
:1010f800528b528a4a8a4a8a4a6a4a6a4a6a52cb4e
:1011080029668430f7beffffffffffffc6394b504b
:101118005c783c191b5723972397237723772377ea
:1011280023772377237723772377237723772377e7
:1011380023772377237723772377237723772377d7
:101148002377237723772377237723572356235629
:1011580023562356235623562356235623562356bf
:1011680023562356235623562356235623561b56b7
:101178001b561b561b561b5623b80a7163b1f77dc5
:10118800e71c52aa738e6b4d4a6a528a528a528b56
:10119800528b528b528b528b528b52ab52ab528b1f
:1011a800528a528a528a4a8a42294a8ace59ffff6b
:1011b800ffffffffffffffffffffffffffffffff37
:1011c800ffffffffdefb52ab42294a6a4a6a4a6abe
:1011d8004a6a4a8a528a528a528a528a528a4a8a5f
:1011e8004a8a4a8a4a6a4a6a4a4a4a6a4a6a318733
:1011f8007bcfffffffffffffffffbdf74a497bcf14
:1012080052ab528a52ab528b528b528b528b528baf
:1012180052ab52ab528b528b528b528a528a528aa1
:10122800528a4a6a4a8ab596ffffffffffffffff0f
:10123800e73cd69aef7dffffffffffffef5d6b6e88
:101248004a6a528a528b528a528a4a8a4a8a528aed
:10125800528a528a528b528b528b528a4a8a4a6ad3
:101268004a6a4a6a528a528a39a7c638ffffffff7c
:10127800fffff7be632c6b6d632d52ab52ab52abc5
:1012880052ab52ab52ab52ab52ab52ab52ab52ab6e
:1012980052ab528b528b528b528a528a42496b6e96
:1012a800e73cfffffffffffff7bee71cef7dfffff7
:1012b800ffffffffffdf8c724a4a4a6a528b528a4d
:1012c800528a528a528a528a528a528a528a528a36
:1012d800528a4a8a4a6a4a6a4a6a4a6a4a6a52abd5
:1012e80029668410f79effffffffffffc639537082
:1012f8005c983c191b56237723772377237723772a
:101308002377237723772377237723772377237705
:101318002377237723772377237723772356235637
:10132800235623762377237623562356235623568c
:10133800235623562356235623561b5623562356e5
:101348001b561b561b5623561b561b561b361b3645
:101358001b361b561b561b5623b80a715bb0f77d0c
:10136800e71c52aa738e634d4a6a528a528a528a7d
:10137800528a528a528a528a528a528a528a528a85
:10138800528a4a8a4a6a4a6a42494a6a9cd3ce7948
:10139800ce59ce39c638c638c618c638ef5dfffff5
:1013a800ffffffffce59424942494a6a4a6a4a6ae0
:1013b8004a6a4a6a4a6a4a6a4a6a4a6a4a6a4a6a85
:1013c8004a6a4a6a4a6a4a6a4a494a6a4a6a318693
:1013d8007bcfffffffffffffffffbdf74a4973af5a
:1013e80052ab4a8a528b528b528a528a528a528afa
:1013f800528a528a528a528a528a528a528a528a05
:101408004a6a4229632def5dffffffffffffb59694
:10141800526a39c7632ddedbffffffffffff9cf435
:101428004a494a6a528a4a8a4a6a4a6a4a6a4a8acd
:101438004a8a4a8a528a528a4a8a4a6a4a6a4a6a54
:101448004a6a4a6a528a528b39c7c638ffffffff79
:10145800fffff7be630c6b6d632d52ab528b52ab23
:1014680052ab52ab52ab52ab52ab52ab52ab528bac
:10147800528b528b528a528a528a4a6a4a49bdd73b
:10148800ffffffffffffe73c7bef4229630cc638f5
:10149800ffffffffffffdefb5aec4a494a8a528ae8
:1014a800528a4a8a4a8a4a8a4a8a4a8a4a8a4a8a8c
:1014b8004a8a4a6a4a6a4a6a4a6a4a6a4a4a52ab3b
:1014c80029668410f79effffffffffffc63953719f
:1014d8005c9834191b362377237723772377237770
:1014e8002377237723772377237723562356235687
:1014f800235623562356235623562356235623561c
:10150800235623762356235623561b561b561b5603
:101518001b561b561b5623561b561b561b561b5633
:101528001b361b561b561b561b561b361b361b36ab
:101538001b361b361b361b3523980a715bb0f77dab
:10154800e71c52ab6b6d632d4a6a528a4a8a4a8af3
:101558004a8a4a8a4a8a4a8a4a8a4a8a4a8a4a6a03
:101568004a6a4a6a4a6a4a6a4a6a4a49420841e8e9
:1015780039e739e739c739a729655aabe71cffffaf
:10158800fffff79e843139c84a6a4a6a4a6a4a6a3a
:101598004a6a4a6a4a6a4a6a4a6a4a6a4a6a4a6aa3
:1015a8004a6a4a6a4a4a4a4a42494a4a4a6a296641
:1015b8007bafffffffffffffffffbdf74229738ee1
:1015c800528b4a6a528a528a528a528a4a8a4a8a6a
:1015d8004a8a4a8a4a8a4a8a4a8a4a6a4a6a4a6ac3
:1015e8004a6a42296b6ef79efffffffff79e5acbb0
:1015f80029253186212594d3ffdfffffffffad7535
:1016080042294a494a6a4a6a4a6a4a6a4a6a4a6a9c
:101618004a6a4a6a4a8a4a8a4a6a4a6a4a6a4a6ae2
:101628004a6a4a49528a528b39c7c638ffffffffb8
:10163800fffff79e5aeb632d630c528b528a528b35
:10164800528b528b528b528b528a528b528b528aac
:10165800528a528b528a528a4a8a42295acbdefcd3
:10166800ffffffffffff84102945318629454a49be
:10167800d6baffffffffffff8c724a8a4a4a4a8a9e
:101688004a6a4a6a4a6a4a6a4a6a4a6a4a6a4a6ab2
:101698004a6a4a6a4a6a4a6a4a6a4a4a4a4952ab9a
:1016a80029668410f79effffffffffffc6394b71c5
:1016b800547833f91b36237623772376235623561b
:1016c8002356235623562357235623562356235649
:1016d80023561b561b561b561b561b561b561b5672
:1016e8001b561b561b561b561b561b361b361b36ca
:1016f8001b361b561b561b561b561b361b561b569a
:101708001b361b561b561b361b361b361b361b3609
:101718001b361b361b361b35239802515b90f77d11
:10172800e71c52aa6b4d632d4a6a4a8a4a6a4a6a7a
:101738004a6a4a6a4a6a4a6a4a6a4a6a4a6a4a6a01
:101748004a6a4a6a4a6a4a6a4a4a4a4942294208e5
:1017580042083a08420839c739c79492ffffffff89
:10176800ffffd69a4a4942084a494a4a4a4a4a6ab7
:101778004a6a4a6a4a6a4a6a4a6a4a6a4a6a4a4ae1
:101788004a4a4a4a4a494a4942494a4a4a4a2966c1
:101798007bcfffffffffffffffffbdf742286b4d29
:1017a8004a8a4a6a4a8a4a8a4a8a4a8a4a6a4a6af1
:1017b8004a6a4a6a4a6a4a6a4a6a4a6a4a6a4a6a81
:1017c8004a6a42095aecef5dffffffffffdf7bf03b
:1017d800294529453186b596ffffffffffff9cd3ba
:1017e80042084a494a6a4a6a4a6a4a6a4a6a4a6adc
:1017f8004a6a4a6a4a6a4a6a4a6a4a6a4a6a4a4a61
:101808004a494a494a6a528a31a6c638ffffffff49
:10181800fffff79e630c630c5aec4a8a528a528a7d
:10182800528a528a528a528a4a8a528a528a4a8ae0
:101838004a8a4a8a4a8a4a8a4a6a4209632de73d9d
:10184800ffffffffef7d52ab3186420839e829667a
:10185800ad55ffffffffffffb5b65acb42294a6ad5
:101868004a6a4a6a4a6a4a6a4a6a4a6a4a6a4a6ad0
:101878004a6a4a6a4a6a4a6a4a4a4a494a4952abd9
:1018880029667beff79effffffffffffc6394b710d
:10189800545833f81b3623562356235623562356bb
:1018a8001b56235623562356235623561b561b5680
:1018b8001b361b561b561b561336131613161316b8
:1018c800131613161315131512f512f512f512f552
:1018d80012f51b361b561b561b561b361b361b3662
:1018e8001b361b361b361b361b361b361b361b3569
:1018f8001b351b361b361b35239802515b90ef7d39
:10190800e71c52aa6b4d630d4a6a4a6a4a6a4a6ad8
:101918004a6a4a6a4a6a4a6a4a6a4a6a4a6a4a6a1f
:101928004a6a4a6a4a4a4a4a4a494a494a494249db
:1019380042294229422939e85aecdefbffffffff22
:10194800f7be94923186422942494a494a494a4a4d
:101958004a4a4a4a4a4a4a6a4a6a4a4a4a494a49a1
:101968004a494a494a494249422942494a4a296612
:101978007bcfffffffffffffffffbdf74208632d8f
:101988004a8a4a6a4a6a4a6a4a6a4a6a4a6a4a6a8f
:101998004a6a4a6a4a6a4a6a4a6a4a6a4a4a4a4adf
:1019a8004a4a42294229b596ffffffffffffe73c5d
:1019b8008c715aec9cd3f79effffffffef5d630c21
:1019c80042084a494a4a4a4a4a4a4a6a4a4a4a4a9a
:1019d8004a6a4a6a4a6a4a6a4a6a4a4a4a4a4a49c0
:1019e8004a494a494a6a528a31a6c618ffffffff88
:1019f800fffff79e630c5aeb5acc4a8a4a8a4a8af6
:101a08004a8a4a8a4a8a4a8a4a8a4a8a4a8a4a8a2e
:101a18004a8a4a6a4a6a4a6a4a6a4208630ce73c3e
:101a2800fffffffff79e5aec318639e839e829664f
:101a3800a534ffdfffffffffc6595aec3a084a6a90
:101a48004a6a4a6a4a6a4a6a4a6a4a6a4a4a4a4a2e
:101a58004a6a4a6a4a6a4a4a4a494a49424952ab20
:101a680029667beff79effffffffffffc6394b504c
:101a78004c5733d81b1623561b56235623561b5632
:101a88001b561b561b561b561b361b361b561b3626
:101a98001b361b361b361b362b963bd733d733b733
:101aa80033b733b733b633b633b63396339633b624
:101ab80033b623561b361b561b361b361b361b36b6
:101ac8001b361b361b361b361b361b361b351b15a8
:101ad8001b151b151b151b15239802515b90ef7dd9
:101ae800e71c528a5aec5aec4a4a4a6a4a6a4a4af3
:101af8004a4a4a4a4a4a4a494a4a4a4a4a4a4a4a3f
:101b08004a494a494a494a494a494a494a4942295d
:101b1800422942293a0842089cf4ffffffffffffd1
:101b2800defb528a39c74229422942494a494a4971
:101b38004a494a4a4a4a4a4a4a4a4a4a4a494a4900
:101b48004a49424942294229422942294a4a316698
:101b58007bcfffffffffffffffffbdd739e7630c18
:101b68004a6a4a4a4a6a4a6a4a6a4a6a4a6a4a6aed
:101b78004a6a4a6a4a6a4a6a4a6a4a4a4a494a491f
:101b88004a49424939e85acbbdf7f79effffffffa4
:101b9800f7beef7dffdfffffffffe71c7bef39c7d5
:101ba80042294a494a494a494a494a494a494a49bd
:101bb8004a4a4a4a4a4a4a4a4a494a494a49424989
:101bc800424942294a6a528a39c7c638ffffffff8d
:101bd800fffff79e5aec52aa52ab4a6a4a6a4a6a0f
:101be8004a6a4a6a4a6a4a6a4a6a4a6a4a6a4a6a4d
:101bf8004a6a4a6a4a6a4a6a4a4a4209528adefb79
:101c0800ffffffffffff94b33187296631665acb88
:101c1800d6baffffffffffffd69a5b0c39e84a4aa6
:101c28004a494a4a4a494a494a494a494a494a4913
:101c38004a4a4a4a4a4a4a494a494249422952abc7
:101c480029667beff79effffffffffffc639433092
:101c5800441733d81b3623561b361b361b361b56e8
:101c68001b561b361b361b361b361b361b361b36c4
:101c78001b361b3613152355b65ce77edf5edf5e29
:101c8800df5edf5edf3edf3edf3edf3edf3ee75efc
:101c9800e77e6cd913161b361b361b361b361b36d4
:101ca8001b361b361b361b151b151b351b351b1509
:101cb8001b151b151b151b151b7802515b90f77d17
:101cc800e73c528a528a5acb4a4a4a4a4a494a49be
:101cd8004a494a494a494a494a494a494a494a4964
:101ce8004a494a494a494a494a494a494249422984
:101cf8004229422939c75acbe71cffffffffffdf04
:101d08009cd33186422942294229422942494249e3
:101d18004a494a494a494a494a494a494a494a4923
:101d28004249422942294229420942294a49296607
:101d38007bcfffffffffffffffffbdf739c752aba8
:101d48004a6a4a494a4a4a4a4a4a4a4a4a4a4a49cd
:101d58004a4a4a4a4a4a4a6a4a4a4a494a494249c6
:101d680042494a49422939c74a6abdf7ffffffff7e
:101d7800ffffffffffffffffffdf94b331a739e845
:101d88004a494a494a494a494a49424942494249cb
:101d98004a494a494a494a494a49424942494229db
:101da800422942294a494a6a39c7c638ffffffff14
:101db800fffff79e630c4a6a52ab4a6a4a6a4a6a4c
:101dc8004a6a4a6a4a6a4a6a4a6a4a6a4a6a4a6a6b
:101dd8004a6a4a6a4a6a4a4a4a49422939e8ad7609
:101de800fffffffffffff79ead5584109cd3defb7e
:101df800ffffffffffffffffce9a5aec39c74249aa
:101e08004249424942494a494a494a494a494a494a
:101e18004a49424942494249422942294229528b68
:101e280029667beff79effffffffffffc6394310d0
:101e38003bd72bb81b161b361b361b361b361b36df
:101e48001b361b361b361b361b361b361b361b3602
:101e58001b351b1512f52b75df3effffffffffff3c
:101e6800ffffffffffffffffffffffffffffffff7a
:101e7800ffff855a12f513161b361b151b351b154c
:101e88001b151b151b151b151b151b151b151b15ca
:101e98001b151b151b1512f51b78025163b0f77d36
:101ea800e73c528a4a4a52ab4a494a494a494a494e
:101eb8004a494249424942494249424942494249ba
:101ec80042494249424942494249424942294229f2
:101ed800422939e839e89cd3ffffffffffffdefb0b
:101ee8004a8a31a7422942294229422942294229bc
:101ef80042494a4942494a494a494a494249424962
:101f0800422942294229422942084229422929666e
:101f18007bcfffffffffffffffffbdf739c74a6a0f
:101f28004a4942494a494a494a494a494a494a4919
:101f38004a494a494a494a494a494a494249422931
:101f4800422942293a086b6ec618ef7dffffffff52
:101f5800ffffffffffffffffffffef5da5344a6aaa
:101f680042294a494a494249424942294249422961
:101f78004229424942494249424942494229422961
:101f8800422942294a494a4a31a7c638ffffffff7a
:101f9800fffff79e630c4a6a528b4a6a4a6a4a4aaa
:101fa8004a4a4a6a4a6a4a6a4a6a4a6a4a6a4a4ac9
:101fb8004a6a4a4a4a4a4a494249424939e852ab76
:101fc800debbfffffffffffffffff7beffdfffffe7
:101fd800ffffffffffffffffc63952ab31c74229a2
:101fe8004229422942294229424942494249424911
:101ff80042494249422942294229422942084a6a19
:1020080029457bf0f79effffffffffffc6393b1016
:102018002b9623971b151b361b351b151b161b36ba
:102028001b161b161b361b361b351b151b151b15c4
:102038001b151b1512d52b55d71dffffffffffffe3
:10204800ffffffffffffffffffffffffffffffff98
:10205800ffff7d1912d512f51b151b151b151b1536
:102068001b151b151b151b151b151b151af51af52a
:102078001af512f512f512f41b7702515bb0f77dd1
:10208800e73c528a424952ab4a494a494249424985
:1020980042294229422942294229422942294229e0
:1020a80042294229422942294229422942294229d0
:1020b800422939c75aece73dffffffffffdfa514b0
:1020c80029664208420942294229422942294229cd
:1020d80042294229422942294229422942294229a0
:1020e80042294229420942083a08420842292966f7
:1020f8007bcfffffffffffffffffbdf731a74a4977
:10210800422942294229422942494249424942290f
:1021180042294249424942494249422942294229df
:10212800422939e85b0cdefcffffffffffffe73cbd
:102138008410738ebdd7ffdfffffffffffdf9cf327
:10214800422942294229422942294229422942292f
:10215800422942294229422942294229422942291f
:10216800422942084a494a4a39c7c638ffffffff91
:10217800fffff7be630c4249528a4a4a4a4a4a4913
:102188004a494a4a4a4a4a4a4a4a4a4a4a4a4a49a9
:102198004a4a4a494a49424942294229422931a7d9
:1021a8005aecc638ffffffffffffffffffffdefb14
:1021b800ce79ffdfffffffffb5b64a6a31a7422994
:1021c80042294229422942294229422942294229af
:1021d80042294229422942294229420842084a6a98
:1021e800294583eff79effffffffffffce593af027
:1021f8001b5623771b151b151b151b151b151b15ac
:102208001b151b151b151b151b151b151b151b1546
:102218001b151b1512f51af4645684d684d67cd681
:102228007cb67cb67cb67cd67cd67cd67cd684d66e
:1022380084d63b7412f51b151b151af51b151af5d8
:102248001af51b151b151b151af51af512f512f5bb
:1022580012f512f512f512f41b5702305b90f77d58
:10226800e73c528a4228528b424942494229422934
:1022780042294229422942294229422942294229fe
:1022880042294229422942294229422942294229ee
:1022980039e839e8a514ffffffffffffe71c5acb19
:1022a80031a74208420842094209422942294229e3
:1022b80042294229422942294229422942294229be
:1022c800422942084208420839e842084209294698
:1022d8007bcfffffffffffffffffbdf731864229de
:1022e800422942294229422942294229422942298e
:1022f800422942294229422942294229422942297e
:102308003a0839e894b3ffffffffffffef7d6b4dfd
:102318002125294539a79cd3ffdfffffffffe71cd5
:102328005acb39e8422942294229422942294229dd
:10233800422942294229422942294229422942095d
:102348004208420842294a4939c7c638fffffffff9
:10235800fffff7be630c42084a6a4a494a494a499c
:102368004a494a494a494a4942494a494a494a49d5
:102378004a494a49424942294229422942294208ae
:1023880031a742297bf0b596ce59c61894b24a6a4d
:10239800ad76ffffffffffff8c72420839c7422965
:1023a80042294229422942294229422942294229cd
:1023b8004229422942294209420842083a084a6aff
:1023c80029457beff79effffffffffffce5932f055
:1023d800131523771b151b151b151b151b151b1513
:1023e8001b151b151b151b151b151b151b151b1565
:1023f8001b151af51af512f50a930a510a510a51d2
:102408000a510a510a510a510a510a510a510a51ec
:102418000a5112b31af51b151af51af51af51af519
:102428001af51af51b151af51af512f512f512f523
:1024380012f512f512f512d41b5602105b90f77db7
:10244800e73c526a4208528a4229422942294229d3
:10245800422942294229422942294229422942291c
:10246800422942294229422942294209420842086e
:1024780039c7630cef5dfffffffff7be94b3296612
:1024880039e84208420842084208420942294229da
:10249800422942094209420942094229420842089e
:1024a80042084208420839e839e839e83a08294533
:1024b8007bcfffffffffffffffffbdf7318642091c
:1024c80042294229422942294229422942294229ac
:1024d800422942294229422942294229422942299c
:1024e80039e83a08b5b6ffffffffffffce7931a6fe
:1024f800294539a729255acbef7dfffffffff7bef6
:102508006b4d39c74208420942094209420942094a
:1025180042094229422942294229422942094208bc
:102528004208420842294a2931a6c638ffffffff60
:10253800fffff7be630c39e84a4a4a494229424933
:1025480042294229422942294229424942494229eb
:10255800422942294229422942294229420942293b
:1025680039c831a7318639c741e839c721255aeb1f
:10257800e73cfffffffff79e630c39c739e84208c5
:10258800420942294229422942094209420942296b
:10259800422942294209420842083a0839e84a4a87
:1025a80029457beff79effffffffffffce5932cf94
:1025b80012f51b571b151b151b151b1512f51af5c4
:1025c8001af51b151b151b151b151b151b151315ac
:1025d80012f512f512f512f512d412b412b412b49f
:1025e80012b412b412b412d412d412b412b412b473
:1025f80012b412d412f412f512f41af41af51af5e8
:1026080012f51af51af51af512f512f512f512f473
:1026180012f412f412d412d41b3602105b90f77d18
:10262800e73c4a6939e84a6a42294229422942096b
:10263800420942084209420942084209420942093c
:10264800420942094209420842084208420939c877
:102658004208b596ffffffffffffdefb4a493186c0
:1026680039e839e83a08420842084208420842086c
:102678004208420842084208420842084208420802
:102688003a083a0839e839e839e839e839e82125d3
:102698007bcfffffffffffffffffbdf72966420863
:1026a80042294229422942294229422942294229ca
:1026b800422942294209420942094208420842097c
:1026c80039e839e8ad75ffffffffffffef5d5aeb13
:1026d8002945294529458c31f7beffffffffef7dce
:1026e8005aec39c7420842084208420842084208e0
:1026f800420842094209420942094209420842087d
:102708003a083a08422942293186c618ffffffffd6
:10271800fffff7be5aec39c74249422942294229ec
:102728004229422942294229422942294229422949
:10273800422942294229422942294209420842089b
:102748005aec528a39c73186316629665acbd69aed
:10275800ffffffffffffbdd739c731a74208420877
:10276800420842084209420842084208420842090f
:10277800420942094208420839e839e839e84a4931
:1027880021257beff79effffffffffffce7932d0b9
:102798000ad41b361af51af51af512f512f512f5c0
:1027a80012f51af512f512f51af512f512f512f5d9
:1027b80012f512f512f512d412d412d412d412d47e
:1027c8001ad412d41ad41af41af412f412d412d451
:1027d80012d412d412d412d412d412d412f512f57f
:1027e80012f512f512f512f512f512f512f512f4aa
:1027f80012f412d412d412d41b3602305bb0f77d17
:10280800e73c4a6939c74a4a42094208420842082d
:102818004208420842084208420842084208420860
:1028280042084208420842084208420839e831a7eb
:102838006b8ef7beffffffffffdfa514296639e89f
:1028480039e839e839e83a084208420842084208b3
:1028580042084208420842084208420842083a0828
:1028680039e839e839e839e839c839e839e8212553
:102878007bcfffffffffffffffffbdf7296639e8aa
:1028880042294209420942094209422942094209a8
:1028980042094209420842084208420842084208de
:1028a80039e831a77bf0ffffffffffffffffdefbeb
:1028b80094b27bcf9cf4ef7dffffffffffffbdd7f6
:1028c80039e839c742084208420842084208420823
:1028d8003a084208420842084208420842083a08b0
:1028e80039e839e8420842083186c638ffffffff59
:1028f800fffff7be5aeb31a7422942294229422954
:102908004229422942294229422942294229422967
:1029180042294229420942094209420839e839e86c
:10292800b5b7defbad758c7184109cd3e71cffff37
:10293800fffffffff79e630c296639c83a083a087b
:10294800420842084208420842084208420842082f
:10295800420842083a0839e839e839e839e84229aa
:1029680021257beff79effffffffffffce7932d0d7
:102978000ab41b361af51af51af512f512f512f5fe
:1029880012f512f512f512f512f512f512f512f507
:1029980012d512f512f512d412d412d412d412d4bc
:1029a80012d412d412d412d412d412d412d412d4ef
:1029b80012d412d412d412d412d412d412d412d4df
:1029c80012d412f512f512f512f512f512f512d409
:1029d80012d412d412d412d41b3602105b90f77d95
:1029e800e73c4a6931a7424942084208420842087e
:1029f800420839e839e83a083a083a083a0839e81a
:102a080039e839e83a083a0839e839e831a7422973
:102a1800bdf8ffffffffffffe71c528a318639e848
:102a280039e839e839e839e839e83a083a083a0833
:102a38003a083a08420839e839e83a0839e839e8fa
:102a480039e839e839e839e839c739e839c8212592
:102a58007bcfffffffffffffffffbdf7296539c8e9
:102a6800420842084208420842084208420842080e
:102a7800420842084208420842083a084208420806
:102a8800420839c74208b5b6ffffffffffffffff47
:102a9800ffdff7beffffffffffffffffdefc5aec83
:102aa80031a739e839e839e839e839e839e83a083e
:102ab80039e83a0842084208420842083a0839e820
:102ac80039e839e8420842083186c638ffffffff77
:102ad800fffff79e5acb31a74229420942094229f2
:102ae8004229422942294209420942094209420926
:102af80042084208420842084208420839e839c8f0
:102b0800c639ffffffffffdff7bfffdfffffffff54
:102b1800fffff7be8430296631a739e839e839e87c
:102b28003a0842083a0839e83a083a083a083a08a6
:102b38003a0839e839e839e839e839e839c742293b
:102b480021247bcff79effffffffffffce7932cf17
:102b58000ab41b3612d41af41af512f412f412f449
:102b680012f412f412f512f512f512f512f512f428
:102b780012d412d412d412d412d412d412d412d41d
:102b880012d412d412d412d412d412d412d412d40d
:102b980012d412d412d412d412d412d412d412d4fd
:102ba80012d412d412d412d412f412f412d412d4ad
:102bb80012d412d412d412d41b3602105b90f77db3
:102bc800e73c4a6931a7422939e839e839e839e860
:102bd80039e839e839e839e839e839e839e839e8e5
:102be80039e839e839e839e839e839c731875aec3a
:102bf800ef5df7bef7beef7d9492294539c739e8f6
:102c080039e839e839e839e839e839e839e839e8b4
:102c180039e839e839e839e839e839e839e839e8a4
:102c280039e839e839e839c839c739e839c82925c8
:102c38007bcfffffffffffffffffbdf7294539c728
:102c480042083a08420842083a083a083a083a0854
:102c580042083a083a083a0839e839e839e839e8d8
:102c680039e839e83186422894b3e71cffdfffffd3
:102c7800fffffffffffffffff7bebdd75acb31862f
:102c880039e839e839e839e839e839e839e839e834
:102c980039e839e839e839e839e839e839e839e824
:102ca80039e839e8420839e83186c638ffffffffbe
:102cb800fffff79e5acb31a7420942094209420950
:102cc80042094209420942094208420842084208a8
:102cd8003a083a083a083a0839e83a0839c831c788
:102ce800b5b7ffdfffffffffffffffffffffffdfbe
:102cf800d69a738e318631a739e839e839e839e848
:102d080039e839e839e839e839e839e839e839e8b3
:102d180039e839e839e839e839e839c839c74209ba
:102d280021047bcff79effffffffffffce5932cf75
:102d38000ab41b1612d412d412f412d412d412d418
:102d480012d412d412f412f412f412d412d412d4eb
:102d580012d412d412d412d412d412d412d412d43b
:102d680012d412d412d412d412d412d412d412d42b
:102d780012d412d412d412d412d412d412d412d41b
:102d880012d412d412d412d412d412d412d412d40b
:102d980012d412d412d412b41b3602105bb0f77dd1
:102da800e73c4a6a3186422939e839e839e839e89e
:102db80039e839e839e839e839e839e839e839e803
:102dc80039e839e839e839e839e839e839c74208eb
:102dd800630c630c630c5aeb39c731a739c739c781
:102de80039c839c839e839e839e839e839e839e813
:102df80039e839e839e839e839e839c839c839c823
:102e080039e839c839c739c739c739e839c8212530
:102e18007bcfffffffffffffffffbdd7294539c766
:102e28003a083a0839e839e839e839e839e839e850
:102e380039e839e839e839e839e839e839e839e882
:102e480039e839e839c731862966528a8430ad7540
:102e5800c618c638bdf79cf3632d31a7296639c754
:102e680039e839e839e839e839e839e839e839e852
:102e780039e839e839e839e839e839e839e839e842
:102e880039e839c839e839c83186c638ffffffff45
:102e9800fffff79e5acb3186420842084208420893
:102ea800420842084208420842083a083a0839e803
:102eb80039e839e839e839e839e839e839e831a74b
:102ec8004a698410b596ce59ce59c618ad557befd0
:102ed8004208294531a739e839e839e839e839e8b5
:102ee80039e839e839e839e839e839e839e839e8d2
:102ef80039e839e839e839c839c739c739c742091b
:102f080021047bcff79effffffffffffce7932d072
:102f180002b41b1612d412d412d412d412d412d45e
:102f280012d412d412d412d412d412d412d412d469
:102f380012d412d412d412d412d412d412d412d459
:102f480012d412d412d412d412d412d412d412d449
:102f580012d412d412d412d412d412d412d412d439
:102f680012d412d412d412d412d412d412d412d429
:102f780012d412d412d412d4131602105bb0f77df7
:102f8800e73c4a693186422939e839e839e839e8bd
:102f980039e839e839e839e839c839e839e839c861
:102fa80039c739c839e839c739c739c739c731a71f
:102fb8002966294529452945318639c739c739c779
:102fc80039c739c739c739c739c739c739e839c8d7
:102fd80039c739c739c739c739c739c739c739c7e9
:102fe80039c739c739c739c731a739c739c72104dc
:102ff80073aeffffffffffffffffbdd7212531a7fe
:1030080039e839e839e839e839e839e839e839e8b0
:1030180039e839e839e839e839e839e839e839e8a0
:1030280039c839c739c739c731a729662945296633
:10303800318631a731a62966296531a739c739c82c
:1030480039c839c739c739c839c739c739c839c874
:1030580039c739c739c839c839c739c839c839c863
:1030680039c839c739e831a72965c638ffffffffd6
:10307800fffff79e5acb31664208420842084208d1
:103088003a083a083a0839e839e839e839e839e8cd
:1030980039e839e839e839e839e839e839e839e820
:1030a80031862945296639c739c731a7296629458f
:1030b800318631a739c839c839c839e839e839e813
:1030c80039e839e839e839e839e839e839e839e8f0
:1030d80039e839c839c739c739c739c731c7420884
:1030e80021047beff79effffffffffffce7932d071
:1030f8000294131512d412d412d412d412d412d4a6
:1031080012d412d412d412d412b412b412b412b407
:1031180012b412b412b412b412b412b412b412b477
:1031280012d412d412d412d412d412d412b412b4a7
:1031380012b412b412b412b412b412b412b412b457
:1031480012b412b412d412d412d412d412d412b4a7
:1031580012b412b412b412b4131602105b90f77db5
:10316800ef5d4a4921254a4939e839e839e839c83b
:1031780039c739c739c739c739c739c739c739c747
:1031880039c739c739c739c739c739c739c731c73f
:1031980031a731a731a731a731a739c731a731a73f
:1031a80039c739c739c739c739c739c739c739c717
:1031b80039c739c739c739c739c739c739c739c707
:1031c80031c731a731a731a731c739e8318710a2f4
:1031d8007bcfffffffffffffffffbdd720e4318656
:1031e800420939e839e839e839e839e839e839c8c5
:1031f80039e839c839c839c839e839c839c839c87f
:1032080039c739c739c739c739c739c731a731a706
:1032180031a631a731a739c739c739e839e839c8dc
:1032280039c839c739c739c739c739c739c739c795
:1032380039c739c739c739c739c739c739c739c786
:1032480039c739c7420829652945c638ffffffff36
:10325800fffff79e5acb2125420842083a083a0850
:103268003a0839e839e839e839e839e839e839e82d
:1032780039e839e839e839c839c839e839c839c7bf
:1032880039c731a731a7318631a731a731a731c74f
:1032980039c739c839c839c739c739c839c839c821
:1032a80039c839e839c839e839e839e839c839c88e
:1032b80039c839c739c739c739c731c739c739e8ec
:1032c80018a37beff79effffffffffffce592a8e63
:1032d8000273131612d412d412b412b412b412b464
:1032e80012d412d412d412b412b412b312b412b348
:1032f80012b312b412b412b412b412b412b412b497
:1033080012b412b412b412b412b412b412b412b485
:1033180012b412b412b412b412b412b412b412b475
:1033280012b412b412b412b412b412b412b412b465
:1033380012b412b412b412d4131601ce5b8ff79dd7
:10334800f79e630c084131a7420942084208420827
:103358004208420842084208420842084208420815
:10336800420842084208420842084208420839e82e
:10337800420841e839e839e839e839e839e839e80c
:1033880039e839e841e8420841e839e842084208a2
:1033980042084208420841e839e8420839e839e871
:1033a80039e839e839e839e839e839c718c3108203
:1033b8009cf3ffffffffffffffffce79294518c3ee
:1033c80039e8422942294229422942294229420808
:1033d8004208420842084208420942084208420894
:1033e8004208420842084208420842084208420885
:1033f8004208422942094208422942084208420832
:103408004208420842084208420842084208420864
:10341800420842084208420841e842084208420875
:1034280039e839e831a7108239c7d6baffffffff5c
:10343800ffffffff73ae108231664208422942291e
:10344800422942294229422942294229422942291c
:103458004209420942084208420942084208420811
:103468004208420842084209420942084209420801
:1034780042084208420842084208420842084208f4
:1034880042084209420842094208420842084208e2
:103498004208420842084208420839e839e8292522
:1034a800086294b2ffdfffffffffffffdeda328d15
:1034b80001ce12f513161336133613571357135735
:1034c8001357135713571357133713361336133627
:1034d800133613361336133613361336135713367b
:1034e800133613561357135713361336133613362a
:1034f800133613361336133613361336133613367c
:10350800133613361336133613361336133613366b
:1035180013361316131613160a93014b7432ffdf72
:10352800ffffad5518e30862210421252125212537
:10353800212521252125292521252125212521254b
:103548002125212521252125212521252125212543
:103558002125212521242124212421242124212538
:103568002125212421252125212521252125212524
:103578002124212521252124212421242124212419
:103588002125212521242124212418c3084142086a
:10359800d6baffffffffffffffffef7d6b4d08412e
:1035a80010a3212529452945294529452945294586
:1035b80029252925212521252925292529252925a3
:1035c80021252125212521252125212521252125c3
:1035d800212529452945292529252925212521254b
:1035e8002125212521252125292529252945294543
:1035f800212521252125212521252125292521258b
:103608002125210410a208617befef7dffffffff5a
:10361800ffffffffb59621041082210429452945a3
:103628002945294529452945292529452945294542
:1036380029452945212521252945294529252925a2
:1036480021252125212529452945292529252925da
:103658002125212521252125212521252125212532
:1036680029252945292521252925212521252125e2
:1036780021252125212529252125212518e3084152
:103688002965c618fffffffffffffffff7be73f1b5
:10369800014a01cf0a720a930ab30ab30ab40ab4f8
:1036a8000ab30ab30ab30ab30ab30ab30ab30ab32a
:1036b8000ab30ab30a930ab30ab30a930a930ab37a
:1036c8000ab30a930ab30ab30ab30a930ab30a926b
:1036d8000a920a920a930a930a930a920a920a93fe
:1036e8000ab30a920a920a920a920a920ab30ab38f
:1036f8000a930a920a720a30014c21ebb5d7fffff0
:10370800ffffe73c8c5121240861086108610861ca
:1037180008610861086108610861084108410841b9
:1037280008410841084108410841086108610861e9
:103738000861086108610861086108610861086139
:103748000861086108610861086108610861086129
:103758000861086108610841084108410861086179
:1037680008610861086108610861108239e7ad5590
:10377800f79efffffffffffffffff7bece5952aadc
:1037880018c3086108610861086108610861086177
:1037980008610861086108410861086108610861f9
:1037a80008610861086108610861086108610861c9
:1037b80008610861086108610861086108610861b9
:1037c80008610861086108610861086108610861a9
:1037d8000861086108610861086108610861086199
:1037e8000861086210c35acbce79f7beffffffff0e
:1037f800ffffffdfef5d84302124108210821082ea
:10380800108208820861086108610861086108611e
:103818000861086108610861086108610861086158
:103828000861086108610861086108610861086148
:103838000861086108610861086108610861086138
:103848000861086108610861086108610861086128
:103858000861084108410861086108610862294552
:103868009492e73dffffffffffffffffffdfd69ac0
:103878005b6f0969014a016a014a016a016a016bc1
:10388800016a016a016a016a016a016a016a014af8
:10389800016a014a014a014a014a014a014a014aa8
:1038a800014a014a014a014a014a014a014a014ab8
:1038b800014a014a014a014a014a014a014a014aa8
:1038c800014a014a014a014a014a014a014a014a98
:1038d800014a014a014a014a19eb8c93ef3cffff68
:1038e800fffff7bedefba5346b4d5acb5acb5aeb24
:1038f8005aeb5aeb5aeb5aeb5aeb5aeb5aeb5aeb98
:103908005aeb5aeb5aeb5aeb5aeb5aeb5aeb5aeb87
:103918005aeb630b630b630b5aeb5aeb5aeb5b0bdb
:10392800630b5b0b630c630c630c630c630c630b22
:103938005aeb5aeb5aeb5aeb5aeb5aeb630c630c03
:103948005b0b630c630c630c632c7befbdd7e73c0c
:10395800f79effffffffffffffffffdfef7dce7941
:103968009492632c5aeb630b630c630c5aeb5aeb7f
:103978005aeb5aeb630b5aeb5aeb5aeb5aeb630bc5
:103988005aeb5aeb5aeb62eb630c630c5aeb630c81
:10399800630c630c630c630c630c630c630c630ca7
:1039a800630c630c630c630c630c630c630c630c97
:1039b800630c630c630c630c630c630c630c630c87
:1039c8005aeb6b4d9492ce59ef5dffdfffffffff7f
:1039d800fffffffff79ededba514738e5aeb630b28
:1039e800630c630c5b0b630c630c630c630c630c60
:1039f800630c630c5aeb5aeb5aeb5aeb5aeb5aeb43
:103a08005aeb5aeb5aeb5aeb5aeb5aeb5aeb5aeb86
:103a18005aeb5aeb5aeb5aeb5aeb5aeb5aeb5aeb76
:103a2800630c630c630c630c5aeb5aeb5aeb5aebbe
:103a38005aeb5aeb5aeb5acb5acb5aeb73aead75dd
:103a4800dedbf79effffffffffffffffffdfef7dde
:103a5800ce798c72632d5aec5aec5aec5b0c5aec0a
:103a68005aeb5aec5aec5aec5b0c5b0c5aec5aecdd
:103a78005b0c5b0c5b0c5b0c5b0c5aec5aec5b0c48
:103a88005aec5aec5aec5b0c5aec5aec5b0c5b0c9b
:103a98005b0c5b0c5aec5aeb5aec5b0c5b0c5b0c4a
:103aa8005b0c5b0c5b0c5b0c5b0c5b0c5b0c5b0cd6
:103ab8005b0c5aec5b2d7bf0ad76dedbf79effffef
:103ac800ffffffdff79ee73cd6bace79ce59ce7915
:103ad800ce79d679ce79ce79d69ad679ce79ce796d
:103ae800ce79ce79d679d69ad69ad69ad69ad679e2
:103af800d679d69ad69ad69ad69ad69ad69ad69a5f
:103b0800d69ad69ad69ad69ad6bad69ad69ad69a0d
:103b1800d69ad69ad69ad69ad69ad6bad6bad6babd
:103b2800d69ad69ad6bad6bad6badefbef5df7be23
:103b3800fffffffffffffffffffffffff7beef7d68
:103b4800e6fbd69ace79ce79ce79ce79d69ad69a20
:103b5800d69ad69ad69ad69ad69ad69ad69ad69add
:103b6800d69ad69ad69ad69ad69ad69ad69ad69acd
:103b7800d69ad69ad69ad69ad69ad69ad69ad69abd
:103b8800d69ad69ad69ad69ad69ad69ad69ad69aad
:103b9800d69ad69ad69ad69ad69ad69ad69ad69a9d
:103ba800d69ad6bae71cef7dffdfffffffffffffc6
:103bb800ffffffffffdfef7de71cd6bace79ce7996
:103bc800ce79d67ad69ad69ad69ad6bad6bad6ba56
:103bd800d69ad69ad69ad69ad69ad679d69ad69a7e
:103be800d69ad69ad69ace79ce79d69ad69ad69a9f
:103bf800d679d679d69ad69ad69ad69ad69ad69a7f
:103c0800d69ad69ad6bad69ad69ad69ad69ad6792d
:103c1800d67ad69ad69ad69ace79d69adefbe73c49
:103c2800f79effdfffffffffffffffffffffffdf45
:103c3800ef5ddefbd699ce58ce38ce58ce58ce386a
:103c4800ce38ce38ce38ce38ce58ce58ce38ce38fc
:103c5800ce59ce59ce58ce59ce59ce58ce59ce5926
:103c6800ce59ce59ce59ce59ce59ce59ce59ce5914
:103c7800ce59ce58ce58ce58ce59ce59ce59ce5907
:103c8800ce59ce59ce59ce79ce79ce59ce59ce59b4
:103c9800ce59ce59d699dedbe73cf79effdfffff12
:103ca800ffffffffffffffdff7bef79ef77df79ee1
:103cb800f79ef79ef79ef79ef79ef79ef79ef79e54
:103cc800f79ef79ef79ef79ef79ef79ef79ef79e44
:103cd800f79ef79ef79ef79ef79ef79ef79ef79e34
:103ce800f79ef79ef79ef79ef79ef79ef79ef79e24
:103cf800f79ef79ef79ef79ef79ef79ef79ef79e14
:103d0800f79ef79ef79ef79ef79ef7beffdfffff31
:103d1800ffffffffffffffffffffffffffffffdfcb
:103d2800f7bef79eef7def7df79ef79ef79ef79e15
:103d3800f79ef79ef79ef79ef79ef79ef79ef79ed3
:103d4800f79ef79ef79ef79ef79ef79ef79ef79ec3
:103d5800f79ef79ef79ef79ef79ef79ef79ef79eb3
:103d6800f79ef79ef79ef79ef79ef79ef79ef79ea3
:103d7800f79ef79ef79ef79ef79ef79ef79ef79e93
:103d8800f79ef7bef7beffdfffffffffffffffff56
:103d9800ffffffffffffffdff7bef79ef79ef79ecf
:103da800f79ef79ef79ef79ef79ef79ef79ef79e63
:103db800f79ef79ef79ef79ef79ef79ef79ef79e53
:103dc800f79ef79ef79ef79ef79ef79ef79ef79e43
:103dd800f79ef79ef79ef79ef79ef79ef79ef79e33
:103de800f79ef79ef79ef79ef79ef79ef79ef79e23
:103df800f79ef79ef79ef79ef79ef79ef7beffdfaa
:103e0800ffffffffffffffffffffffffffffffffba
:103e1800ffdff7bef79eef7def7def7def7def7d56
:103e2800ef7def7def7def7def7def7def7def7d2a
:103e3800ef7def9def9ef79ef79eef9def7df79d3f
:103e4800f79df79df79ef79def7def7def7def7d69
:103e5800ef7def7def7def7def7df77df79ef79da1
:103e6800f79df79df79df79df79eef7def7def7d21
:103e7800ef7def7df79ef7beffdfffffffffffff40
:103e8800ffffffffffffffffffffffffffffffff3a
:103e9800ffffffffffffffffffffffffffffffff2a
:103ea800ffffffffffffffffffffffffffffffff1a
:103eb800ffffffffffffffffffffffffffffffff0a
:103ec800fffffffffffffffffffffffffffffffffa
:103ed800ffffffffffffffffffffffffffffffffea
:103ee800ffffffffffffffffffffffffffffffffda
:103ef800ffffffffffffffffffffffffffffffffca
:103f0800ffffffffffffffffffffffffffffffffb9
:103f1800ffffffffffffffffffffffffffffffffa9
:103f2800ffffffffffffffffffffffffffffffff99
:103f3800ffffffffffffffffffffffffffffffff89
:103f4800ffffffffffffffffffffffffffffffff79
:103f5800ffffffffffffffffffffffffffffffff69
:103f6800ffffffffffffffffffffffffffffffff59
:103f7800ffffffffffffffffffffffffffffffff49
:103f8800ffffffffffffffffffffffffffffffff39
:103f9800ffffffffffffffffffffffffffffffff29
:103fa800ffffffffffffffffffffffffffffffff19
:103fb800ffffffffffffffffffffffffffffffff09
:103fc800fffffffffffffffffffffffffffffffff9
:103fd800ffffffffffffffffffffffffffffffffe9
:103fe800ffffffffffffffffffffffffffffffffd9
:103ff800ffffffffffffffffffffffffffffffffc9
:10400800ffffffffffffffffffffffffffffffffb8
:10401800ffffffffffffffffffffffffffffffffa8
:10402800ffffffffffffffffffffffffffffffff98
:10403800ffffffffffffffffffffffffffffffff88
:10404800ffffffffffffffffffffffffffffffff78
:10405800ffffffffffffffffffffffffffffffff68
:10406800ffffffffffffffffffffffffffffffff58
:10407800ffffffffffffffffffffffffffffffff48
:10408800ffffffffffffffffffffffffffffffff38
:10409800ffffffffffffffffffffffffffffffff28
:1040a800ffffffffffffffffffffffffffffffff18
:1040b800ffffffffffffffffffffffffffffffff08
:1040c800fffffffffffffffffffffffffffffffff8
:1040d800ffffffffffffffffffffffffffffffffe8
:1040e800ffffffffffffffffffffffffffffffffd8
:1040f800ffffffffffffffffffffffffffffffffc8
:10410800ffffffffffffffffffffffffffffffffb7
:10411800ffffffffffffffffffffffffffffffffa7
:10412800ffffffffffffffffffffffffffffffff97
:10413800ffffffffffffffffffffffffffffffff87
:10414800ffffffffffffffffffffffffffffffff77
:10415800ffffffffffffffffffffffffffffffff67
:10416800ffffffffffffffffffffffffffffffff57
:10417800ffffffffffffffffffffffffffffffff47
:10418800ffffffffffffffffffffffffffffffff37
:10419800ffffffffffffffffffffffffffffffff27
:1041a800ffffffffffffffffffffffffffffffff17
:1041b800ffffffffffffffffffffffffffffffff07
:1041c800fffffffffffffffffffffffffffffffff7
:1041d800ffffffffffffffffffffffffffffffffe7
:1041e800ffffffffffffffffffffffffffffffffd7
:1041f800ffffffffffffffffffffffffffffffffc7
:10420800ffffffffffffffffffffffffffffffffb6
:10421800ffffffffffffffffffffffffffffffffa6
:10422800ffffffffffffffffffffffffffffffff96
:10423800ffffffffffffffffffffffffffffffff86
:10424800fffffffff7beb5968c5184308c51843048
:104258008430843084308431843084308c518c5163
:1042680084308430843084308430843084308430a6
:104278008430843084308430843084308430843096
:104288008430843084108410841084108430841026
:104298008410841084108410841084108410841076
:1042a800843084107bef84108430ad55ef5dffffc0
:1042b800ffffffffffffffffffffffffffffef7d98
:1042c800ad768c51843084308430843084308410ce
:1042d80084308410841084308430841084108430b6
:1042e8008430843084308430841084308430843046
:1042f8008430843084308410843084308430843036
:1043080084318430841084108410841084108430a4
:104318008410841084308430841084308431843054
:1043280084308c71bdf7ffdfffffffffffffffff4a
:10433800ffffffffffffffffce5994b28c518c5156
:104348008c5184308431843084308430843084309b
:1043580084308430843084108410843084308430f5
:1043680084308430841084308430841084308430e5
:104378008430843084308430843084308430843095
:104388008410841084108410843084308430841025
:104398008430843084318c318c318c31a514e73ce5
:1043a800ffffffffffffffffffffffffffffffff15
:1043b800f79ead977c5374537c747c747c737c94a7
:1043c8007c947c737c737c737c737c737c737c734c
:1043d800745374537c737c7374737c737c737c53d5
:1043e80074737c73745374537c737c737c737c73a5
:1043f8007c737c737c737c737c5374527c537c53c6
:10440800745274527c537c737c737c53745374530e
:1044180074537c737c7394f5dedbffffffffffffb3
:10442800ffffef5d841052aa738e73af73af73af43
:1044380073ae73af73af7bcf7bcf7bcf7bcf7bcf9d
:104448007bcf7baf7baf7baf73ae738e738e738e78
:104458006b6e6b4d6b4d6b2d632c632c630c5aeca0
:104468005aec5acc5aab52ab52ab52ab528a528a24
:10447800528a528a528a528a528a526a526a526ab4
:10448800526a4a6a4a6a4a49422939e85aebce5975
:10449800ffffffffffffffffffffffffe71c738e1c
:1044a8006b4d738e738e73ae738e738e738e738e25
:1044b800738e738e738e736e6b6d6b6d6b4d6b4df0
:1044c8006b6d6b6d632d630c630c630c630c630c79
:1044d800630c5aec5aec5aeb5acb5acb5acb5acb00
:1044e8005aab5aab52ab52ab52ab52ab52ab528aed
:1044f80052ab52ab528a528a528a528a526a528ab2
:10450800528a422939e88430f79efffffffffffff8
:10451800ffffffffffffa514632c7baf7bcf73afbb
:104528007bcf7bcf7bcf7bcf7baf73af73af73aecc
:1045380073ae738e738e738e738e738e736e6b6e93
:104548006b4d6b4d6b2d632d632d632d630c630ccd
:10455800630c62ec5acb5acb5acc5acb5acb5acbb7
:104568005acb52ab5aab52ab52ab52ab52ab52ab2b
:10457800528a528a528a526a526a4a6a39e8526a96
:10458800c638ffffffffffffffffffffffffef5de5
:104598006c3243725c7764975c765c76647664769a
:1045a800647664765c765c565c765c565c565456eb
:1045b8005c565c56545654565456543654365436f3
:1045c80054364c364c364c164bf643f543f643f608
:1045d80043f543f643d63bd53bd53bd53bb53bb539
:1045e8003bb53bb53bd53bd633b533952b742b75d3
:1045f800235423341b141ab22aafadb7ffffffffb1
:10460800ffdf9cf4528a84316b4d630d630d630c9c
:10461800630c630c630c630c630d630c5aec5aec6b
:104628005aec5aec5aec630c62ec5aec62ec5b0cf8
:104638005aec5aec5aec5aec5acb5acc5acc5acbc4
:104648005acb5acb5acb5aab5acb5aab52ab52abca
:1046580052ab52ab52ab52ab52ab528b52ab528baa
:10466800528b528b52ab528a528a4a4a31a7528a8b
:10467800e73cfffffffffffffffff7be7bf06b4d3f
:104688007bf0632d5aec630c5aec5aec630c630c08
:104698005aec5aec5aec5aec5aec5aec5aec5aece2
:1046a8005aec5aec5aec5acc5acc5acb5acb5acb75
:1046b8005acb5acb5acb5acb5acb5acb5acb5acbca
:1046c80052ab5acb5acb52ab52ab5aab52ab52aba2
:1046d80052ab52ab52ab52ab52ab52ab52ab52abea
:1046e80052ab52ab4a4931869cf3ffdfffffffff15
:1046f800ffffffffbdd75aeb8430738e630c5aec73
:10470800630c630c630c630c630c630c62ec630c4a
:104718005aec5aec5aec62ec5aec5aec5aec5aec59
:104728005aec5aec5aec5acc5aec5aec5acb5acbb3
:104738005acc5acc5acb5acb5acc5acb5acb5acb46
:104748005acb52cb5acb5aab52ab52ab52ab52ab01
:1047580052ab52ab52ab528b528b52ab528a39a7e7
:1047680052abdefbffffffffffffffffffff84d51c
:1047780043b354b9443933d733d833d733d833d77d
:1047880033d733d733d733d733d833d733b733d7f0
:1047980033d833d833d733d733d733d733d733d8be
:1047a80033d72bd733d733d72bb72bb72bb82bb758
:1047b8002bb72bb72bb72bb72bb72bb82bb72b9700
:1047c8002bb72bb82bb72bb82b9723972397239767
:1047d80023772376237623770ab42ad0c659ffff96
:1047e800ef5d6b4d73ae7bf052ab52cb52ab52ab1d
:1047f80052ab52ab52ab52ab52ab52ab52ab528be9
:10480800528b528b528b52ab52ab52ab52ab52ab18
:1048180052ab52ab52ab52ab528a4a6a4a6a4a6aa4
:104828004a6a528b52ab52ab52ab52ab52ab52ab01
:1048380052ab52ab52ab528b528b528b528b528b28
:10484800528b528b528b528a528a52aa422929661b
:10485800a514ffffffffffffffffdedb52aa841056
:104868005b0c528b52ab52ab52ab52ab52ab52ab0e
:10487800528b528b528b52ab52ab52ab52ab52aba8
:1048880052ab52ab52ab52ab528a4a6a4a6a4a6a34
:104898004a6a528a528a4a6a528a528a528a52ab5f
:1048a80052ab52ab52ab52ab52ab52ab52ab52ab18
:1048b80052ab52ab52ab52ab52ab52ab52ab52ab08
:1048c80052ab52ab5acb39c84a49e73cffffffff0e
:1048d800ffffffff73ae632d738e52ab528b52ab4b
:1048e80052ab52ab52ab52ab52ab52ab52ab52abd8
:1048f80052ab52ab52ab52ab52ab52ab52ab52abc8
:1049080052ab52ab52ab52ab528a4a6a4a4a4a49f4
:104918004a4a4a6a528a52ab52ab52ab52ab52ab7a
:1049280052ab52ab52ab52ab52ab52ab52ab52ab97
:1049380052ab52ab52ab528b528b528a52ab528b08
:104948002946a535ffffffffffffffffe71c5bd2ee
:104958005cb8447a1b56237723772377237723770a
:10496800237723772377237723772377237723776f
:104978002377237723762376237623762376237665
:104988002376237623762377237723972397237712
:10499800237723772377237723772377237723773f
:1049a8002377237723772377237723772376237631
:1049b80023762356235623762398020f7c52ffde54
:1049c800e71c630c84106b8e528b52ab52ab52ab0c
:1049d80052ab52ab52ab52ab52ab52ab52ab52abe7
:1049e80052ab52ab52ab52ab52ab52ab52ab52abd7
:1049f80052ab52ab52ab528a5acb632d632d6b4ddf
:104a0800632d52ab52ab52ab52ab52ab52ab52ab23
:104a180052ab52ab52ab528b528b528b528a528a48
:104a2800528a528a528a528a4a6a528a4a6a318712
:104a38008430ffffffffffffffffce59528a7bd074
:104a4800528b528b52ab52ab52ab52ab52ab52abb6
:104a580052ab52ab52ab52ab52ab52ab52ab52ab66
:104a680052ab52ab52ab52ab5aec630c630c630cb7
:104a7800630c630c630c630c632d632d5aec528b2f
:104a880052ab52ab52ab52ab528b528b52ab52ab76
:104a980052ab52ab52ab52ab528b528b528b528aa7
:104aa800528b528b52ab4a4a31a7d6baffffffff4f
:104ab800ffffffdf632c6b6e632d528b52ab52ab43
:104ac80052ab52ab52ab52ab52ab52ab52ab52abf6
:104ad80052ab52ab52ab52ab52ab52ab52ab52abe6
:104ae80052ab52ab4a6a4a6a5acc738e84318c51a3
:104af8008411738e5b0c52ab52ab52ab52ab52abc0
:104b080052ab52ab52ab52ab52ab52ab52ab52abb5
:104b180052ab528b528b528b528a528a528a5acb40
:104b280029668c71f7beffffffffffffce9a53d2b5
:104b380064d93c191b362397237723772377237768
:104b4800237723772377237723772377237723778d
:104b58002376237623762376237623762376237685
:104b680023761b561b361b361b5623772397237732
:104b7800237723772377237723772377237723775d
:104b88002377237723772376237623762376235672
:104b9800235623562356235623b8025163b1f79d53
:104ba800e71c630c7bef6b8e528a52ab52ab52ab55
:104bb80052ab52ab52ab52ab52ab52ab52ab52ab05
:104bc80052ab52ab52ab52ab52ab52ab52ab52abf5
:104bd80052ab52ab4a6a52cbb5b6ef3de73cef7ddc
:104be800df1c8c51422952ab52ab52ab52ab528ba9
:104bf800528b528b528b528b528a528a528a528ac9
:104c0800528a4a8a4a6a4a6a4a6a4a6a4a6a31a790
:104c18008410ffffffffffffffffc6184a6a73af4c
:104c280052ab528a52ab52ab52ab52ab52ab52abb5
:104c380052ab52ab52ab52ab52ab52ab52ab52ab84
:104c480052ab528b4a6a632dce59e71ce71ce71c0e
:104c5800e71ce71ce71ce71ce71ce73cad764a6a43
:104c68004a8a52ab528b528b528b528b528b528b3d
:104c7800528b528b528b528b528b528a528a528a47
:104c8800528a528a52ab4a6a39a7ce79ffffffff90
:104c9800fffff7be630c6b6d632d52ab52ab52ab8b
:104ca80052ab52ab52ab52ab52ab52ab52ab52ab14
:104cb80052ab52ab52ab52ab52ab52ab52ab52ab04
:104cc80052ab4a4a5acb9cd3d6baef7df79ef7be71
:104cd800f79eef7ddefb8c514a6a528a52ab528bab
:104ce800528b528b528b528b528b528b528b528bd4
:104cf800528b528b528a528a4a8a4a8a4a6a52abe1
:104d080029668c51f7beffffffffffffc65953d23c
:104d180064d93c191b562397237723772377237766
:104d280023762377237723772377237723772376ad
:104d380023762376237623762376237623562356e3
:104d4800235633d74418441833d723772377237748
:104d5800237723772377237723772377237723777b
:104d680023562356237623762376237623762356d3
:104d78002356235623561b5623b8027163d1f79d39
:104d8800e71c5aeb7bef6b6e528a52ab52ab52abbd
:104d980052ab52ab52ab52ab52ab52ab52ab52ab23
:104da800528b52ab52ab52ab52ab52ab52ab52ab33
:104db80052ab4a6a4a4994b2ffdfffffffffffff89
:104dc800ffdf94b339e8528a528a528b528a528a48
:104dd800528a528b528b528a528a528a4a8a4a8af9
:104de8004a8a4a6a4a6a4a6a4a6a4a6a4a6a3187f7
:104df8007befffffffffffffffffbdf74a6973afc0
:104e0800528b4a8a528b528b52ab52ab528b528b7b
:104e1800528b528b528b528b528b52ab52ab52ab42
:104e2800528b528b4a4a738ef7beffffffffffff7c
:104e3800ffffffffffffffffffffffffc6384a4ae4
:104e48004a6a528b528a528a4a8a528a528b528ba7
:104e5800528a528a528a528a528a528a4a8a4a8a7a
:104e6800528a528a52ab528a39c7ce59ffffffff86
:104e7800fffff79e5aec6b4d632d52ab528b528b52
:104e8800528b52ab52ab52ab52ab52ab52ab52ab52
:104e980052ab52ab52ab52ab528b528b52ab52ab62
:104ea8004a49632dc639f7beffffffffffffffff2b
:104eb800ffffffffffff9cf44a494a6a52ab528a40
:104ec800528b528b528a528b528b528b528b528bf3
:104ed800528a528a4a8a4a8a4a8a4a6a4a6a52ab31
:104ee80031868430f7beffffffffffffc63953b19d
:104ef8005cd93c191b56239723772377237723778d
:104f080023772377237623762376237723772377cc
:104f180023762376237623762356235623561b3669
:104f28002376a63cef9fef9fae5c33d713362397cb
:104f380023772376237723772376237623562356de
:104f48002356235623562356237623762356235651
:104f58002356235623561b5623b8025163b0f77db8
:104f6800e71c5acb73af6b6e4a8a52ab528b52ab6b
:104f780052ab52ab52ab52ab52ab52ab52ab528b61
:104f8800528b528b528b528b528b528b528b52ab11
:104f9800528b4a49738ee75dffffffffffffffff5c
:104fa800f7be949239e8528a4a8a4a8a4a8a4a8ad1
:104fb8004a8a528a528a528a528a4a8a4a6a4a6a69
:104fc8004a6a4a6a4a6a4a6a4a4a4a6a4a6a318755
:104fd8007befffffffffffffffffbdf74a49738e1f
:104fe800528a4a6a528a528a528a528b528b528bfe
:104ff800528b528b528b528b528b528a528a528bc3
:10500800528a4a6a4a497bcfffbeffffffffffff74
:10501800ffffffffffffffffffffffffbdf74a494d
:105028004a4a528a4a8a4a6a4a6a4a6a4a8a528a68
:105038004a6a4a6a4a8a4a8a4a8a4a8a4a8a4a8a08
:105048004a6a4a6a52ab528b39c7ce59fffffffff3
:10505800fffff79e5aeb632c630c528b528b528bdb
:10506800528b528b52ab52ab52ab52ab52ab528bb0
:10507800528b528b528b528b528b528a528b4a498b
:105088005b0cd67affffffffffffffffe71cce791f
:10509800d6baf79effff8c9242294a4a528a4a8a18
:1050a8004a8a528a528a528a528a528a528a528a20
:1050b800528a4a8a4a6a4a6a4a6a4a6a4a6a52abb7
:1050c80029668430f79effffffffffffc639539123
:1050d8005cb83c191b5623772377237723762377ed
:1050e80023772376237623762376237623762376ef
:1050f8002376237623762376235623562376133670
:105108002376c6bdffffffffcebc33b61336239709
:1051180023772377237623762376235623561b5625
:105128001b561b561b5623562356235623562356c7
:105138001b561b561b561b3623b802715bb0f77df6
:10514800e71c5acb738e634d4a8a528b528a528a15
:10515800528a528b528b528b528b528b528b528a61
:10516800528a528a528a528a528a528a528a528b56
:105178004a4a5accce59ffffffffffffffffffff50
:10518800f7be949239e84a6a4a6a4a6a4a6a4a6a97
:105198004a8a4a8a4a8a4a8a4a6a4a6a4a6a4a6ae7
:1051a8004a6a4a6a4a6a4a4a4a494a6a4a6a31a774
:1051b8007befffffffffffffffffbdf74a496b6e65
:1051c8004a8a4a6a4a8a528a528a528a528a528a2f
:1051d800528b528a528a528a528a528a4a8a528aee
:1051e8004a8a4a6a42298410ffffffffffffce79ef
:1051f800843184108431843184318c516b6e4a4af5
:105208004a6a4a6a4a6a4a6a4a6a4a6a4a6a4a6af6
:105218004a6a4a6a4a6a4a6a4a6a4a6a4a6a4a6ae6
:105228004a6a4a6a528a528b39c7c638ffffffff5b
:10523800fffff79e630c632c630c528a4a8a4a8ae2
:10524800528a528a528b528b528b528b528b528a71
:10525800528a528b528b528b528a528a4a6a4a4ad3
:10526800b5b7ffffffffffffdefc84104a49420885
:105278004a49632d8c72632d4a4a4a6a4a6a4a6ac5
:105288004a6a4a6a4a8a528a4a8a528a4a8a4a8aa6
:105298004a6a4a6a4a6a4a6a4a6a4a6a4a4a52ab3d
:1052a80029668410f79effffffffffffc639539161
:1052b8005c9833f81b362376237623762376237679
:1052c800237623762376237623762376237623760e
:1052d800235623562356235623562356235613362e
:1052e8002355be7cffffffffc69c339613362397da
:1052f80023772376237623762376235623561b5645
:105308001b561b561b561b561b561b5623562356fd
:105318001b561b561b561b3623b80a7263b0f77d03
:10532800e71c5acb6b6d632d4a6a528a528a528a9d
:10533800528a528a528a528a528a528a528a528a85
:10534800528a528a528a528a4a8a4a8a528a4a4acd
:105358004a6aad55ffffffffef5dce59ffffffff24
:10536800f7be94b239e84a6a4a6a4a6a4a6a4a6a95
:105378004a6a4a6a4a6a4a6a4a6a4a6a4a6a4a6a85
:105388004a4a4a4a4a494a4942494a4a4a6a31a71c
:105398007befffffffffffffffffbdf74a496b6e83
:1053a8004a6a4a6a4a6a4a6a4a6a4a8a4a8a4a8af5
:1053b800528a528a4a8a4a8a4a8a4a6a4a6a4a6a95
:1053c8004a6a4a4a42298431ffffffffffff9cf3e4
:1053d800294629453186318731a739c742084a6aa3
:1053e8004a6a4a6a4a6a4a6a4a6a4a6a4a6a4a6a15
:1053f8004a6a4a6a4a6a4a6a4a6a4a6a4a6a4a6a05
:105408004a6a4a4a528a528b39c7c638ffffffff99
:10541800fffff79e630c632c5aec4a8a4a6a4a6a71
:105428004a8a528a528a528a528a528a528a4a8aa4
:10543800528a528a528a528a528a528a422973afaf
:10544800ef7dfffffffff79e6b4d2945318631a7a2
:1054580039c739c739e842294a6a4a6a4a6a4a6ae8
:105468004a6a4a6a4a6a4a6a4a6a4a6a4a6a4a6a94
:105478004a6a4a6a4a6a4a6a4a6a4a4a4a4952ab7c
:1054880029668410f79effffffffffffc6394b9187
:10549800547833f81b36237623562356235623563f
:1054a800235623562356235623562356235623562c
:1054b80023562356235623561b561b56235613167c
:1054c8002355be7cffffffffc67b33961316237759
:1054d8002356235623762376237623561b561b56ac
:1054e8001b561b561b561b561b561b561b361b366c
:1054f8001b361b361b361b3623b8027163b0f77d8b
:10550800e71c5aaa6b4d632d4a6a528a4a8a528a04
:105518004a8a4a8a4a8a4a8a4a8a4a8a4a8a4a8ae3
:105528004a8a4a8a4a8a4a8a4a8a4a8a4a4a42099c
:105538008410f7befffff79e94d38c71ffffffff27
:10554800f7be949239c84a6a4a6a4a6a4a6a4a6af3
:105558004a6a4a6a4a6a4a6a4a6a4a6a4a4a4a49e4
:105568004a494a494a49424942294a494a6a318785
:105578007bcfffffffffffffffffc6184a496b6d98
:105588004a6a4a4a4a6a4a6a4a6a4a6a4a6a4a6a93
:105598004a8a4a8a4a6a4a6a4a6a4a6a4a6a4a6a23
:1055a8004a6a424942098c72ffffffffffff9cd302
:1055b8004a494a6a4a6a420839c739e842294a4a7e
:1055c8004a6a4a6a4a4a4a6a4a6a4a4a4a4a4a6a93
:1055d8004a6a4a6a4a6a4a6a4a4a4a6a4a6a4a4a63
:1055e8004a494a494a6a528a39c7c638ffffffff03
:1055f800fffff79e630c630c5aec4a6a4a6a4a6ad0
:105608004a6a4a6a4a8a4a8a4a6a4a6a4a6a4a6ab2
:105618004a6a4a6a4a6a4a8a528a4a6a4208ad55b6
:10562800ffdfffffffffad75318639e852ab52aba4
:105638004a6a39e839e842294a6a4a6a4a6a4a6a31
:105648004a6a4a6a4a6a4a6a4a6a4a6a4a6a4a6ab2
:105658004a6a4a6a4a4a4a4a4a4a4a49424952ab03
:1056680029668410f79effffffffffffc6594b71a5
:105678004c5833f81b3623562356235623562356a5
:10568800235623562356235623562356235623564a
:105698002356235623561b361316131613360af5ac
:1056a8001b15be7cffffffffbe7b235502d61b36b2
:1056b800133613361b362376237623561b561b5672
:1056c8001b561b561b561b361b361b361b361b36ea
:1056d8001b361b361b361b36239802515b90f77d11
:1056e800e71c52aa632c630c4a6a4a6a4a6a4a6ae5
:1056f8004a6a4a6a4a6a4a6a4a6a4a6a4a6a4a6a02
:105708004a6a4a6a4a6a4a6a4a6a4a6a42095b0ca7
:10571800defbffffffffc63842089492ffffffff42
:10572800f7be949239c74a4a4a494a494a4a4a4ab4
:105738004a4a4a4a4a4a4a4a4a494a494a494a49c5
:105748004a494a4942494229422942494a4a3186f4
:105758007befffffffffffffffffc6184a29632dfe
:105768004a6a4a4a4a6a4a6a4a6a4a6a4a6a4a6ab1
:105778004a6a4a6a4a6a4a6a4a6a4a6a4a6a4a6a81
:105788004a6a422942099cf3ffffffffffffe73cfb
:10579800defbe71cdefbc63994b35acb42084a4904
:1057a8004a494a4a4a494a494a494a494a494a4a57
:1057b8004a4a4a4a4a4a4a4a4a4a4a494a494a4944
:1057c8004a494a494a6a528a39c7c638ffffffff21
:1057d800fffff79e630c5aeb5acb4a6a4a6a4a6a39
:1057e8004a6a4a6a4a6a4a6a4a6a4a6a4a6a4a6a11
:1057f8004a6a4a6a4a6a4a6a4a6a4a494a6ace59af
:10580800ffffffffffff9cd39492ce79e71ce71cb4
:10581800d69aa5145aec420842494a4a4a4a4a4a80
:105828004a4a4a4a4a4a4a4a4a4a4a4a4a4a4a6ab0
:105838004a4a4a4a4a494a494a4942494229528bac
:1058480029668410f79effffffffffffc6594b71c3
:105858004c3733d81b36235623561b361b361b367c
:105868001b361b56235623561b561b561b561b56b8
:105878001b561b561b5633d74417441744173bd6a1
:105888004416c6dcffffffffcedc54573bd7443835
:1058980044174c583bf723561b5623561b561b568a
:1058a8001b561b361b361b361b361b361b361b3648
:1058b8001b361b361b361b352398025163b0f77d08
:1058c800e71c528a5aec5b0c4a6a4a6a4a6a4a6a74
:1058d8004a6a4a6a4a6a4a6a4a6a4a6a4a6a4a6a20
:1058e8004a6a4a6a4a6a4a6a4a6a42294a49b5b6c3
:1058f800ffffffffef5d630c31669cf3ffffffffc7
:10590800f7be8c7231a74a494a494a494a494a4925
:105918004a494a494a494a494a494a4942494249f7
:105928004a494a4942294229422942294a49318653
:105938007befffffffffffffffffc61842085acbb0
:105948004a4a4a494a4a4a4a4a4a4a4a4a6a4a6a70
:105958004a6a4a6a4a6a4a4a4a4a4a4a4a4a4a4940
:105968004a4942294209a555fffffffffffffffff4
:10597800ffffffffffffffffffdfd6ba6b4d4208b7
:1059880042494a494249424942494a494a494a4997
:105998004a494a494a494a494a494a494a4942496f
:1059a800424942494a6a526a39c7c638ffffffff6f
:1059b800fffff79e630c5acb52cb4a6a4a6a4a6a7f
:1059c8004a6a4a6a4a6a4a6a4a6a4a6a4a4a4a6a4f
:1059d8004a6a4a6a4a6a4a6a4a4a42095acbdefc11
:1059e800ffffffffffdfef7dffdfffffffffffff91
:1059f800ffffffdfdedb6b4e3a0842294a4a4a497d
:105a08004a494a494a494a494a494a494a494a49f6
:105a18004a494a4942494249422942294229528b24
:105a280029668410f79effffffffffffc6594b71e1
:105a380044372bd81b1623561b361b361b361b36f2
:105a48001b361b361b361b361b361b361b561b36a6
:105a58001b3613162376be7cefbfef9eef9eef7ebc
:105a6800ef9ef7dfffffffffffdfef9fef9eef9e49
:105a7800ef9ef7bfa61b2376131523561b361b363e
:105a88001b361b361b361b361b351b351b151b15ca
:105a98001b151b361b361b151b77025163b0f77d90
:105aa800e71c528a52cb5aec4a4a4a6a4a6a4a6afc
:105ab8004a6a4a6a4a4a4a4a4a6a4a6a4a6a4a6a7e
:105ac8004a4a4a4a4a494a4a42293a088431ffdf3f
:105ad800fffff79e9492294539c794b3ffffffff54
:105ae800f79e8c51296642294249424942494a490e
:105af8004a494a494a49424942494249422942296e
:105b08004249422942294229420942294229316609
:105b18007befffffffffffffffffc61839e7528b40
:105b28004a4942494a494a494a494a494a494a49dd
:105b38004a4a4a4a4a494a4a4a494a494a494a49c2
:105b48004a4942084209ad55ffffffffffdff7be94
:105b5800f7beffdfffffffffffffffffd6ba52ab25
:105b680042094249422942294229422942494a498d
:105b78004a494249424942494229424942494229fd
:105b8800422942294a4a4a6a39c7ce59ffffffffcc
:105b9800fffff79e630c528a52ab4a6a4a6a4a4a26
:105ba8004a4a4a4a4a6a4a6a4a6a4a4a4a4a4a4aed
:105bb8004a4a4a4a4a4a4a494a4942085b0ce73c27
:105bc800ffffffffffffffffffffffdfffdfffff1d
:105bd800ffffffffffffd69a52ab42094a494a49e5
:105be80042494249424942494a49424942494a4945
:105bf8004a49424942294229422942294229528a8c
:105c080029668410f79effffffffffffc659435127
:105c18003bf72bb81b151b361b361b361b361b36a2
:105c28001b361b361b361b361b361b361b361b36e4
:105c38001b3613152356d71dffffffffffffffff7e
:105c4800ffffffffffffffffffffffffffffffff5c
:105c5800ffffffffae1b233512f51b361b361b3625
:105c68001b351b361b351b151b151b151b151b154b
:105c78001b151b151b151b151b77025163b0f77df0
:105c8800e73c526a4a6a52cb4a4a4a4a4a494a4a0d
:105c98004a494a494a494a494a4a4a4a4a4a4a4961
:105ca8004a494a494a4942294208632de71cffffed
:105cb800ffffb59639e831a639c794b3ffffffff58
:105cc800f7be8c723186422942294229422942492b
:105cd8004249424942494229422942294229422904
:105ce8004229422942294229420842294229296651
:105cf8007befffffffffffffffffbdf739c74a6ad2
:105d08004a494229424942494249424942494a4943
:105d18004a494a494a494a494a49424942494249fb
:105d2800422942294208632da4f49cf37bef632d9a
:105d3800630c7bf0d6baffffffffffffffff8c72fb
:105d480039e842094229422942294229422942295d
:105d580042294229422942294229422942294229e3
:105d6800422942294a494a4939c7ce59ffffffff0c
:105d7800fffff79e630c4a49528a4a4a4a494a49f0
:105d88004a494a494a494a4a4a4a4a494a494a4971
:105d98004a494a494a494249424939e85aece73ca2
:105da800ffffffffffffffdfa5145aec5aebb576a4
:105db800ffdfffffffffffff94924a4a3a084a4974
:105dc8004229424942294229424942294229422933
:105dd80042494229422942294229422942284a8adb
:105de80029458410f79effffffffffffce5943515f
:105df8002bb72b981b151b361b351b351b351b3535
:105e08001b361b351b361b361b361b361b361b3603
:105e18001b3613152335be7cf7dff7dff7dff7df17
:105e2800f7dffffffffffffffffff7dff7dff7df1a
:105e3800f7dff7df95991b1412f51b361b351b3559
:105e48001b151b151b151b151b151b151b151b15ca
:105e58001b151b151b151af51b57025163d1f77d2e
:105e6800e73c528a4a4952ab4a494a494a49424957
:105e780042494249424942494a494a494a494249aa
:105e880042494229424942084208a534ffffffff20
:105e9800ffdfce59b596bdd7bdf7defbffffffff8d
:105ea800ffffdefcbdf88c7239e8422942294229fd
:105eb8004229422942294229422942294229422982
:105ec80042294229420942084208420942292966d0
:105ed8008410ffffffffffffffffbdf731a7422937
:105ee8004229422942294229422942294229422952
:105ef80042494a494a494249424942294229422992
:105f080042294229420939e831a73186318631a729
:105f180031a629455acbe71cffffffffffffb596c7
:105f28003a083a0842294229422942294229422963
:105f38004229422942294229422942294229422901
:105f4800422942294a494a4931a7c638ffffffff7b
:105f5800fffff79e630c42294a6a4a49424942496f
:105f680042494249424942494249424942494249d1
:105f78004249424942294229422939e85aece73c38
:105f8800ffffffffffffa51429652104212531a785
:105f9800c618ffffffffffffc5f852ab39c84249db
:105fa8004229422942294229422942294229422991
:105fb8004229422942294229420942093a084a6aa1
:105fc80029458410f79effffffffffffce793b3185
:105fd800237623971b151b351b151b151b151b1526
:105fe8001b151b151b351b351b351b151b151b15c9
:105ff8001b151b151b153bb554155bf45bf453d4eb
:106008006434cedcffffffffd6dc64354bb3541499
:1060180053f45414335412f51b151b151b151b157b
:106028001b151b151b151b151b151b151b151b15e8
:106038001b151b151af51af41b77025163d1f77d4e
:10604800e73c4a6a4229528b42494249422942293d
:1060580042294229422942494249422942294229a0
:1060680042294229422939e84209b5b7ffffffff13
:10607800ffffffffffffffffffffffffffffffff28
:10608800ffffffffffffc61839c742084229422910
:1060980042294229422942294229422942294229a0
:1060a80042094208420842083a0842084209296659
:1060b8007befffffffffffffffffbdf731864209c0
:1060c8004229422942294229422942294229422970
:1060d8004229422942294229422942294229422960
:1060e8004229420939e839c739c739c739e839e88f
:1060f80039e831a73166bdf7ffffffffffffb5d7ce
:1061080039e839e842294229422942094209420923
:1061180042294229422942094209420942084208c1
:10612800420842084229422931a6c638ffffffff2c
:10613800fffff79e5aec39e84a4a42494229422968
:1061480042294229422942294229422942294229ef
:106158004229422942294229422939e852abe71cff
:10616800ffffffffffff738e2125318639a721042a
:106178008c71f7beffffffffc63952ab31a742292a
:1061880042294229422942294229422942294229af
:1061980042294209420842084208420839e84a4965
:1061a80029458410f79effffffffffffce793b10c4
:1061b8001b3623771b151b151b151b151b151b15cc
:1061c8001b151b151b151b151b151b151b151b1547
:1061d8001b151b151b1512d40a930a920a92025218
:1061e80012b2be7bffffffffbe7b22f302530ab44d
:1061f8000ab30ab312d41b151b151b151b151b1547
:106208001b151b151b151b151b151b151b151b1506
:106218001b151b151af512f41b57023163b0f77dd5
:10622800e73c4a6a42084a8a4229422942294229c5
:1062380042294229422942294229422942294229fe
:1062480042094209422939e84208ad75ffdfffdffc
:10625800ffdfffdfffdfffdfffdfffffffffffffe6
:10626800ffffffffffffbdd731a739e8420842080b
:1062780042084209420942084208420942094208c2
:106288004208420842083a0839e8420842082945c3
:106298007bcfffffffffffffffffbdf731864208ff
:1062a80042294209420942294229422942294229ce
:1062b80042294229422942294229422942094209be
:1062c800420842084a49528a39c731a731a739c713
:1062d80039c729664229d6baffffffffffffa51479
:1062e80039c739e8420942094208420842084208c7
:1062f8004208420842084208420842084208420846
:10630800420842084229422931a6c638ffffffff4a
:10631800fffff79e5aeb39c74249422942294229d1
:10632800422942294229422942294229422942290d
:106338004229422942294209420939e84229d6ba62
:10634800ffffffffffff84312945318631a7212553
:1063580094b3ffdfffffffffb5b74a6a31a74229b1
:10636800422942294229422942094209420842084f
:1063780042084208420842083a0839e839e84a49d6
:1063880029258410f79effffffffffffce793af023
:1063980012f51b571b151b151b151b151b151b155c
:1063a8001b151b151b151b151b151b151b151b1565
:1063b8001b151b151b1512f512f512f412f40a948d
:1063c8001b14be9cffffffffbe7b2b3402b51316c8
:1063d80012f512f512f51af512f512f512f51af56d
:1063e8001b151b151b151b151b151b151b151b1525
:1063f8001af512f512f412f41b57023063b0f77d48
:10640800e73c4a6939e84a6a42294229422942292d
:10641800422942294229422942294229420942085d
:1064280042084208420839e839e8630c8c718c71db
:106438008c518c718c7184318431c638ffffffff19
:10644800ffffce7a8c726b6d39c739e84208420873
:1064580042084208420842084208420842084208e4
:1064680042083a0839e839e839e839e839e8294585
:106478007bcfffffffffffffffffbdf7316639e866
:1064880042094208420842084208420942094209b0
:10649800422942294229420942094208420842083f
:1064a80039e839c77bcfdebba5146b4d420839c725
:1064b80039c752aab596ffdfffffffffffdf73afb3
:1064c80031a739e8420842083a083a083a083a082f
:1064d8003a083a083a083a083a084208420842088c
:1064e80042083a08422942083186c638ffffffffb2
:1064f800fffff7be5aec31c7422942294209420937
:10650800422942294229422942294229422942292b
:106518004229420942094208420839e831a7ad76c2
:10652800ffffffffffffce5942292125294552ab26
:10653800d6bbffffffffffff9492420831a7420935
:1065480042084209420942084208420842084208f1
:106558004208420842083a0839e839e839e8422945
:1065680021257bf0f79effffffffffffce7932f07a
:106578000ad41b561b151b151b151b151b151b15a4
:106588001b151b151b151b151af512f512f512f51f
:1065980012f512f512f512f512f412f41af40ab300
:1065a8001af4be7cffffffffc67b2b5402b41b15f9
:1065b80012f512f512f512f512f412f512f512f59c
:1065c80012f51af51af51af512f512f512f512f573
:1065d80012f412d412d412d41b36023063b0f77df1
:1065e800e73c4a4939c74a4a42094209420842082f
:1065f80042094229422942294209420842084208de
:106608004208420842083a0839e831a731863186fb
:10661800318631863186214529459492ffffffff57
:10662800ffdf9cf4210531a739e83a083a083a080f
:106638003a083a0839e83a083a083a083a0839e884
:1066480039e839e839e839e839e839e839e82945ed
:106658007bcfffffffffffffffffbdf7296639e88c
:1066680042093a08420842084208420842084208d9
:1066780042084208420842084208420842084208c2
:1066880039e831a78c72fffffffff79ece79bdd79f
:10669800c638e73cffffffffffffffffc638420891
:1066a80031a739e83a0839e839e839e839e839e802
:1066b80039e839e839e839e839e839e83a083a0888
:1066c80039e839e8420839e83166c618ffffffffa4
:1066d800fffff79e5aec31a74229420942084208b7
:1066e800420842094208420942094209422942092c
:1066f800420942084208420842083a0831866b6e4d
:10670800ef5dffffffffffffc63884318c71dedbd2
:10671800ffffffffffffef5d5acb31a739e84208c3
:1067280042084208420842083a083a083a083a0831
:106738003a083a083a0839e839e839e839c84229bc
:1067480021257beff79effffffffffffce7932d0b9
:106758000ad41b561b151af512f51af512f51af577
:106768001af51af512f512f512f512f512f512f5d9
:1067780012f512f512f512f412f412f412f40a9347
:106788001af3be7cffffffffc69b2b5402b41b15f8
:1067980012f512f512f512f412d412d412f412f5fd
:1067a80012f512f512f512f512f512f512f512f5a9
:1067b80012d412d412d412d41b3602105bb0f77d57
:1067c800e73c4a4931a74a49420942084208420877
:1067d8004208420842084208420842084208420861
:1067e800420839e839e839e839e839e839c739c7b2
:1067f80039c739c739c73187318794b2ffffffffdf
:10680800ffff9cf4294639c839e839e83a0839e8dd
:1068180039e839e839e839e839e839e839e839e868
:1068280039e839e839e839e839c839e839e829462a
:106838007bcfffffffffffffffffc618296639c8a0
:106848003a083a083a0839e8420842084208420831
:10685800420842084208420842083a083a084208f0
:1068680039c731a79cf4ffffffffffffffffffffc2
:10687800ffffffffffffffffffffef3d630c3186c8
:1068880039e839e839e839e839e839e839e839e8f8
:1068980039e839e839e839e839e839e839e839e8e8
:1068a80039e839e8420839e83186c638ffffffff82
:1068b800fffff79e5aeb31a74208420842084208f8
:1068c800420842084208420842084208420942086f
:1068d8004208420842083a083a0839e839c731a755
:1068e800b596ffffffffffffffffffdfffdfffffa3
:1068f800ffffffffffff94b2318631a7420839e856
:106908003a0842083a0839e839e839e839e839e80c
:1069180039e839e839e839e839e839e839c842293d
:10692800212583f0f79effffffffffffce7932f0ae
:106938000ad41b3612f512f512f512f512f512f5f6
:1069480012f512f512f412f512f512f512f512f508
:1069580012f512f512f512f412f412f412f40ab444
:106968001af4be7bffffffffcebc2b5502941b150c
:106978001af512f512d412d412d412d412f412d475
:1069880012d412f412f412d412d412d412d412d48f
:1069980012d412d412d412d4133602105bb0f77d7d
:1069a800e73c4a4931a7424942084208420842089e
:1069b80042084208420842084208420842083a0887
:1069c80039e839e839e839e839e839e839e839e8b7
:1069d80039e839e839e831a731a79492ffffffff7a
:1069e800ffdf9cd3296639e839e839e839e839e81e
:1069f80039e839e839e839e839e839e839e839e887
:106a080039e839e839c839c839c739c839c82945ca
:106a18007bcfffffffffffffffffc618296639c7bf
:106a280039e839e839e839e839e842083a083a08eb
:106a38003a083a083a083a083a0839e839e839e8a1
:106a480039e831a76b6ddedbffffffffffffffffbc
:106a5800ffffffffffffffffc638632c31a639c7d2
:106a680039e839e839e839e839e839e839e839e816
:106a780039e839e839e839e839e839e839e839e806
:106a880039e839e8420839c83186c638ffffffffc0
:106a9800fffff79e5aeb31863a083a0839e839e899
:106aa80039e839e83a0842084208420842084208e8
:106ab80042083a083a0839e839e839e839e831a7a4
:106ac8004a6ab5b6ffffffffffffffffffffffffab
:106ad800ffffffdfa51439e831a739e839e839e8bd
:106ae80039e839e839e839e839e839e839e839e896
:106af80039e839e839e839e839e839e839c742295d
:106b080021258410f79effffffffffffd67932f0a3
:106b18000ab41b3612f512f512f512f512f412f436
:106b280012f412d412d412f412f412f412f512f56b
:106b380012f412f412f412f412f412f412f412d43d
:106b480012f44bd56c556c7553d41af412d412f553
:106b580012f412f412d412d412d412d412d412d4bd
:106b680012d412d412d412d412d412d412d412d4ed
:106b780012d412d412d412d41316020f5bb0f77dbc
:106b8800e73c4a69318742293a083a083a083a08fc
:106b98003a083a083a083a083a083a083a0839e8fe
:106ba80039e839e839e839e839e839e839e839e8d5
:106bb80039e839e839e839c739c7528a7bcf7befda
:106bc80073af528a31a739e839e839e839e839e842
:106bd80039e839e839e839e839e839e839e839e8a5
:106be80039c839c839c839c739c739c839c7212553
:106bf8007bcfffffffffffffffffbdf7296539c709
:106c080039e839e839e839e839e839e839e839e874
:106c180039e839e839e839e839e839e839e839e864
:106c280039e839e831a7528a7bef9cd3b5b7c63823
:106c3800c638bdd79cf3736e39e8296531a739e8a2
:106c480039e839e839e839e839e839e839e839e834
:106c580039e839e839e839e839e839e839e839e824
:106c680039c839c839e839c73186c638ffffffff48
:106c7800fffff79e5aeb316639e83a0839e839e8f8
:106c880039e839e839e83a083a083a083a083a084f
:106c980039e839e839e839e839e839e839e839e8e4
:106ca800318642087bcfb596d69adedbd6bac618af
:106cb800a5146b4d31a7318639e839e839e839e848
:106cc80039e839e839e839e839e839e839e839e8b4
:106cd80039e839e839e839e839e839e839c742297b
:106ce80021257beff79effffffffffffce7932cf15
:106cf80002b4131612d412f412f412f412f412d4c9
:106d080012d412d412d412d412d412f412f412f4eb
:106d180012d412d412f412d412d412d412d412f4fb
:106d280012f40ab30a920a92129212d412f412f4ca
:106d380012f412d412d412d412d412d412d412d4fb
:106d480012d412d412d412d412d412d412d412d40b
:106d580012d412d412d412b3131502105b90f77d1b
:106d6800e73c4a493186422939e839e839e83a089e
:106d78003a0839e839e839e839e839e839e839e8e2
:106d880039e839e839e839e839e839e839e839e8f3
:106d980039e839e839e839e839e831a73186296628
:106da800296631a739e839e839e839e839e839e8ae
:106db80039e839e839e839e839e839e839e839e8c3
:106dc80039c839e839c839c739c739c739c7210473
:106dd80073aeffffffffffffffffbdf7296531c758
:106de80039e839e839e839e839e839e839e839e893
:106df80039e839e839e839e839e839e839e839e883
:106e080039e839e839c73186318631a739c739e8d1
:106e180039e839c731a62966296631c739e839e81a
:106e280039e839e839e839e839e839e839e839e852
:106e380039e839e839e839e839c839c839c839c7c3
:106e480039c739c739e831a72965c618ffffffffd9
:106e5800ffffef7d5acb316639e839e839e839e880
:106e680039e839e839e839e839e839e839e839e812
:106e780039e839e839e839e839e839e839e839e802
:106e880039e831a7318639c742084228420839c74c
:106e980031862965318639e839e839e839e839e849
:106ea80039e839e839e839e839e839e839e839e8d2
:106eb80039e839e839e839e839c839c739c74229da
:106ec80021047beff79effffffffffffce7932cf54
:106ed80002b4131612d412d412d412d412d412d467
:106ee80012d412d412d412d412d412d412f412d44a
:106ef80012d412d412d412d412d412d412d412d45a
:106f080012d412d412b412b412d412d412d412f469
:106f180012f412d412d412d412d412d412d412d419
:106f280012d412d412d412d412d412d412d412d429
:106f380012d412d412b412b31315020f5b90f77d5a
:106f4800ef5d4a2921044a4939e839e839e83a081d
:106f58003a0839e839e839e839e839e839e839e800
:106f680039e839e839e839e839e839e839e839e811
:106f780039e839e839e839e839e839c731a731a7b4
:106f880031a739c739c739c739c839c839e839e8dd
:106f980039e839e839e839e839e839e839c839c722
:106fa80039c839e839c739c739c7420831a710a3e2
:106fb8007bcfffffffffffffffffc61821253186ac
:106fc800420839e839e839e839e839e839e839e888
:106fd80039e839e839e839e839e839e839e839e8a1
:106fe80039e839c739c739c731a7318629662966cb
:106ff80029863186318631a739c739c739c739c794
:1070080039c739c739c739c739c839c839e839e834
:1070180039e839e839c839c739c739c739c739c725
:1070280039c739e8420929452945c638ffffffff16
:10703800fffff79e528a21244209420839e839e8bd
:1070480039e839e839e839e839e839e839e839e830
:1070580039e839e839e839e839e839e839e839e820
:1070680039e839e731a72986296629452965296636
:10707800298631a739c739c739c739c739c839c87f
:1070880039e839e839e839e839e839e839c839c830
:1070980039c839e839e739c739c739c739e842083b
:1070a80018c38410f7beffffffffffffd679328eab
:1070b8000273133612d412d412d412d412d412d4a6
:1070c80012d412d412d412d412d412d412d412d488
:1070d80012d412d412d412d412d412d412d412d478
:1070e80012d412d412b312b312d312d412d412d4ab
:1070f80012d412d412d412d412d412d412d412d458
:1071080012b412d412d412b412b412b412b412b308
:1071180012d312d312b312d4131501ae5b6ff79dbd
:10712800f79e630c086139c7422942084208422980
:107138004229422942294229422942294a294a49bf
:1071480042294229422942294229422942294229df
:1071580042294229422942294229422942294229cf
:1071680042294229422942294229422942294229bf
:1071780042294229422942294229422942294229af
:107188004229422942084208420839e820e410a26c
:107198009cf3ffffffffffffffffd6ba318618c33e
:1071a80039c842094208420842094229422942296b
:1071b8004229422942094209420942084208420931
:1071c8004208420842084208420842084208420867
:1071d80042084209422942294229422942094229b0
:1071e8004229422942084229422942294229422960
:1071f8004229422942294229422942294208420871
:1072080041e8420831a7088239e7dedbffffffffcc
:10721800ffffffbe738e1082318642294229422920
:1072280042294229422942294229422942294229fe
:1072380042294229422942294229422942294229ee
:107248004229422942294229420842084208420862
:107258004208420842084229422942294229420951
:10726800420942094229422942294229420942093e
:1072780042084208420842084208420839e82945bb
:1072880010829cf3ffffffffffffffffe71b3aadf4
:1072980001cf12f5131513151315133613361336bc
:1072a8001336133613361b361b361336133613367e
:1072b80013361336133613361b361b361b361b365e
:1072c8001b361b361b351b351b361b361b361b3630
:1072d8001b361b361b351b361b361b36133613362f
:1072e800133613361336133613361336133613354f
:1072f8001315131512f412f40a93016b7c52ffff55
:10730800ffffa53418c308622124292529452945ea
:107318002945292529452945294529452945294515
:10732800294529452945294529252925292521256d
:107338002925294529452945294529252925294535
:107348002945294529452945294529252945292505
:107358002925294529452945292529252945294515
:107368002925292529452125212518c3002041e75c
:10737800d6bafffffffffffffffff79e738e08419e
:1073880018a3292529452925294529452945294578
:10739800294529452925292529252125212521254d
:1073a800212521242125212521252925292529258e
:1073b80029252125292529452945294529452925dd
:1073c800292529252125292529252925294529450d
:1073d80029452945294529452925292529252125bd
:1073e80021252104108208828c31f79effffffffc0
:1073f800ffffffdfb5b62945086121042945294566
:107408002945294529452945292529252945294544
:1074180029252925292529252925292529252945d4
:10742800294529452945294529452125212521255c
:1074380021252125292529252925294529452925a4
:1074480029252125292521252925212521252125ec
:1074580021252125212521252125212518e3002065
:1074680039c7ce79ffffffffffffffffffde7c522a
:10747800096a01ef0a920a930ab30ab30ab30ab374
:107488000ab30ab30ab30ab30ab30ab30ab30ab30c
:107498000ab30ab30ab30ab30ab30ab30ab30ab3fc
:1074a80012b312b312b312b30ab30ab30ab30ab3cc
:1074b8000ab30ab30ab30ab30ab20ab30ab30ab3dd
:1074c8000ab20ab30ab30ab20a920a920a920a9252
:1074d8000a920a720a710a50016c220cbdf8ffff69
:1074e800ffffe71c83f018e3084108410841084101
:1074f800084108410841084108410841084108413c
:10750800084108410841084108210841084108216b
:10751800084108410841084108410841084108411b
:10752800084108410841084108410821084108412b
:1075380008410841084108410841084108410841fb
:1075480008410841084108410841086139c7ad555b
:10755800f7befffffffffffffffff7bece595acb75
:1075680010a2086108610841084108410841084122
:1075780008410841084108410841084108410841bb
:1075880008410841084108410841084108410841ab
:10759800084108410841084108410841084108419b
:1075a800084108410841084108410841084108418b
:1075b800084108410841084108410841084108417b
:1075c8000841084118e36b4dd6baffdfffffffff04
:1075d800ffffffdfef5d949229650861086108618c
:1075e800084108410841084108410841084108414b
:1075f800084108210821084108410841084108417b
:10760800084108410841084108410841084108412a
:10761800084108410841084108410841084108411a
:10762800084108410841084108410841082108214a
:1076380008210841084108410841084108412966d4
:10764800a514ef7dffffffffffffffffffdfdedb7e
:107658006bb011aa018b01ac018c018b018b018be2
:10766800018b016b018b018b018b018b016b016b12
:10767800016b018b018c018b018b018b018b018bc1
:1076880001ac01ac01ac018c018c018b018b018c2c
:1076980001ac01ac018c018b016b016b018b018b7f
:1076a800016b016b016b016b016b016b016b016b72
:1076b800016b016b014b014a21ca94d3ef7dffff97
:1076c800fffff79ededba4f36b4d5acb5acb5aeb88
:1076d8005aeb5aeb5aeb5aeb5aeb5acb5aeb5aeb9a
:1076e8005aeb5aeb5aeb5aeb5aeb5aeb5aeb5aeb6a
:1076f8005aeb5aeb5aeb5aeb5aeb5aeb5aeb5aeb5a
:107708005aeb5aeb5aeb5aeb5acb5acb5aeb5aeb89
:107718005aeb5aeb5aeb5aeb5aeb5aeb5aeb5aeb39
:107728005aeb62eb62eb62eb630c83f0bdd7ef5d63
:10773800ffdfffffffffffffffffffdfef7dce59fa
:107748008c71630c5acb5acb5acb5acb5acb5aebc7
:107758005aeb5aeb5aeb5aeb5aeb5aeb5acb5acb39
:107768005acb5acb5aeb5aeb5aeb5aeb5aeb5aeb29
:107778005aeb5aeb5aeb5aeb5aeb5aeb5aeb5acbf9
:107788005acb5acb5acb5aeb5aeb5aeb5aeb5aeb29
:107798005aeb5aeb5aeb5aeb5aeb5aeb5aeb5aebb9
:1077a8005aeb6b6d9cd3d69aef7dffdfffffffff8f
:1077b800fffffffff7bedefbad556b8d5acb5aebd3
:1077c8005aeb5aeb5aeb5aeb5acb5acb5acb5acb09
:1077d8005aeb5aeb5aeb5aeb5aeb5aeb5aeb5aeb79
:1077e8005aeb5aeb5aeb5aeb5aeb5aeb5aeb5aeb69
:1077f8005aeb5aeb5aeb5aeb5aeb5aeb5aeb5aeb59
:107808005aeb5aeb5aeb5aeb5aeb5aeb5aeb5acb68
:107818005acb5aeb5aeb5aeb5acb5aeb7bcfb5966d
:10782800e71cf7beffffffffffffffffffdff79e2d
:10783800d69a9cf36b8f5b2d5b2d5b2d5b2d5b2d9f
:107848005b2d5b2d5b2d5b2d5b2d5b0d5b0d5b0d50
:107858005b0d5b2d5b2d5b2d5b0d5b2d632d632d10
:10786800634d636e634e634d634d632d632d634dae
:10787800634e5b2d5b2d5b2d5b0d5b0d5b2d5b2dd7
:107888005b2d5b2d5b2d5b0d5b0d5b2d5b2d5b0d10
:107898005b2d5b2d5b2d73d0ad76e71cffbeffff24
:1078a800ffffffdff79ee71cd69ac638c638ce59c9
:1078b800ce59ce59ce59ce59ce59ce59ce59ce5988
:1078c800ce59ce59ce59ce59ce79ce79d679ce79f0
:1078d800ce79ce59ce79ce79ce79ce79ce79ce7988
:1078e800ce79ce79ce79ce59ce59ce59ce59ce59f8
:1078f800ce59ce59ce79ce79ce79ce59ce59ce59e8
:10790800ce79ce79ce79ce79d679defbef7df7be0a
:10791800ffffffffffffffffffffffffffdfef7d21
:10792800defbce79c638c618c638ce38ce58ce5902
:10793800ce59ce58ce58ce38ce58ce59ce38c63875
:10794800c638c638ce59ce59ce59ce59ce59ce5949
:10795800ce59ce59ce59ce59ce59ce59ce59ce59e7
:10796800ce59ce59ce59ce59ce59ce59ce59ce59d7
:10797800ce79ce59ce59ce59ce59ce59ce59ce59a7
:10798800ce59d69ae71cef7dffdfffffffffffff11
:10799800ffffffffffdff79ee71cd69ac638c63801
:1079a800c638ce38ce58ce58ce38ce38c638ce386f
:1079b800ce59ce59ce79ce79ce59ce59ce59ce5947
:1079c800ce59ce59ce59ce59ce59ce59ce59ce5977
:1079d800ce59ce59ce59ce59ce59ce59ce58ce3889
:1079e800ce58ce59ce59ce59ce59ce59ce59ce5958
:1079f800ce58ce58ce58ce59ce59ce79dedbef5d73
:107a0800f7beffdfffffffffffffffffffffffdf07
:107a1800f79ee71bd679ce38ce38ce58ce38ce383a
:107a2800ce38ce38ce38ce38ce38c638c638ce382e
:107a3800c638c638ce38c618c638ce38ce38ce384e
:107a4800ce58ce58ce58ce58ce58ce58ce58ce58fe
:107a5800ce38ce38c638ce38c638c638ce38ce3806
:107a6800ce38ce38ce38ce38ce38ce38ce38c638e6
:107a7800ce38ce38ce79dedaef5df7befffffffff6
:107a8800ffffffffffffffdff7bef79ef79ef79ea2
:107a9800f79ef79ef79ef79ef79ef79ef79ef79e36
:107aa800f79ef79ef79ef79ef79ef79ef79ef79e26
:107ab800f79ef79ef79ef79ef79ef79ef79ef79e16
:107ac800f79ef79ef79ef79ef79ef79ef79ef79e06
:107ad800f79ef79ef79ef79ef79ef79ef79ef79ef6
:107ae800f79ef79ef79ef79ef79ef7beffdfffff14
:107af800ffffffffffffffffffffffffffffffdfae
:107b0800f7bef79ef79ef79df79ef79ef79ef79ea6
:107b1800f79ef79ef79ef79ef79ef79ef79ef79eb5
:107b2800f79ef79ef79ef79ef79ef79ef79ef79ea5
:107b3800f79ef79ef79ef79ef79ef79ef79ef79e95
:107b4800f79ef79ef79ef79ef79ef79ef79ef79e85
:107b5800f79ef79ef79ef79ef79ef79ef79ef79e75
:107b6800f7bef7beffdfffffffffffffffffffffcf
:107b7800ffffffffffffffffffdff7bef79ef79e48
:107b8800f79df79df79ef79ef79ef79df79ef79e48
:107b9800f79ef79ef79ef79ef79ef79ef79ef79e35
:107ba800f79ef79ef79ef79ef79ef79ef79ef79e25
:107bb800f79ef79ef79ef79ef79ef79ef79ef79e15
:107bc800f79ef79ef79ef79ef79ef79ef79ef79e05
:107bd800f79ef79ef79ef79ef79ef7bef7beffdf6c
:107be800ffffffffffffffffffffffffffffffff9d
:107bf800ffffffdff79eef7df77df79df77df77db0
:107c0800f77df77df77df77def7def7def7def7dec
:107c1800ef7def7def7def7def7df77df77df77de4
:107c2800f77df77df79df79df79df79df79def7d14
:107c3800ef7def7def7def7def7def7def7def7ddc
:107c4800ef7def7df77df77df77df77def7def7dac
:107c5800ef7def7df79ef7beffdfffffffffffff22
:107c6800ffffffffffffffffffffffffffffffff1c
:107c7800ffffffffffffffffffffffffffffffff0c
:107c8800fffffffffffffffffffffffffffffffffc
:107c9800ffffffffffffffffffffffffffffffffec
:107ca800ffffffffffffffffffffffffffffffffdc
:107cb800ffffffffffffffffffffffffffffffffcc
:107cc800ffffffffffffffffffffffffffffffffbc
:107cd800ffffffffffffffffffffffffffffffffac
:107ce800ffffffffffffffffffffffffffffffff9c
:107cf800ffffffffffffffffffffffffffffffff8c
:107d0800ffffffffffffffffffffffffffffffff7b
:107d1800ffffffffffffffffffffffffffffffff6b
:107d2800ffffffffffffffffffffffffffffffff5b
:107d3800ffffffffffffffffffffffffffffffff4b
:107d4800ffffffffffffffffffffffffffffffff3b
:107d5800ffffffffffffffffffffffffffffffff2b
:107d6800ffffffffffffffffffffffffffffffff1b
:107d7800ffffffffffffffffffffffffffffffff0b
:107d8800fffffffffffffffffffffffffffffffffb
:107d9800ffffffffffffffffffffffffffffffffeb
:107da800ffffffffffffffffffffffffffffffffdb
:107db800ffffffffffffffffffffffffffffffffcb
:107dc800ffffffffffffffffffffffffffffffffbb
:107dd800ffffffffffffffffffffffffffffffffab
:107de800ffffffffffffffffffffffffffffffff9b
:107df800ffffffffffffffffffffffffffffffff8b
:107e0800ffffffffffffffffffffffffffffffff7a
:107e1800ffffffffffffffffffffffffffffffff6a
:107e2800ffffffffffffffffffffffffffffffff5a
:107e3800ffffffffffffffffffffffffffffffff4a
:107e4800ffffffffffffffffffdfef5def5def7d50
:107e5800ef7def7def7def7def7def7def7def7dba
:107e6800ef7def7def7def7def7def7def7def7daa
:107e7800ef7def7def7def7def7def7def7def7d9a
:107e8800ef7def7def7def7def7def7def7def7d8a
:107e9800ef7def7def7df79df79ef79ef79ef79eae
:107ea800f79ef79ef79ef79ef7beffffffffffffc7
:107eb800ffffffffffffffffffffffffffffffffca
:107ec800fffff79eef5def7def7def7def7def7daf
:107ed800ef7def7def7def7def7def7def7def7d3a
:107ee800ef7def7def7def7def7def7def7def7d2a
:107ef800ef7def7def7def7def9ef79ef79ef79e7e
:107f0800f79df79df79eef9eef9df79ef79ef79ed4
:107f1800f79ef79ef79ef79ef79ef79ef79ef79eb1
:107f2800f79effdfffffffffffffffffffffffffe2
:107f3800ffffffffffffffffffffffdfef7def7d8d
:107f4800ef7df79ef79eef7def7def7def7def7d77
:107f5800ef7def7def7def7def7def7df79def7e90
:107f6800ef7def7def7def7def7def7def9def7d89
:107f7800ef7def7def7def7def7def7def7def7d99
:107f8800ef9def7def7df79df79df79ef79ef79e9e
:107f9800f79ef79ef79ef7bef79ef7beffffffff1f
:107fa800ffffffffffffffffffffffffffffffffd9
:107fb800fffffffff79eef5def5def7def7def7d4c
:107fc800ef7def7def7def7def7def7def7def7d49
:107fd800ef7def7def7def7def7def7def7def7d39
:107fe800ef7def7def7def7def7def7def7def7d29
:107ff800ef7df79eef7def7def7df79ef79ef79e75
:10800800f79ef79ef79ef79ef79ef79ef79ef79ec0
:10801800f79ef79ef79effdfffffffffffffffffc3
:10802800ffffffffef5d9cd373ae6b6d6b6d738ebf
:10803800738e738e736e6b6d736e738e738e738e99
:10804800738e6b6d6b6d6b6d6b6d6b6d6b6d6b6d3f
:108058006b6d6b4d6b6d6b4d6b4d6b4d6b6d6b6dd8
:108068006b4d6b4d6b4d632d632c632c632c632c14
:10807800632c632c632c632c632c632c632c630ca0
:10808800630c630c630c630c630c7bf0ce59ffff2d
:10809800ffffffffffffffffffffffffffffd69a76
:1080a8008c51738e6b6d738e738e738e736e6b6d56
:1080b8006b6d6b6d6b6d6b6e6b6e6b6e6b6e6b6ef3
:1080c8006b6d6b6d6b6d6b6d6b6d6b6d6b6d6b6de8
:1080d8006b4d6b4d6b4d6b4d6b4d6b4d6b4d6b4dd8
:1080e8006b4d6b4d6b4d6b4d6b4d6b4d6b4d6b4dc8
:1080f8006b4d6b4d6b4d6b4d6b4d6b4d6b2d632c01
:10810800630c630c94b3ef5dfffffffffffffffffe
:10811800fffffffffffff7bead757bcf6b4d6b6dac
:10812800738e738e738e738e6b6d6b6d6b6d6b6de3
:108138006b6d6b6d6b6d6b6d6b6d6b6d6b6d6b6d77
:108148006b4d6b4d6b4d6b4d6b4d6b4d6b4d6b4d67
:108158006b4d6b4d6b4d6b4d6b4d6b4d6b4d6b4d57
:108168006b4d6b4d6b4d6b4d6b4d6b4d632d632d97
:10817800632c632c632d632d632c5aec7bcfc6389c
:10818800ffdfffffffffffffffffffffffffffff17
:10819800e71c9cf373ae6b6e738e738e6b8e6b6d78
:1081a8006b6d6b6d6b6d738e738e6b6e6b6d6b6db4
:1081b8006b6d6b6e6b6d6b6d6b4d6b6d6b6d6b6d16
:1081c8006b6d6b6d6b6d6b6d6b8e6b6e6b6d6b6dc5
:1081d800736e6b6e6b6d6b6d6b6d6b6d6b6d6b6dcd
:1081e8006b6d6b4d6b4d6b4d6b4d632d632c632c21
:1081f800630c630c5aeb6b6db596f7beffffffff80
:10820800ffffe71c73ae630c7bcf7bcf7bef7bf06c
:108218007bf07bf084108410841084108410841008
:10822800841083f07bf07bcf7bcf7bcf73af73afb2
:1082380073af73af738e738e738e738e73ae738ecc
:10824800738e6b6e6b4d6b4d6b2d632d6b2d632d8c
:10825800630d630d630c630c62ec5aec5aec5acb59
:108268005acc5acb5acb52ab4a6a39e839e7a514eb
:10827800ffffffffffffffffffffffffce59630c6c
:10828800738e84107bf07bf07bf07bf07bf07bf0cf
:108298007bf07bf07bef7bf07bf07bf07bf07bf07f
:1082a8007bf07bcf7bcf7bcf73af73af73af738e16
:1082b800738e738e738e736e6b6e6b4d6b4d632df9
:1082c8006b4d6b4d6b4d6b6e6b6e6b6e6b6e6b6e41
:1082d8006b4d6b4d6b4d632d632d630c5aec5acb74
:1082e800528b422931a75aecdefbffffffffffff4d
:1082f800fffffffff7be8430632c7bcf7bf07bf062
:108308007bf07bf07bf07bf07bf07bcf7bcf7bcf70
:108318007bcf7bcf7bcf73af73af73ae738e738e10
:10832800738e6b6e6b6e6b6e6b6e6b4d6b4d6b6d98
:108338006b6e6b6e6b6e6b6e6b6e738e738e736e15
:108348006b6e6b6e6b6e6b6e6b4d6b2d632d630c72
:108358005aec5aec5aec5acb52ab4a6a420839e802
:10836800a534ffdfffffffffffffffffffffd69ae8
:108378006b4d6b4d843084318c518c518431841019
:108388008410841084108410841084107bf07bf097
:108398007bf083f084107bf07bf07bf07bf07bef4d
:1083a8007bef7bf07bf07bf084107bf07bcf7bcf87
:1083b8007bcf7bcf7bcf7bcf73af73af73af738e26
:1083c800738e6b6e6b6e6b4e6b4d632d630d630c12
:1083d8005aec5acb528a420931a68c71f79effff9c
:1083e800f7be94b25aeb8c515aec5acb5acc5acbb2
:1083f8005acb5acb5acb5acb5acc5acb5acb5acb4c
:108408005acb5acb5acb5acb5acb52cb5aab5acb64
:108418005acb5acb5acb52ab52ab52ab52ab52abf4
:1084280052ab52ab52ab52ab52ab52ab52ab52ab5c
:1084380052ab52ab52ab528b52ab52ab52ab52ab6c
:1084480052ab52ab52ab52ab52ab528a39c741e82e
:10845800d6bafffffffffffffffff7be738e73aeb5
:108468007bcf630c5aec5aec5acc5acb5acb5acb2a
:108478005acb5acb5acb5acb5acb5acb5acb5acbcc
:108488005acb5acb5acb5acb5acb5acb52ab52ab0c
:1084980052ab52ab52ab5aab5acb5acb52ab52ab94
:1084a80052ab52ab52ab52ab52ab52ab52ab52abdc
:1084b80052ab52ab52ab52ab52ab52ab528b528a0d
:1084c800528a528a4a6a29667bf0f79effffffffad
:1084d800ffffffffa5345acb7bf0632d5acc5aec33
:1084e8005acc5acc5acb5acb5aab52ab52ab52abf2
:1084f80052ab52ab52ab52ab52ab52ab52ab52ab8c
:1085080052ab52ab52ab528b528b528b528b528b1b
:1085180052ab52ab52ab52ab52ab52ab52ab52ab6b
:1085280052ab52ab52ab52ab52ab52ab52ab52ab5b
:1085380052ab52ab52ab528b528a528a528a420980
:108548004208d69affffffffffffffffffff8430bf
:108558006b6e7bd0630c5aec5aec5aec5acc5acc62
:108568005acb5acb5acb5acb52ab52ab52ab52ab7b
:1085780052ab5acb5acb5acb5acb5acb5acb5acbf3
:108588005acb5acb5acb5acb52cb52ab52ab52ab3b
:1085980052ab52ab52ab5aab5acb5acb52cb52ab73
:1085a80052ab52ab52ab52ab52ab52ab528b528b1b
:1085b800528b528b528a52ab420939c7b596ffff8c
:1085c800e73c6b4d7bcf7bcf528b52ab52ab52ab60
:1085d800528b528b52ab52ab528b528b528b528b6b
:1085e800528b528b528b528b528b528a528a528b9d
:1085f800528b528a528a4a6a4a4942294a294a4a25
:108608004a6a4a6a4a6a528a528a528a528a528afa
:10861800528a528a528a528a528a528a528a528a72
:10862800528a528a528a528a528a52ab4a6a31868e
:108638009cd3ffffffffffffffffdedb5acb841059
:108648005aec52ab52ab52ab52ab52ab528b528b31
:10865800528b528b528b528b528b528b528b52ab0a
:10866800528b528b52ab52ab528b4a6a4a6a4a4976
:108678004a494a494a4a4a6a528a52ab52ab528bd1
:10868800528b528b528b528a528a528a528a528aff
:10869800528a528a528b528a528a528a528a528af1
:1086a800528a528a52ab42094229e71cffffffff58
:1086b800ffffffff738e6b6d6b6e52ab52ab52ab0d
:1086c80052ab52ab528b528b528a528a528a528a7e
:1086d800528a528a528a528a528a528a528a528ab2
:1086e800528a4a6a4a6a42494229422942294a49df
:1086f8004a6a528a528a528a528a528a528a528aba
:10870800528a528a528a528a528a528a528a528a81
:10871800528a528a528a528a528a528a528a52ab50
:108728003186a514ffdfffffffffffffdedb738e3f
:1087380084306b6e4a6a52ab528b528b528b528b7f
:10874800528b528b528b528a528a528a528a528a3e
:10875800528a528a528b528b528b528b528b528b2b
:10876800528b528b528a528a528a528a528a528a1f
:10877800528a528a528a528a528b528b528b528b0d
:10878800528a528a528a528a526a528a528a528a21
:108798004a8a4a8a528a528a5acc31868410ffdf22
:1087a800e71c630c7bf0738e52ab52cb52ab52abcf
:1087b80052ab52ab52ab52ab52ab52ab52ab52abc9
:1087c80052ab52ab52ab52ab52ab52ab52ab52abb9
:1087d800528b4a6a4a494a6a630c632d630d5acb25
:1087e8004a6a528a528a528a528a528b528b528ac7
:1087f800528a528a528a528a528b528b528a528a8f
:10880800528a528a528a528a528a528b528a39a77b
:108818008430ffffffffffffffffce7952ab7bf0f5
:1088280052ab52ab52ab52ab52ab52ab52ab52ab58
:1088380052ab52ab52ab52ab52ab52ab52ab52ab48
:1088480052ab52ab52ab528a4a6a4a8a630c73af34
:10885800841084107bcf632d528b528a52ab52ab5b
:1088680052ab52ab528b528b528b528a528b528bd9
:10887800528b528b528b528b528a528a528a528a0c
:10888800528a528a52ab4a6a39e7d6baffffffffcb
:10889800ffffffdf6b4d73ae634d52ab52ab52ab74
:1088a80052ab52ab52ab52ab528b528b528b528a59
:1088b800528b528b528a528a528a528a528a528ace
:1088c8004a6a4a4952ab632d738e73af6b6e630c61
:1088d800528a4a4a528a528b528a528b528b528af5
:1088e800528a528a528a528a528b528b528a528a9e
:1088f800528a528a528a4a8a4a6a4a8a528a5acb7f
:1089080031869492f7beffffffffffffce79738e8b
:108918008410634d4a8a52ab52ab52ab52ab52ab46
:1089280052ab52ab52ab52ab528b528b52ab52ab97
:1089380052ab52ab52ab52ab52ab52ab52ab52ab47
:1089480052ab52ab528b528b52ab52ab528b528bb7
:10895800528b528b528b52ab52ab52ab52ab52ab87
:1089680052ab528b528b528a528a528a528a528afc
:10897800528a528a528a528a5aec39a773aef79ea3
:10898800e71c62ec7bef6b8e52ab52cb52ab52ab17
:1089980052ab52ab52ab52ab52ab52ab52ab52abe7
:1089a80052ab52ab52ab52ab52ab52ab528b4a6a40
:1089b8004a494a496b6eb5b6e73cef5def5dbdd7f6
:1089c800528a4a6a528a528a528a528a528b528ae6
:1089d800528a528a528a528a528a528b528a4a8ab6
:1089e800528a528a528a4a8a4a6a528a528b39c7aa
:1089f8008430ffffffffffffffffc63852aa7bcf7f
:108a080052ab52ab52ab52ab52ab52ab52ab52ab76
:108a180052ab52ab52ab528b528b528b528b52abe6
:108a2800528b528b4a6a52cb8430bdd7e71cf79ed3
:108a3800f7bef7bef7bee71cb5b76b6e4a4a528a57
:108a480052ab52ab528b528b528b528a528a528af9
:108a5800528b528a528b528b528a528a528a4a6a53
:108a68004a6a4a8a52ab528b39c7ce79ffffffff59
:108a7800ffffffdf6b4d738e632d52ab52ab52abd2
:108a880052ab52ab528b528b528a528b528a528ab9
:108a9800528b528b528a528a528a528a4a6a4a495d
:108aa800632d9cf3ce79ef5df79ef79ef79ee71c4a
:108ab800c63884104a6a4a6a528a528a528a528a44
:108ac800528a528a528a528a528a528a528a528abe
:108ad800528a528a4a8a4a6a4a6a4a6a4a6a5acb0d
:108ae80031868c51f7beffffffffffffce596b6d3c
:108af8008410634d4a6a52ab52ab52ab52ab52ab85
:108b080052ab52ab52ab528b528b528b52ab52abd5
:108b180052ab52ab52ab52ab52ab52ab52ab528b85
:108b2800528b528b528b528b52ab528b4a8a4a6a67
:108b38004a4a4a6a528b52ab52ab52ab52ab52ab17
:108b4800528b528b528b528a528a4a8a4a8a4a8a52
:108b58004a8a528a528a4a8a5aec39a7738ef79ef1
:108b6800e71c5aeb7bcf6b6e52ab52cb52ab52ab7e
:108b780052ab52ab52ab52ab52ab52ab52ab52ab05
:108b880052ab52ab52ab52ab52ab52ab4a6a4a4aa7
:108b98006b6eb596ef5dffffffffffffffffd6bbd4
:108ba800528a4a4a528a528a528a528a528a528a25
:108bb800528a528a4a8a528a528a528a4a8a4a8ae5
:108bc8004a8a4a8a4a8a4a6a4a6a528a528b31a728
:108bd8008410ffffffffffffffffc618528a73af25
:108be80052ab528b52ab52ab52ab52ab52ab52abb5
:108bf800528b528b528b528a528a528a528a528b89
:108c0800528a4a6a6b6ec659f7beffffffffffff25
:108c1800ffffffffffffffffffffdefc7bcf4a4a9e
:108c2800528a528b528b528a528a528a528a528a5a
:108c3800528a528a528a528a4a8a4a8a4a6a4a6aac
:108c48004a6a4a8a52ab52ab39c7c638ffffffffa0
:108c5800fffff7be634d6b6d630c528b528b52abab
:108c6800528b528b528a528a528a528a528a528a1a
:108c7800528a528a528a528a4a8a4a6a4a4a94923a
:108c8800e73cffdfffffffffffffffffffffffffe7
:108c9800fffff7be9cf44a6a4a6a528a528a528a8d
:108ca800528a4a8a528a528a528a4a8a4a8a528af4
:108cb8004a8a4a8a4a6a4a6a4a6a4a6a4a6a52cb63
:108cc80031868430f79effffffffffffc638634df4
:108cd8007bf0632d4a6a52ab52ab52ab52ab52abec
:108ce800528b528b528b528b528b528b52ab52ab54
:108cf80052ab52ab528b528b528b528b528b528b44
:108d0800528b528b528b528a4a8a4a6a4229528a19
:108d1800632d5acb528a528b528b528b528b528b69
:108d2800528b528a528a528a528a4a8a4a6a4a6ab2
:108d38004a6a4a8a528a4a6a5aec39c76b6def7d89
:108d4800e71c5acb73af6b6e52ab52cb52ab52abe4
:108d580052ab52ab52ab52ab52ab528b528b528b83
:108d6800528b52ab52ab528b528a4a6a5acba535b8
:108d7800ef5dffffffffffffffffffffffffd69a3b
:108d88004a6a4a6a528a528a528a528a4a8a4a8a5b
:108d98004a6a4a6a4a6a4a6a4a8a4a8a4a6a4a6aeb
:108da8004a6a4a6a4a6a4a6a4a6a4a8a528a31a7af
:108db8008410ffffffffffffffffbdf74a6a73af95
:108dc80052ab528a52ab52ab52ab52ab528b528b14
:108dd800528b528b528a528a528a528a528a528aa9
:108de8004a6a4a6abdd7ffffffffffffffffffdfa9
:108df800f79ef7beffffffffffffffffdedb5aec2a
:108e08004a6a528a528a528a528a4a8a528a528aaa
:108e18004a8a4a8a4a8a4a6a4a8a4a8a4a6a4a6a0a
:108e28004a6a4a6a52ab52ab39e7c638ffffffffbe
:108e3800fffff79e632c6b4d630c528a528a528b4c
:108e4800528b528a528a528a528a528a528a4a8a41
:108e58004a8a4a8a4a6a4a6a4a6a4a494249c6184a
:108e6800ffffffffffffffdff79ef7beffffffffdc
:108e7800fffffffff7be7bcf42294a6a4a8a4a8a28
:108e88004a6a4a8a4a8a4a8a4a6a4a6a4a6a4a6ada
:108e98004a6a4a6a4a6a4a6a4a6a4a6a4a6a5acbb9
:108ea80031868430f79effffffffffffc618632c53
:108eb8007bef632d4a6a52ab528b528b528b528b8b
:108ec800528b528b52ab52ab528b528b528b52ab52
:108ed800528b528b528b528b528a528a528a528aa6
:108ee800528a4a6a4a6a4249422952ab8431c63890
:108ef800ef7d94b34a6a4a6a528b528b528b528bdb
:108f0800528b528a528a528a4a8a4a8a4a6a4a6ad8
:108f18004a6a4a6a4a6a4a6a5acc39c7738ef77dde
:108f2800e71c5acb73ae6b6e52ab52ab52ab52ab23
:108f380052ab52ab52ab52ab528b528b528b528ac2
:108f4800528a528b528a528a528a42496b8ef7be93
:108f5800ffffffffffdfffdfffffffffffffce7a0f
:108f68004a6a4a6a528a528a4a8a4a8a4a8a4a6aa9
:108f78004a6a4a6a4a6a4a6a4a6a4a6a4a6a4a6a49
:108f88004a6a4a6a4a6a4a6a4a6a4a6a4a6a31a715
:108f98007befffffffffffffffffbdf74a496b6e47
:108fa800528a4a6a528a528a528a528b528a528a00
:108fb800528a528a528a528a4a8a4a8a528a528ad9
:108fc8004a6a4a4983f0ef5dfffff7bebdd77bcf02
:108fd8005aeb6b6dbdf7ffdfffffffffffff84312b
:108fe8004a494a6a4a8a4a8a4a8a4a8a4a8a4a8a3a
:108ff8004a8a4a6a4a6a4a6a4a6a4a6a4a6a4a6aa9
:109008004a6a4a6a528a528b39e7c659fffffffffc
:10901800fffff79e630c6b4d5aec4a8a4a8a528ac4
:10902800528a4a8a4a8a4a8a4a8a4a8a4a8a4a6ab0
:109038004a6a4a6a4a6a4a6a4a6a4a6a4229632df5
:10904800dedbf7beb5b67bef630c62ec9cd3f79e14
:10905800ffffffffffffa535424942494a8a4a6a96
:109068004a6a4a6a4a6a4a6a4a6a4a6a4a6a4a6a58
:109078004a6a4a6a4a6a4a6a4a6a4a6a4a495acbf8
:1090880031868430f79effffffffffffc618630c91
:109098007bcf632d4a6a528b4a8a528a528a528bf4
:1090a800528b528b528b528b528b528b528b528bd0
:1090b800528b528a528a4a8a4a8a4a8a4a6a4a6a2f
:1090c8004a6a42494a6a6b6ea514dedbf7beffffa7
:1090d800ffffa5144a6a4a6a528b528a528a528af8
:1090e800528a528a528a4a8a4a8a4a8a4a6a4a6a00
:1090f8004a6a4a6a4a6a4a6a5acc39c7738ef79ddd
:10910800e71c5acb738e6b4e528b52ab52ab52aba1
:10911800528b528a528b528a528a528a528a528a65
:10912800528a528a4a8a4a6a4a8a42295acbdedbda
:10913800fffff7beb596ad55ffffffffffffce7ae5
:109148004a6a4a4a4a8a4a6a4a6a4a6a4a6a4a6a77
:109158004a6a4a6a4a6a4a6a4a6a4a6a4a6a4a6a67
:109168004a6a4a6a4a6a4a4a4a494a6a4a6a31a774
:109178007befffffffffffffffffbdf742296b4dae
:109188004a8a4a6a4a8a4a8a528a528a528a528a37
:109198004a8a4a8a4a8a4a6a4a8a4a6a4a6a4a6aa7
:1091a8004a8a4a4a42098410ce79843139c73186bd
:1091b80039a7296652aae73cffffffffffff94b3d8
:1091c80042294a4a4a6a4a6a4a6a4a6a4a6a4a6a60
:1091d8004a6a4a6a4a6a4a6a4a6a4a6a4a6a4a6ae7
:1091e8004a6a4a6a528a528b39c7c638ffffffff5c
:1091f800fffff79e632c6b4d5aec4a8a4a6a4a6a0b
:109208004a6a4a6a4a6a4a6a4a6a4a6a4a6a4a6ab6
:109218004a6a4a6a4a6a4a6a4a4a4a494a4939e89b
:109228006b4d73ae39e8318639a731a73166bdd7a2
:10923800ffffffffffffb596424942294a6a4a6a83
:109248004a6a4a6a4a6a4a6a4a6a4a6a4a6a4a6a76
:109258004a6a4a6a4a6a4a4a4a4a4a494a4952ab9f
:1092680031868410f79effffffffffffc638630caf
:1092780073ae630c4a4a528a4a8a4a8a4a8a4a8a96
:10928800528a528a528a528a528a528a528a528af6
:10929800528a4a8a4a8a4a8a4a8a4a6a420939e87a
:1092a800528a8410bdf7ef7dffdfffffffffffff4e
:1092b800ffff9d1442494a6a528a4a8a4a8a4a8a60
:1092c800528a4a8a4a8a4a8a4a6a4a6a4a6a4a6a6e
:1092d8004a6a4a6a4a6a4a4a5acc39c7738ef79e1a
:1092e800e71c5acb6b6d634d4a8a52ab528b528a3c
:1092f800528a4a8a528a528a528a528a528a4a8a96
:109308004a8a4a6a4a6a4a6a4a6a4a494a498c51ae
:10931800b5b6738e4a498c51ffffffffffffd69aff
:109328004a6a4a494a6a4a6a4a6a4a6a4a6a4a6ab6
:109338004a6a4a6a4a6a4a6a4a6a4a6a4a6a4a6a85
:109348004a6a4a4a4a494a494a494a6a4a6a3187f4
:109358007befffffffffffffffffbdf74228632df5
:109368004a6a4a6a4a6a4a6a4a6a4a6a4a6a4a6a55
:109378004a6a4a6a4a6a4a6a4a6a4a6a4a6a4a6a45
:109388004a6a4a6a42494a495acb422939e8420854
:10939800420939c74229dedbffffffffffff8c517f
:1093a80042094a4a4a6a4a6a4a6a4a6a4a6a4a6a9e
:1093b8004a6a4a6a4a6a4a6a4a6a4a6a4a6a4a6a05
:1093c8004a6a4a6a528a528b39c7c638ffffffff7a
:1093d800fffff79e632c632c5aec4a6a4a6a4a6a72
:1093e8004a6a4a6a4a6a4a6a4a6a4a6a4a6a4a6ad5
:1093f8004a6a4a6a4a4a4a4a4a494a494a494229b1
:109408004208420831a731863186296639e7ce59a4
:10941800ffffffffffff94d3420942294a6a4a6ac5
:109428004a4a4a6a4a6a4a6a4a6a4a6a4a6a4a6ab4
:109438004a4a4a494a494a494a494a49424952ab29
:1094480031868410f79effffffffffffc6385aecf6
:109458006b6e5aec4a494a8a4a8a4a8a4a6a4a6a6e
:109468004a6a4a8a4a8a4a6a4a6a4a8a4a6a4a6af4
:109478004a8a4a6a4a6a4a493a084229630c94b3b2
:10948800ce59e73df7beffffffffffffffffffffde
:10949800d69a6b8e42294a6a4a6a4a6a4a6a4a8a4c
:1094a8004a6a4a6a4a6a4a6a4a6a4a6a4a6a4a6a14
:1094b8004a6a4a6a4a4a4a495acb39a76b6df79da4
:1094c800e71c52ab632d632d4a6a528a4a8a4a8a3c
:1094d8004a6a4a6a4a6a4a8a4a8a4a6a4a6a4a6aa4
:1094e8004a6a4a6a4a6a4a6a4a6a4a4a4a4942295e
:1094f800422931a739a78c51ffffffffffffce9a02
:109508004a6a42294a6a4a4a4a4a4a4a4a6a4a4a7c
:109518004a4a4a6a4a6a4a4a4a4a4a6a4a4a4a4a43
:109528004a4a4a494a49424942294a494a6a318685
:109538007bcfffffffffffffffffbdf74208630c74
:109548004a6a4a6a4a6a4a6a4a6a4a6a4a6a4a6a73
:109558004a6a4a6a4a6a4a6a4a6a4a6a4a6a4a6a63
:109568004a6a4a494a4a422939e8420842494a4924
:10957800422931a76b4def5dfffffffff79e632d7b
:1095880042084a4a4a4a4a4a4a4a4a4a4a6a4a6a3d
:109598004a6a4a6a4a6a4a6a4a6a4a4a4a4a4a4984
:1095a8004a494a494a6a528a39c7c638ffffffff03
:1095b800fffff79e630c5aeb5acb4a6a4a6a4a6a1b
:1095c8004a6a4a6a4a6a4a6a4a6a4a6a4a6a4a4a13
:1095d8004a4a4a4a4a494a494a494a494a494a49e9
:1095e8004209420852ab5aec5acb6b4db5b6f7be9e
:1095f800ffffffffdefb5acb39e842494a4a4a4996
:109608004a494a494a494a494a4a4a4a4a4a4a49b7
:109618004a494a494249422942294229422952abe8
:1096280031868430f79effffffffffffc6385acb15
:10963800634d5aec42494a6a4a6a4a6a4a6a4a6a1d
:109648004a6a4a6a4a6a4a6a4a6a4a6a4a6a4a6a72
:109658004a6a42494208528b7bf0ad76e71cf7be56
:10966800ffffffffffffffffffffe71cad5573afd5
:109678004a6a42084a4a4a6a4a6a4a6a4a6a4a6acc
:109688004a6a4a6a4a6a4a6a4a6a4a6a4a4a4a4a72
:109698004a494a494a49424952ab31a76b6df77d5d
:1096a800e73c52aa630c5b0c4a6a4a6a4a6a4a6aed
:1096b8004a6a4a6a4a6a4a6a4a6a4a6a4a6a4a6a02
:1096c8004a6a4a6a4a6a4a6a4a4a4a494a4942299d
:1096d8004208420842088c72ffffffffffffce7a64
:1096e8004a4942294a494a494a494a494a494a4902
:1096f8004a494a4a4a494a494a494a494a494a49c9
:109708004a494a494249422942294a494a6a3186cc
:109718007bcfffffffffffffffffbdf742085acbdc
:109728004a6a4a494a4a4a4a4a6a4a6a4a6a4a6af2
:109738004a6a4a6a4a4a4a4a4a4a4a4a4a4a4a4a41
:109748004a4a4a494a494a494a49424942294229d0
:1097580039c74249c639ffffffffffffbdf742087f
:1097680042094a494a494a494a494a494a494a4aa0
:109778004a4a4a4a4a4a4a4a4a494a494a494a4945
:109788004a4942294a6a4a6a39c7c638ffffffff71
:10979800fffff79e630c52ab52ab4a4a4a4a4a4a09
:1097a8004a4a4a4a4a4a4a4a4a4a4a4a4a4a4a4a11
:1097b8004a494a494a494a49424942494249422949
:1097c80042294228b5b6e73ce71cef5dffffffffe3
:1097d800f7bebdd75acb39c742294a494a494a49ef
:1097e8004a494a494a494a494a494a494a494a49d9
:1097f8004249422942294229422942294229528b77
:1098080029868430f79effffffffffffc63852cb43
:10981800630c5acc42494a6a4a4a4a4a4a4a4a6afc
:109828004a6a4a6a4a6a4a6a4a4a4a494a4a4a4a11
:1098380042295acb94b3d6baef7dffffffffffff53
:10984800fffffffff79ebdd77bef528a39e731a7ad
:1098580039c742294a4a4a4a4a4a4a4a4a4a4a4a1d
:109868004a4a4a4a4a4a4a4a4a4a4a4a4a4a4a4951
:109878004a49424942494229528b31876b6df79dcb
:10988800e73c52ab5acb5aec4a494a6a4a4a4a4ad6
:109898004a4a4a6a4a6a4a6a4a6a4a6a4a6a4a4a60
:1098a8004a4a4a4a4a4a4a4a4a494a494a494a4914
:1098b8004a49422942088c71ffffffffffffce791a
:1098c800422942294a494a494a494a4942494a4950
:1098d8004a494a494a494a494a494a494a494a49e8
:1098e8004249422942294229422942494a4a318663
:1098f8007befffffffffffffffffbdf739e8528a4d
:109908004a4942494a494a494a494a494a4a4a4abd
:109918004a4a4a494a494a494a494a494a494a49a6
:109928004a494a494a49424942294229422939c7aa
:109938004208b596ffffffffffffef7d632d39c794
:109948004229424942494249424942494a494a49c7
:109958004a494a494a494a494249424942494229a7
:10996800422942294a494a6a31a6c618ffffffff21
:10997800fffff79e630c528a528b4a494a494a496b
:109988004a494a494a494a494a494a494a494a4937
:109998004a494249424942494229422942294229df
:1099a80042084228d6baffffffffffffffffffff75
:1099b800ef7d8c7231a739c7422942494229422991
:1099c8004229422942294249422942294229422917
:1099d80042294229422942294229422942084a8adf
:1099e80029668410f79effffffffffffc63852aac3
:1099f8005acb52ab42294a494a494a494a494a49f3
:109a08004a494a494a494a494a494a494a494a49b6
:109a180039c79492f79effffffffffffffffffff8d
:109a2800d69a843052aa39e831a731a739e84208d2
:109a38004229424942494249424942494a494a49d6
:109a48004a494a494a494a494a494a494249424986
:109a58004229422942294229528b31866b6df79e51
:109a6800e73c52aa52ab5acb4a494a494a494a4961
:109a78004a494a494a494a4a4a494a494a494a4945
:109a88004a494a494a49424942494249424942297e
:109a98004249420839e88c51ffffffffffffce79aa
:109aa800422942294a494a494249422942294229e6
:109ab8004229422942294229422942294249424906
:109ac8004229422942294229420942294a493186e2
:109ad8007befffffffffffffffffbdf739c74a6ab4
:109ae8004a4942294249424942494a494a494a4916
:109af8004a494a4942494249424942494229422936
:109b080042294229422942294229422939c7420881
:109b1800ad75ffdfffffffffffdf843031a742088d
:109b280042294229422942294229422942294249b5
:109b38004229424942494229422942294229422985
:109b48004229420942494a4931a6c638ffffffff68
:109b5800fffff79e5aec42494a6a4a49424942493c
:109b68004249424942494249422942294229422915
:109b78004249424942294229422942294229422945
:109b88003a084208bdf7f7bef79effffffffffff49
:109b9800ffdfef5dbdd752ab39e8422942294229a0
:109ba8004229422942294229422942294229422955
:109bb80042294229422942294209420842084a8a3e
:109bc80029458410f79effffffffffffc63852aa02
:109bd80052ab52ab42294249424942494249424961
:109be8004249424942494249422942294249422975
:109bf80031a79cd3ffffffffffffffffffffffff22
:109c0800dedb8c5142292945296639e84229422957
:109c180042294229422942294229422942294229e4
:109c280042294229422942294229422942294229d4
:109c380042294229422942294a6a3186738ef79e6f
:109c4800e73c528a4a6a52ab42494a494a49424920
:109c5800424942494a494a49424942494249424994
:109c68004249422942294229422942294229422974
:109c78004229420839e88c51ffffffffffffce79e8
:109c8800422942094a494a49422942294229422944
:109c98004229422942294229422942294229422964
:109ca8004229422942294209420842094229318669
:109cb8007befffffffffffffffffbdf739a74a4913
:109cc8004229422942294229422942294229422934
:109cd80042494249422942294229422942294229e4
:109ce8004229422942294229422931a74a49b5969f
:109cf800ffdffffffffff7be8c5131a739e842298c
:109d080042294229422942294229422942294229f3
:109d180042294229422942294229422942294229e3
:109d2800420942084229422931a7c638ffffffffee
:109d3800fffff79e5aeb42084a4a42294229422924
:109d480042294229422942294229422942294229b3
:109d580042294229422942294229422942094208e4
:109d68004208420852ab632c630c6b4dad55f7beed
:109d7800ffffffffffffad75420939e8422942297d
:109d880042294229422942294229422942094209b3
:109d980042294209420942084208420842084a6ade
:109da80029458410f79effffffffffffce59528a17
:109db8004a6a528a42294229422942294229422989
:109dc8004229422942294229422942294229422933
:109dd80039e85acbad55ef5dffffffffffffffffef
:109de800ffdff79edefbb5967bcf4a4931a731c727
:109df8004208422942294229422942294229422924
:109e080042294229422942294229422942294229f2
:109e180042294229422942084a6a3186738ef79eae
:109e2800e73c528a4229528a4229424942494229f8
:109e380042294229422942294229422942294229c2
:109e480042294229422942294229422942294229b2
:109e58004229420839e88c51ffffffffffffd69add
:109e680042294208422942294229422942294229b3
:109e78004229422942294229422942294229422982
:109e880042294209420842083a08420842293186d2
:109e980083f0ffffffffffffffffbdf73186420999
:109ea8004229422942294229422942294229422952
:109eb8004249422942294229422942294229422922
:109ec800422942294229420831a7528abdf8ffff98
:109ed800ffffffffef5d841031a739c742294229f0
:109ee8004229422942294229422942294229422912
:109ef8004229422942294229422942294229420922
:109f08004208420842294a2931a7c638ffffffff05
:109f1800fffff79e5aeb39e84a494229422942296c
:109f280042294229422942294229422942294229d1
:109f380042294229422942094209420942083a086b
:109f48003a08420839c731a731a7318631869cd3f0
:109f5800f7dfffffffffef7d630c39e84208422976
:109f68004229420942094209420842084208420875
:109f7800420842084208420842083a0839e84a6a50
:109f880029458410f79effffffffffffce594a8a3d
:109f980042494a6a422942294229422942294229f8
:109fa8004229422942294229422942294229420971
:109fb800420939c739c75acb8431b5b6ef7dffff9f
:109fc800ffffffffffffffffef7dd6baa535738eba
:109fd800422939e84229422942294229422942296b
:109fe8004229422942294229422942294229422911
:109ff80042094209420942084a6a29666b6df79e7e
:10a00800e73c528a42084a8a42294229422942297f
:10a0180042294229422942294229422942294229e0
:10a028004229422942294209420942094209420970
:10a03800422939e839c78c51ffffffffffffd69a45
:10a0480042294208422942294229422942294229d1
:10a0580042294229422942094229422942294209e0
:10a06800420942084208420839e842084229316652
:10a078007befffffffffffffffffbdf731864208c1
:10a088004229422942294229422942294229422970
:10a098004229422942294229422942294229422960
:10a0a80042294229420839c7632dce79ffffffffb5
:10a0b800ffffce795aec296631a739e839e83a0822
:10a0c8004229422942294229422942294229422930
:10a0d8004209420942094209420942094208420822
:10a0e800420842084229422931a7c638ffffffff2c
:10a0f800fffff79e5aec39c74229422942294229d3
:10a10800422942294229422942094229422942092f
:10a11800420942084208420842084208420839e80f
:10a1280031a731a739e839e839e839c718e46b6e3f
:10a13800f79effffffffffdf6b6e39e839e8420843
:10a1480042084208420842084208420842084208b7
:10a158004208420842083a083a0839e839e84a49c0
:10a1680029458410f79effffffffffffce594a697c
:10a1780042094a6a42094229422942294229422976
:10a1880042294229422942294229422942094209af
:10a1980042083a0839c731a731a739c75acb947250
:10a1a800ce79ffdfffffffffffffffffffdfef7d40
:10a1b800ce596b6e39e84208422942294229422980
:10a1c8004209420942094209420942094209420830
:10a1d80042084208420839e84a4a29666b6df79ee8
:10a1e800e73c528a42084a6a4229422942294229be
:10a1f80042294229422942294229422942294229ff
:10a208004229422942294208420842084208420893
:10a21800422939e839c78431ffffffffffffd69a8b
:10a22800422939e842294229422942294229420938
:10a2380042084208420842084208420842084208c6
:10a2480042084208420839e839e8420842092966c2
:10a258007befffffffffffffffffbdf7318639e808
:10a26800420942094209420942094229422942292e
:10a2780042294229420942294229420942094208ff
:10a288004209420839e88410e73cffffffffffff5f
:10a29800ce795aeb31a742084a4942494a494229ec
:10a2a8004209420942084209420842084208420853
:10a2b80042084208420842084208420842083a084e
:10a2c8003a0842084229422931a6c638ffffffff53
:10a2d800fffff79e5aec31a7422942294209422939
:10a2e8004209420942084208420842084208420814
:10a2f800420842084208420842083a0839c78c51c5
:10a308009cd35b0c39c83186316629664229bdd792
:10a31800ffffffffffffef7d5aec39c742084208f5
:10a3280042084208420842084208420842084208d5
:10a3380042083a0839e839e839e839e839e8424959
:10a34800212583f0f79effffffffffffce594a4903
:10a3580039e84a4a42094209420942084208420980
:10a36800420942094209422942094209420842086f
:10a378004208420842083a0839c831a7318631866e
:10a388004228738ead55e73cffffffffffffffff3d
:10a39800ffffa51439e839c84209420942094208b1
:10a3a8004208420942094208420842094209420851
:10a3b8003a083a083a0839e84a4929666b6df79d20
:10a3c800e73c528a39e84a6a420942094209420985
:10a3d800420942094209420942084208420942091f
:10a3e8004209420942084208420842084208420813
:10a3f800420839e831a78431ffffffffffffd69af3
:10a40800422939e8422942094209420942094208d7
:10a4180042084208420842084208420842084208e4
:10a428004208420839e839e839e839e84208296633
:10a438007befffffffffffffffffbdf7316639e846
:10a4480042094208420842094209420842094208b0
:10a45800420942094208420942094209420842089f
:10a46800420839c873afef7dffffffffffffffff13
:10a47800e71cc639ce7ad69ad69ad69ad6babdd716
:10a488004a6a39e842084208420842084208420833
:10a4980042084208420842083a083a0839e839e8c6
:10a4a80039e839e84208420931a6c638fffffffffc
:10a4b800fffff79e5aeb31864209420942084208db
:10a4c8004208420842084208420842084208420834
:10a4d80039e839e839e839e839e839c739c7c638d1
:10a4e800ffdfef5dbdf89cd38c519cd3d69affdf7c
:10a4f800ffffffffffffb59639e731a7420839e8ac
:10a5080039e83a0839e839e83a08420839e83a08af
:10a518003a0839e839e839e839e839c839c7422901
:10a5280021257beff79effffffffffffce59422952
:10a5380039c84a49420942094208420842084208c1
:10a5480042084208420842084208420842084208b3
:10a558003a083a083a083a0839e839e839e831c790
:10a5680031a7318631a7528a8430c638f7beffff3b
:10a57800ffffad5539e839c742084208420842088a
:10a58800420842084208420842083a083a0839e8ac
:10a5980039e839e839e839e84a4929666b6def7dc9
:10a5a800e73c526a39e84a4a4208420842084208e7
:10a5b8004208420842084208420842084208420843
:10a5c80042084208420842083a083a083a083a0853
:10a5d800420839c731a78c51ffffffffffffdefba1
:10a5e8004a4939c842084208420842084208420813
:10a5f8004208420839e839e839e83a083a0842088e
:10a6080041e839e839e839e839e839e839e82966c4
:10a618007befffffffffffffffffbdf7296639c88c
:10a628003a084208420842084208420842084208da
:10a6380042084208420842084208420842084208c2
:10a6480039e831c794b3ffffffffffffffffffffac
:10a65800ffffffffffffffffffffffffffffef5db4
:10a66800528a31a742084208420842084208420872
:10a678003a0839e839e839e839e839e839e839e8a9
:10a6880039e839e8420842083186c618ffffffff5b
:10a69800fffff79e5acb318642084208420842081b
:10a6a8004208420842083a083a08420839e839e8b4
:10a6b80039e839e839e839e839e831a74249defbb1
:10a6c800ffffffffffffffdff7beffdfffffffff1b
:10a6d800ffffffffdedb52aa318639c739e839e8c8
:10a6e80039e839e839e839e839e839e839e839e85a
:10a6f80039e839e839e839c839c839c739c7422982
:10a7080021247beff79effffffffffffce59422971
:10a7180031c7424942084208420842083a083a0802
:10a728004208420842083a083a083a083a083a08f9
:10a738003a083a0839e839e839e839e839e839e8c7
:10a7480039e839c831a731a6318639e8632ca4f431
:10a75800dedb8c5139c739c842083a083a0839e86b
:10a7680039e83a083a083a0839e839e839e839e876
:10a7780039e839e839e839e8422929456b4def7d50
:10a78800e73c4a6a39c74249420842084208420837
:10a798004208420842083a083a08420842083a0879
:10a7a8003a0842083a0839e839e839e839e839e82e
:10a7b80039e839e839c76b6ededbe71cdefbb59696
:10a7c800420839e842083a0839e839e83a083a08c4
:10a7d80039e839e839e839e839e839e839e839e869
:10a7e80039e839e839e839e839e839e839e829450c
:10a7f8007bcfffffffffffffffffbdf7296639c7cc
:10a8080039e839e83a08420842083a083a083a0862
:10a818003a083a0842083a083a083a083a08420810
:10a8280039c731a794b3ffffffffffffffffffff0b
:10a83800ffffffffffffffffffffffffffffe71c1b
:10a848004a6a31a739e83a0839e839e839e839e88d
:10a8580039e839e839e839e839e839e839e839e8e8
:10a8680039e839e8420842083186c618ffffffff79
:10a87800fffff79e5acb31864208420839e83a086a
:10a8880042083a083a083a0839e839e839e839e82c
:10a8980039e839e839e839e839e831c739e8a53419
:10a8a800f79effffffffffffffffffffffffffff19
:10a8b800f79eb59652ab296639a739e839e839e8e1
:10a8c80039e839e839e839e839e839e839e839e878
:10a8d80039e839e839c839c839c839c839c74209df
:10a8e80021257beff79effffffffffffce5942496f
:10a8f80031a742293a083a0842083a0839e839e8bb
:10a9080039e839e83a083a083a083a083a083a0871
:10a9180039e839e839e839e839e839e839e839e827
:10a9280039e839e839e839e839c73187296631a67d
:10a93800422839e839c839e839e839e839e839e8de
:10a9480039e839e839e839e839e839e839e839e8f7
:10a9580039e839e839e839e8424929456b4def7d4e
:10a96800e73c4a6931a742293a0839e839e83a0800
:10a978003a0839e839e839e839e839e839e839e8a6
:10a9880039e839e839e839e839e839e839e839e8b7
:10a9980039e839e839e83a084a494a694a494208e7
:10a9a80039c739e839e839e839e839e839e839e8b8
:10a9b80039e839e839e839e839e839e839e839e887
:10a9c80039e839e839e839e839e839e839e829452a
:10a9d8007bcfffffffffffffffffbdf7296639a70a
:10a9e80039e839e839e839e839e839e839e839e857
:10a9f80039e839e839e839e839e839e839e839e847
:10aa080039e839c752cb841084108410841084101c
:10aa180084108410841084108410841084106b6e49
:10aa280039e839c839e839e839e839e839e839e836
:10aa380039e839e839e839e839e839e839e839e806
:10aa480039e839e8420839e83186c618ffffffffc0
:10aa5800fffff79e5acb31863a083a0839e83a0898
:10aa68003a083a0839e839e839e839e839e839e894
:10aa780039e839e839e839c839e839e831a739e730
:10aa88005aec8410a514b5d6bdf7bdd7a5348430cb
:10aa98005aeb31a7296631a739c739c739c839e808
:10aaa80039e839e839e839e839e839e839e839e896
:10aab80039c839c839c839c839c839c739c742083f
:10aac80021247beff79effffffffffffce5942498e
:10aad80031a7422939e839e839e839e839e839e865
:10aae80039e839e839e839e839e839e83a083a0814
:10aaf80039e839e839e839e839e839e839e839e846
:10ab080039e839e839e839e839e839e839c731a79f
:10ab1800298631a739e839e839e839e839e839e8e0
:10ab280039e839e839e839e839e839e839e839e815
:10ab380039e839e839e839c8422929456b4def7dac
:10ab4800e73c42292966422939e839e839e839e8f1
:10ab580039e839e839e839e839e839e839e839e8e5
:10ab680039e839e839e839e839e839e839e839e8d5
:10ab780039e839e839e839c731a73186318631a74c
:10ab880039c739e839e839e839e839e839e839e8d6
:10ab980039e839e839e839e839e839e839e839e8a5
:10aba80039e839e839e839e839c739e839e8212591
:10abb8007bcfffffffffffffffffbdf7294531a751
:10abc80039e839e839e839e839e839e839e839e875
:10abd80039e839e839e839e839e839e839e839e865
:10abe80039e839e831a731863186318631663186d0
:10abf8003186318631863186318631863186318695
:10ac080039c739e839e839e839e839e839e839e855
:10ac180039e839e839e839e839e839e839e839e824
:10ac280039e839e7420839a72965c618ffffffff49
:10ac3800fffff79e5acb296639e839e839e839e841
:10ac480039e839e839e839e839e839e839e839e8f4
:10ac580039e839e839e839c839c739c739c731a7b0
:10ac680031862966318631a639a731a7318629660a
:10ac78002966318631a739c739c739c739c739c8ad
:10ac880039e839e839e839e839e839e839e839e8b4
:10ac980039c839c739c739c739c739c731a7420889
:10aca80021047beff79effffffffffffce5942080d
:10acb8003187420939e839e839e839e839e839e8c3
:10acc80039e839e839e839e839e839e839e83a0853
:10acd80039e839e839e839e839e839e839e839e864
:10ace80039e839e839e839e839e839e839c839e874
:10acf80039c739c839c839e839e839e839e839e8a5
:10ad080039e839e839e839e839e839e839e839c853
:10ad180039c839e839e839c7422921256b4df79eea
:10ad2800ef5d422818e44229420939e839e83a082f
:10ad38003a083a0842084208420842083a084208d3
:10ad4800420842083a0839e839e839e839e839e880
:10ad580039e839e839e839e839e839e839c839c823
:10ad680039e839e839e839e842083a083a0839e868
:10ad780039e839e839e83a083a083a083a0839e83f
:10ad880039e839e839e839e839e8422931a718c3f8
:10ad98008430ffffffffffffffffc618212429664d
:10ada8004229420839e839e839e84208420841e8c6
:10adb800420839e839e839e839e839e839e839e85a
:10adc80039e839e839e839c739c739c739c739c718
:10add80039e839e839e839c839c839c739c739c805
:10ade80039e839e839e839e839e839e839e839e853
:10adf80039e839e839e839e839e839e839e839e843
:10ae080039e84208422921252945ce58ffffffff8e
:10ae1800fffff7be5aeb210439e8422939e839e83f
:10ae28003a083a083a083a083a083a0839e839e84c
:10ae380039e839e839e839e839c839c839e839e743
:10ae480039c731a731a731863186318631a731a775
:10ae580039c739e839c839c839c839c839e839e883
:10ae680039e83a0839e839e839e839e839e839e8b1
:10ae780039e839c839c839c839c739c739e839c785
:10ae880010828410f7beffffffffffffce7939c79e
:10ae980021044229420839e839e839e839e839e82b
:10aea80039e839e839e839e84208420842084208ee
:10aeb8003a0842083a083a0839e839e839e839e8f6
:10aec80039e839e839e839e839e839e839e839e872
:10aed80039e839e839e839e839e839e839e839e862
:10aee80039e839e839e839e839e839e839e839e852
:10aef80039e839e839e839e839e810a36b6df7be65
:10af0800f79e6b4d0841296539e839e839e839e891
:10af1800420841e83a084208420942084208420801
:10af2800420942084208420839e839e839e839e86c
:10af380039e839e8420841e839e839e839c739c712
:10af480039e842084208420841e8420842084209f2
:10af5800420839e839e842084208420842084208eb
:10af680042084208420839e841e839c718c318e3db
:10af7800ad75ffffffffffffffffe71c42081082d0
:10af8800318639e839e839e839e8420839e839e8f2
:10af980039e839e839e839e839e839e839e839c8c1
:10afa80039e839e841e842084208420842084208bc
:10afb800420842094209420842084208420841e858
:10afc80039e841e841e839e839e8420839e839e838
:10afd80041e8420842084208420839e839e839e8b5
:10afe80039e839c7296608614a49defbffffffffd8
:10aff800ffffffff841010a2212539c739e839e87f
:10b00800420842084208420942094209420839e80e
:10b0180039e839e839e839e839e839e839e839e820
:10b0280039e839e839e839e839e839e839e839e810
:10b0380039e839e839e839e839e839e839e839e800
:10b0480042084208420839e839e839e839e839e875
:10b0580039e839e839e839c739c739a7318618e3f3
:10b068001082a514ffffffffffffffffef5d52aa4d
:10b078000861296639e839e83a08420839e839e8c0
:10b0880039e839e839e839e839e839e839e839e8b0
:10b0980039e839e83a0839e839e839e839e839e87f
:10b0a80039e839e839e839e839e84208420839e83e
:10b0b80039e839e839e839e839e839e8420842082e
:10b0c800420839e84208420841e839e839e839e8ed
:10b0d80039e839e839c831a7210408828c71ffffa3
:10b0e800ffffb5b62965084118c318e318e318e34c
:10b0f80018e318e318e318e318e318e318e318e370
:10b1080018e318e318e318e318e318e318e318e35f
:10b1180018e318e318e418e318e318c318c318c3ae
:10b1280018e318e318e318e318e318e318e318e33f
:10b1380018e318c318c318c318e318e318e318e38f
:10b1480018e318e418e418e418e3108208415acb0d
:10b15800e71cfffffffffffffffff7be949218e316
:10b16800108218e318e418e318e318e318e318e367
:10b1780018e318e318c318e318e318e318e318e30f
:10b1880018e318e318e318e418e318e318e318e3de
:10b1980018e318e318e318e318e318e318e318e3cf
:10b1a80018e318e318e318e318e318e318e318e3bf
:10b1b80018e318e318e318e318e318e318e318e3af
:10b1c80018e318c3084118e39cd3f79effffffff5d
:10b1d800ffffffffce5939e7086118c3210418e4bf
:10b1e80018e418e418e418e418e418e318e318c39a
:10b1f80018c318c318c318c318c318c318c318c36f
:10b2080018c318e318e318e318e318c318c318c3de
:10b2180018e318e318c318c318e318e318e318e38e
:10b2280018e318e318c318c318c318c318c318c3fe
:10b2380018e318e318e318e318e318c310a2082169
:10b248004a69d6baffffffffffffffffffff9cf32e
:10b258002104084118e3210418e418e418e418e468
:10b2680018e418e418e318e318e318e318e318e3fc
:10b2780018e318e318e318e318e318e318e318e3ee
:10b2880018e318e318e318e318e318e318e318e4dd
:10b2980018e418e418e318e318e318e318e318e4cb
:10b2a80018e418e318e318e318e318e318e318e3bd
:10b2b80018e318e318e310a200204208c638ffff7d
:10b2c800ffffef5dad554a4918e310a218a318a374
:10b2d80010a210a210a218c318c310c210c210a244
:10b2e80010a210a210a210a318c318c318c318c321
:10b2f80018c318c318c318c318c318c318c318a38e
:10b3080018a210a218a318c318c318a318a210a231
:10b3180010a210a210a210a210a210a210a210a295
:10b3280018a218c318c318c310a22125632cc63845
:10b33800f79effffffffffffffffffbedefb8c5105
:10b3480039c718c310a218a310a210a210a210a2e5
:10b3580018c318c218a318c318a218a318c318c36f
:10b3680018c318c318c318c318c318c318c318a31d
:10b3780010a210a210a218c218c318c318a218a2ab
:10b3880018c318c318c318c310a310a210a218a377
:10b3980018c318c310a210a210a210a210a210a2c3
:10b3a80010a218e339e78c71defbf7beffffffff41
:10b3b800ffffffdff77db5764a69210418c318c37c
:10b3c80018c318c318c318c318a210a210a210a239
:10b3d80010a218a310a210a210a210a218a210a2c4
:10b3e80010a210a218a310a310a310a210a210a2ba
:10b3f80010a210a210a210a210a210a218c318c363
:10b4080010a210a210a210a210a210a210a210a2a4
:10b4180018c218a318c318c318c310a321045acb01
:10b42800bdd7f79effffffffffffffffffdfe71c12
:10b43800949239e718c310a210a210a218c218c318
:10b4480018c318c318c318c318c318a218a218a27f
:10b4580018a210a210a210a210a218a218c318c3f2
:10b4680018c318c318a210a218c218a218c318c368
:10b4780018c318c318c318c318c318c218a218c30e
:10b4880018c318c318a310a210a218c218c210a279
:10b4980010a210a210a2210452aab596ef7dffffb8
:10b4a800fffff7beef5dce589cf38c518c518c5149
:10b4b8008c518c518c518c518c718c718c718c711c
:10b4c8008c718c718c718c719492949294718c7132
:10b4d80094718c718c7194719492949294728c7111
:10b4e8008c718c718c718c718c718c718c718c716c
:10b4f8008c718c718c518c518c518c518c518c511c
:10b508008c518c718c518c518c71ad55d6baef7da4
:10b51800f7bfffffffffffffffffffdff79edefb29
:10b52800b5b694928c518c308c518c518c518c5175
:10b538008c718c718c718c718c718c718c719492f2
:10b548008c718c718c719471947194929492949280
:10b558008c718c718c718c71949294928c718c71a9
:10b568009472949294928c718c718c718c718c7190
:10b578009472949294718c718c718c518c3084304b
:10b5880084309cd3bdf7e71cf79effffffffffff4a
:10b59800fffffffff7beef5dc6389cf38c318c319f
:10b5a8008c518c7194928c718c518c518c518c5122
:10b5b8008c7194928c718c518c518c718c718c71b2
:10b5c8008c518c518c718c718c718c718c518c510b
:10b5d8008c518c518c518c518c518c518c518c715b
:10b5e8008c718c718c718c518c518c518c518c71eb
:10b5f8008c718c518c518c518c518c51a534d69aac
:10b60800ef7dffdfffffffffffffffffffdff7be5d
:10b61800e71cbdd79492841084308c518c518c5186
:10b628008c718c718c7194718c718c718c718c7122
:10b638008c518c518c718c518c518c718c718c719a
:10b648008c718c518c518c518c518c518c718c71aa
:10b658008c718c718c718c718c718c518c518c713a
:10b668008c718c718c718c518c518c518c518430b3
:10b67800843084308c51a534ce79ef5df7beffff5e
:10b68800ffffffffffdff79ee73ce71ce71ce71c17
:10b69800e71ce71ce71ce71ce71ce71ce71ce73c6a
:10b6a800e71ce73ce73ce73ce73ce73ce73ce73c9a
:10b6b800e73ce73ce73ce73ce73ce73ce73ce73c6a
:10b6c800e73ce73ce73ce73ce71ce71ce73ce73c9a
:10b6d800e73ce73ce71ce71ce71ce73ce71ce71cea
:10b6e800e71ce71ce71ce71ce71cef7df7beffdf44
:10b6f800ffffffffffffffffffffffffffdff7bebb
:10b70800ef5de73cdefbdefbe71ce71ce71ce71c04
:10b71800e73ce73ce71ce71ce71ce71ce71ce73ca9
:10b72800e73ce73ce73ce73ce73ce73ce73ce73cf9
:10b73800e73ce73ce71ce73ce73ce73ce73ce73c09
:10b74800e73ce73ce73ce73ce73ce73ce73ce73cd9
:10b75800e73ce73ce73ce73ce71ce71ce71ce71c49
:10b76800e71ce73cf79ef7deffffffffffffffff49
:10b77800fffffffffffff7beef7de73ce71ce71c7d
:10b78800e71ce71ce73ce71ce71ce71ce71ce71c79
:10b79800e71ce73ce71ce71ce71ce71ce71ce71c69
:10b7a800e71ce71ce71ce71ce71ce71ce71ce71c79
:10b7b800e71ce71ce71ce71ce71ce71ce71ce71c69
:10b7c800e71ce71ce71ce71ce71ce71ce71ce71c59
:10b7d800e71ce71ce71ce71ce71ce71cef5df79e6e
:10b7e800ffdfffffffffffffffffffffffffffff81
:10b7f800f7beef5de71cdefbdefbdefbe71be71cad
:10b80800e71ce71ce71ce73ce73ce71ce73ce71cb8
:10b81800e71ce71ce71ce71ce71ce71ce71ce71c08
:10b82800e71ce71ce71ce71ce71ce71ce71ce71cf8
:10b83800e71ce71ce71ce71ce71ce71ce71ce71ce8
:10b84800e71ce71ce71ce71ce71be71be71ce71cda
:10b85800e71ce71ce73cef5df79effdffffffffffc
:10b86800ffffffffffffffffffdfffdfffdfffdf60
:10b87800ffdfffdfffdfffdfffdfffdfffdfffdfd0
:10b88800ffdfffdfffdfffdfffdfffdfffdfffdfc0
:10b89800ffdfffdfffffffffffffffffffdfffdf30
:10b8a800ffdfffdfffdfffdfffdfffdfffdfffdfa0
:10b8b800ffdfffdfffdfffdfffdfffdfffdfffdf90
:10b8c800ffdfffdfffdfffdfffdfffdfffffffff40
:10b8d800ffffffffffffffffffffffffffffffff70
:10b8e800ffdfffdfffdfffdfffdfffdfffdfffdf60
:10b8f800ffdfffdfffdfffdfffdfffdfffdfffdf50
:10b90800ffdfffdfffffffdfffffffffffffffff9f
:10b91800ffdfffdfffdfffdfffdfffdfffdfffdf2f
:10b92800ffdfffdfffdfffdfffdfffdfffdfffdf1f
:10b93800ffdfffdfffdfffdfffdfffdfffdfffdf0f
:10b94800ffdfffdfffffffffffffffffffffffff3f
:10b95800ffffffffffffffffffdfffdfffdfffdf6f
:10b96800ffdfffdfffdfffdfffdfffdfffdfffdfdf
:10b97800ffdfffdfffdfffdfffdfffdfffdfffdfcf
:10b98800ffdfffdfffdfffdfffdfffdfffdfffdfbf
:10b99800ffdfffdfffdfffdfffdfffdfffdfffdfaf
:10b9a800ffdfffdfffdfffdfffdfffdfffdfffdf9f
:10b9b800ffdfffdfffdfffdfffdfffdfffdfffff6f
:10b9c800ffffffffffffffffffffffffffffffff7f
:10b9d800ffffffdfffdff7bef7beffdfffdfffdfa1
:10b9e800ffdfffdfffdfffdfffdfffdfffdfffdf5f
:10b9f800ffdfffdfffdfffdfffdfffdfffdfffdf4f
:10ba0800ffdfffdfffdfffdfffdfffdfffdfffdf3e
:10ba1800ffdfffdfffdfffdfffdfffdfffdfffdf2e
:10ba2800ffdfffdfffdfffdfffdfffdfffdfffdf1e
:10ba3800ffdfffdfffdfffdfffffffffffffffff8e
:10ba4800fffffffffffffffffffffffffffffffffe
:10ba5800ffffffffffffffffffffffffffffffffee
:10ba6800ffffffffffffffffffffffffffffffffde
:10ba7800ffffffffffffffffffffffffffffffffce
:10ba8800ffffffffffffffffffffffffffffffffbe
:10ba9800ffffffffffffffffffffffffffffffffae
:10baa800ffffffffffffffffffffffffffffffff9e
:10bab800ffffffffffffffffffffffffffffffff8e
:10bac800ffffffffffffffffffffffffffffffff7e
:10bad800ffffffffffffffffffffffffffffffff6e
:10bae800ffffffffffffffffffffffffffffffff5e
:10baf800ffffffffffffffffffffffffffffffff4e
:10bb0800ffffffffffffffffffffffffffffffff3d
:10bb1800ffffffffffffffffffffffffffffffff2d
:10bb2800ffffffffffffffffffffffffffffffff1d
:10bb3800ffffffffffffffffffffffffffffffff0d
:10bb4800fffffffffffffffffffffffffffffffffd
:10bb5800ffffffffffffffffffffffffffffffffed
:10bb6800ffffffffffffffffffffffffffffffffdd
:10bb7800ffffffffffffffffffffffffffffffffcd
:10bb8800ffffffffffffffffffffffffffffffffbd
:10bb9800ffffffffffffffffffffffffffffffffad
:10bba800ffffffffffffffffffffffffffffffff9d
:10bbb800ffffffffffffffffffffffffffffffff8d
:10bbc800ffffffffffffffffffffffffffffffff7d
:10bbd800ffffffffffffffffffffffffffffffff6d
:10bbe800ffffffffffffffffffffffffffffffff5d
:10bbf800ffffffffffffffffffffffffffffffff4d
:10bc0800ffffffffffffffffffffffffffffffff3c
:10bc1800ffffffffffffffffffffffffffffffff2c
:10bc2800fffffffffffff7dfde79d638de59de5969
:10bc3800de59de59de59de59de59de59de59de5944
:10bc4800de59de59de59de59de79de79de79de79b4
:10bc5800de79de59de59de79de79de79de79de7964
:10bc6800de79de79de99de99de79de79de9ade9a92
:10bc7800de9ade9ade9ade9ade9ade9ade9adebadc
:10bc8800debadebadebadebadedaef9dffffffff0c
:10bc9800ffffffffffffffffffffffffffffffffac
:10bca800f79ed6bace79ce79ce79ce7ace79ce79bc
:10bcb800ce79ce7ace7ace7ace79ce79d69ad69aef
:10bcc800d69ad69ad69ad69ad69ad69ad69ad69aec
:10bcd800d69ad69ad69ad69ad69ad69ad69ad6babc
:10bce800d6bad6bad6bad6bad6bad6bad6bad6bacc
:10bcf800d6bad6bad6bad6bad6bad6bad6bad6babc
:10bd0800d6bae71cffffffffffffffffffffffffa4
:10bd1800ffffffffffffffffffffdefbce59ce79de
:10bd2800ce79ce79ce79ce79ce79ce79ce79ce79d3
:10bd3800ce79ce79ce79ce79ce79ce79ce79ce7ac2
:10bd4800ce9ad69ad69ad69ad69ad69ad69ad69a73
:10bd5800d69ad69ad6bad6bad6bad6bad6bad6ba9b
:10bd6800d6bad6bad6bad6bad6bad6bad6bad6ba4b
:10bd7800d6bad6bad6bad6bad6bad6baef9dffffd1
:10bd8800ffffffffffffffffffffffffffffffffbb
:10bd9800fffff7bed6dbce99ce99ce99ceb9ceb9f4
:10bda800ceb9cebacebace99ce99cebacebad6ba86
:10bdb800d6bad6bad6bad6bad6bad6bad6bad6bafb
:10bdc800d6bad6bad6bad6bad6bad6bad6bad6baeb
:10bdd800d6bad6bad6bad6dad6dad6dad6bad6ba7b
:10bde800d6dad6dad6dad6bad6bad6bad6bad6ba6b
:10bdf800d6bad6bad6baef5dffffffffffffffff47
:10be0800ffffffffd617ab2cb2ebbb0bb30bb30b8b
:10be1800b30bb32cb32cb32cbb4cb32cb30bb30b5d
:10be2800b30bb30bb30bb30bb2eab2cab2cab2ca02
:10be3800bacabacabacabaaabaaabaa9ba89ba89bd
:10be4800ba89ba69b269b269b269b269b269ba89ba
:10be5800ba89b269ba69b269b248b228b228b228b6
:10be6800b228b228b228aa07a9e7a269b4d2f7beb5
:10be7800ffffffffffffffffffffffffffffad75a6
:10be880073ae738e738e73ae738e738e73ae73ae22
:10be98007bcf7bcf7baf738e738e738e738e738ed7
:10bea800738e738e6b6d6b6e738e6b6d6b6d736e45
:10beb800738e6b6d6b6d6b6d6b6d6b6d6b6d6b4db1
:10bec8006b4d6b2d6b2d632c630c632c630c630c17
:10bed800630c630c630c630c630c630c62ec630c03
:10bee8005aec5acb73afce79ffffffffffffffff7e
:10bef800ffffffffffffd6ba841073ae7bcf7bcf67
:10bf08007bef7bcf73ae73ae7bcf7bae73ae73ae7e
:10bf180073ae738e738e738e738e73ae73ae73ae91
:10bf280073ae73ae73ae738e738e738e6b6e6b6df2
:10bf38006b4d6b4d6b4d6b4d6b2d632c632c632cd4
:10bf4800632c632c632c632c630c630c630c630cf1
:10bf5800630c630c630c5aeb5aeb5acb630c94b228
:10bf6800ef9dffffffffffffffffffffffffffff4b
:10bf7800be3774ae64cd6ced6ccd6ccd74ee74ede3
:10bf88006ccd74ed6ccd6cac6cad6ccd6cac6ccc1c
:10bf98006ccd6ccc64ac64cc64cc64cc64cc64cc28
:10bfa80064ac64ab64ac64ac5c8b64ab64ab5cab3e
:10bfb8005cab5cab5cab5cab5cab5cab5c8a5c8a83
:10bfc8005cab5cab5c8a5cab5c8b5c8a548a546a05
:10bfd80054494c494c29542a8d11ef5dffffffff4e
:10bfe800ffffde18a228d2ebeb0beaaae2cae2aa0c
:10bff800e2cae2cae2ebe2ebeaebe2cae2aae2aaae
:10c00800e2aae289e289e289e269e248e248e24892
:10c01800e248e248ea48e228e208e207e1e7e1e725
:10c02800e1e7e1e7e1c6e1c6e1c7e1e7e1c7e1e74a
:10c03800e1e7e1c6e1a6e1a6e186e185e165e16522
:10c04800e165e165e145d924d8e3d0a298a29bae89
:10c05800f7dfffffffffffffffffffffad755acbc5
:10c068007bcf738e6b8e738f738e738e738e73af5d
:10c0780073af73af73af6b6e6b6e6b6e6b6e6b6e15
:10c088006b6e6b4d6b2d6b4d6b4d6b4d6b4d6b4de7
:10c098006b4d6b2d6b2d6b2d632d632d632d630df8
:10c0a8005aec5aec5aec5aec5acc5aec5acc5acbb9
:10c0b8005acc5acc5acb5acb5acb52ab52ab52abc6
:10c0c80052ab4a4a39c74a49ce59ffffffffffff23
:10c0d800ffffffffdedb5aeb6b6d84307bcf7bcf3e
:10c0e8007bf07bcf73af73af7bcf73af73af73af9f
:10c0f80073ae738e738e738e738e738e738e738e10
:10c10800736e738e736e6b6e6b6e6b6e6b4d632d91
:10c11800632d630c630c630c62ec5aec5aec5aec1a
:10c128005aec5aec5aec5acc5acb5acb5acb5acb7b
:10c1380052ab52ab52ab528a526a4a6a42293166b2
:10c148007bcfef7dffffffffffffffffffffb6176e
:10c158004c095d4b6e0d65cc65ac6dcc6dcc65ac9a
:10c1680065ab65ab658b658b658b658b5d8a5d8a19
:10c178005d8a5d8a5d8a5d8a5d8a558a558a5d8a8f
:10c188005d8a55695569556955695569556955698e
:10c198004d6955694d694d684d684d684d484d4824
:10c1a8004d484d484d484d484d484d48452845282f
:10c1b80045073ce63ce634a523836c4de73cffff8e
:10c1c800f77dab6dba68fb6de9a6e9a6e9c6e9a6f5
:10c1d800e9a6e9a6e9a6e9a6e9a6e9a6e9a6e9a6df
:10c1e800e9a6e9a6e986e986e986e986e9a6e9a64f
:10c1f800e9a6e9a6e9a6e986e986e986e986e9865f
:10c20800e986e986e986e986e986e986e986e986ae
:10c21800e986e986e986e986e986e986e185e165d0
:10c22800e165e165e145e165e165e945d08288e3dd
:10c23800c5f7ffffffffffffffffef5d630c7bcf3d
:10c24800738e5acc5aec5aec5aec5aec5aec5aec1b
:10c258005aec5acc5acc5acc5acc5aec5aec5acc46
:10c268005acc5aec5acc5acc5aec5acc5acc5acc56
:10c278005acb5acb5acb5acc5aec5aec5acc5acc49
:10c288005acc5acc5acb5acc5acb5acb5acb5acb7b
:10c298005acb5acb5acb52ab52ab52ab52ab52ab36
:10c2a80052ab52ab528a2945632def7dffffffff4a
:10c2b800ffffffff845152aa7bf0632d5aec5aec22
:10c2c8005aec5aec5aec5aec5aec5aec5aec5acc56
:10c2d8005acc5aec5acc5acc5acc5acc5acb5acb08
:10c2e8005acb5acb5acb5acb5acb5acb5acb5acb1e
:10c2f8005acb5acb5acb5acb5acb5acb5acb52ab36
:10c3080052cb5acb52ab52ab52ab52ab52ab52abf5
:10c3180052ab52ab52ab52ab528b528a528a420941
:10c328002966bdd7fffffffffffffffff79e6c6d7c
:10c33800550a660c55694d484d484d484d484d487d
:10c348004d484d484d484d484d484d484d48454845
:10c3580045484d484d4845484548454845484d4855
:10c368004d48454845284528454845484548454895
:10c37800454845484d484d4845484548452845287d
:10c38800452845284528452845284528452845273e
:10c39800450745074527452734e52344a574ffff8e
:10c3a800ef1c9aaadb6df269e124e165e165e145dc
:10c3b800e145e145e145e145e145e145e165e16505
:10c3c800e145e145e145e145e145e145e165e165f5
:10c3d800e165e165e145e145e145e145e145e165c5
:10c3e800e165e165e165e165e165e165e165e14535
:10c3f800e145e145e145e145d945d945d945d94525
:10c40800d945d945d924d945d945e145e124a0a242
:10c41800a450ffffffffffffffffce7a52aa84312f
:10c4280052ab4a6a528b528b528b528b528b528b25
:10c43800528b528a528a528b528b528b528b528b0e
:10c44800528b528b52ab52ab528b4a6a4a494a4979
:10c458004a6a4a6a4a4a42294a6a528b528b528b22
:10c4680052ab52ab528b528b528b528a528b528b9d
:10c47800528b528a528a528a528a528a528a528ad3
:10c48800528a528a52ab420939e7defbffffffffaf
:10c49800ffffffdf632c738e6b6e528b528b528bb8
:10c4a800528b528b528b528b528a528b528a528a9f
:10c4b800528a528b528b528a528b528a526a526ad1
:10c4c800528a4a6a4a8a528a528a4a8a528a528abc
:10c4d800528a528a528a528a4a8a528a528a4a8a84
:10c4e8004a8a528a4a6a4a6a528a528a528a528abc
:10c4f800528a4a8a4a8a4a6a4a6a4a6a4a6a52abe3
:10c5080029669492ffdfffffffffffffd6ba5c4c5e
:10c518006dcd5daa3ce74528450745074507450712
:10c5280045074507450745074507450744e73ce7ed
:10c538003ce73d073d0745074507450745074507cc
:10c54800450745073d073d07450745074507450793
:10c558004507450745074507450744e744e73ce7de
:10c568003ce73ce73ce73ce73ce73ce73ce73ce7ab
:10c578003ce73ce73ce73ce7458823c4746ef79efc
:10c58800ef1c9aaadb6df248e145e185e186e18579
:10c59800e185e185e185e185e185e185e185e18563
:10c5a800e185e165e165e165e165e165e165e16533
:10c5b800e165e165e165e165e165e165e165e16543
:10c5c800e165e165e165e165e165e165e165e14553
:10c5d800e145e145e145e145d945d945d945d94543
:10c5e800d945d945d945d924d944e145e124a8c339
:10c5f800a3efffffffffffffffffc638528a7bf064
:10c6080052ab528b52ab52ab52ab52ab52ab52ab5a
:10c6180052ab52ab52ab52ab52ab52ab52ab52ab2a
:10c6280052ab52ab52ab528b4a495acb8c51ad7676
:10c63800c618c638b5b79492632d4a49528a52ab88
:10c6480052ab528b528b528b528b528b528b528bda
:10c65800528b528a528a528a528a528a528a528af1
:10c66800528a528a528b4a4a39e7d6baffffffffed
:10c67800ffffffdf630c738e632d52ab52ab52abdf
:10c6880052ab52ab52ab52ab52ab52ab52ab52abba
:10c6980052ab52ab52ab52ab52ab52ab528b528bea
:10c6a800528b528b528b528b528b528b528b528b9a
:10c6b800528b528b528b528b528a528a528a528a8e
:10c6c800528a528a528a528a528a528a528a528a82
:10c6d800528a528a4a8a4a6a4a6a4a6a4a6a52abf9
:10c6e80031868c51f7beffffffffffffce79644c08
:10c6f80075cd5daa3d0745284528450845084508e4
:10c70800452845284528452845084508450845073a
:10c71800450745074507452845284528452845280c
:10c72800452845284528452845084507450845081a
:10c73800450845084508450845074507450745078d
:10c74800450744e745073ce73ce73ce73ce73ce76f
:10c758003ce73ce73ce73ce745682c05746ef77e10
:10c76800ef1c9a69d32bea48e145e165e165e1658b
:10c77800e165e165e165e165e165e165e165e16581
:10c78800e165e165e185e165e165e124e124e12414
:10c79800e124e104e124e165d965d965e165e104b5
:10c7a800e104e104e104e124e145e165e165e145f5
:10c7b800d945d945e145d945d945d945d945d94579
:10c7c800d945d945d945d924d924e145e145a0c35e
:10c7d8009befffffffffffffffffc618528a7bf0aa
:10c7e80052ab528b52ab52ab52ab52ab52ab52ab79
:10c7f80052ab52ab52ab52ab52ab52ab52ab52ab49
:10c80800528b52ab528a4a4a738ec638ef7dffdf8d
:10c81800fffffffffffff79edefb8c724a4a4a6a62
:10c8280052ab528b528b528a528b528b528b528afa
:10c83800528a528a528a528a528a528a528a4a8a18
:10c848004a8a528a52ab4a6a39c7ce79ffffffff3c
:10c85800fffff7be630c6b4d632d52ab52ab52ab6f
:10c8680052ab52ab52ab52ab52ab52ab52ab52abd8
:10c8780052ab52ab52ab52ab52ab52ab528b528b08
:10c88800528b528b528b528b528b528a528b528bb9
:10c89800528b528b528b528a528a528a528a4a8ab5
:10c8a8004a6a4a8a4a8a4a8a4a8a4a8a528a528af0
:10c8b800528a4a6a4a6a4a6a4a6a4a6a4a6a52cb3f
:10c8c80031868c51f7beffffffffffffc6785c4c37
:10c8d8006dce55aa3d074528450845084508450831
:10c8e80045084508450845284508450745073d07c3
:10c8f8003d0745073d073d063d063d274528452898
:10c908004528452845284528452845084508450817
:10c9180045074508450845084507450745074507ac
:10c928003ce73ce73ce73ce73ce73ce73ce73ce7e7
:10c938003ce73ce73ce73ce745682bc46c4df77e99
:10c94800e71c9a69d2ebea28e144e165e165e16513
:10c95800e165e165e165e165e165e165e165e1659f
:10c96800e165e165e185e145e1a6ec51f555f53470
:10c97800f554f4b2e228d903d965d944d945eb8de9
:10c98800f534f514f555f4f3eacbe124e145d9453e
:10c99800d945d945d945d945d945d945d945d9459f
:10c9a800d945d945d945d924d924d945e145a0c285
:10c9b80093cfffffffffffffffffbdf7526a7bf03a
:10c9c80052ab528a528b528b528b528b528b528b58
:10c9d800528b528b528b528b528b528b528b528b67
:10c9e800528b4a6a4a4a8431ef5dffffffffffff1f
:10c9f800fffffffffffffffffffff79e94b24a4aca
:10ca0800528a528b528a528a528a528a528a4a8a45
:10ca18004a8a4a8a4a8a4a8a4a8a4a8a4a8a4a6a8e
:10ca28004a6a4a6a52ab528a39c7ce59ffffffff9a
:10ca3800fffff79e630c6b4d630d52ab528b52abed
:10ca4800528b528b528b528b528b52ab52ab52ab96
:10ca580052ab528b528b528b52ab52ab528b528b86
:10ca6800528b528a528a528b528a528a528a528adc
:10ca7800528a528a528a528a4a8a4a8a4a6a4a6a2e
:10ca88004a6a4a6a4a6a4a6a4a6a4a6a4a6a4a8ade
:10ca98004a8a4a6a4a6a4a6a4a6a4a6a4a6a52ab85
:10caa80031868430f79effffffffffffc6585c4cbe
:10cab8006dce55aa3d07452845084508450845084f
:10cac80045084507450745074507450745073d0705
:10cad8003d073ce745076dcc65ab452735053d2649
:10cae8004527452845284528452845284508450817
:10caf80045074508450845084507450745073ce7f4
:10cb08003ce73ce73ce73ce73ce73ce73ce73ce705
:10cb18003ce73ce73ce73cc745482bc46c0def7d40
:10cb2800e71c9269d2ebea28d924e165e165e16561
:10cb3800e165e165e165e165e165e165e165e165bd
:10cb4800e165d965d965e144d965e4d2ffffffff06
:10cb5800ffffffdff595d944d924d904e2ebff5d47
:10cb6800fffffffffffff659da28d904d925d94579
:10cb7800d945d924d924d925d925d924d924d924a2
:10cb8800d924d924d924d924d924e145e12498a247
:10cb980093cfffffffffffffffffbdf74a6a73cf89
:10cba800528b4a8a528a528a528a528b528a528aa3
:10cbb800528a528a528a528a528a528a528a528a8d
:10cbc8004a8a4a496b6ee73dffffffffffffffdf21
:10cbd800bdf7ad75e73cffffffffffffef7e73cfab
:10cbe8004a494a8a528a528a4a8a4a6a4a6a4a6a2e
:10cbf8004a6a4a6a4a6a4a6a4a6a4a6a4a6a4a6a8d
:10cc08004a6a4a6a528b528b39c7c638ffffffff00
:10cc1800fffff79e630c6b4d630c528b528a528b4d
:10cc2800528b528a528a528a528a528b528b528b18
:10cc3800528b528a528a528a528b528a528a528a0a
:10cc4800528a528a528a528a528a528a528a528afc
:10cc5800528a4a8a4a8a4a6a4a6a4a6a4a6a4a6ac4
:10cc68004a6a4a6a4a6a4a6a4a6a4a6a4a6a4a6a1c
:10cc78004a6a4a6a4a6a4a6a4a6a4a6a4a4a52abe3
:10cc880029668410f79effffffffffffc6585c4c24
:10cc98006dce55aa3ce7450845073d0745074507ba
:10cca8004507450745073d073d073d073ce73ce786
:10ccb8003ce734e6554acf59e79cbef77e2f4d69cd
:10ccc80034e63ce6452745284528452845284508b3
:10ccd80045084508450845084508450744e73ce731
:10cce80044e73ce73ce73ce73ce73ce73ce73ce71c
:10ccf8003ce73ce73ce73cc745482bc46c2df77e36
:10cd0800e71c9249d2aaea07d924e165e165e16501
:10cd1800e165e165e145e145e145e145d945d945ab
:10cd2800d965d945d945e165d904d1a6e5d7ffff2d
:10cd3800ffffffffffbeebefd061d985f617ffffbe
:10cd4800fffffffff71cca69d0c3d924d945d924ee
:10cd5800d924d924d924d924d924d924d924d924e3
:10cd6800d924d924d924d924d924e124e12498a286
:10cd780093cfffffffffffffffffbdf74a69738ee9
:10cd8800528a4a6a528a528a528a528a528a528ae3
:10cd9800528a528a528a4a8a4a8a528a4a8a4a8acb
:10cda8004a4a4a4aad55ffffffffffffffdf8c717c
:10cdb80039c731a66b4de71cffffffffffffc61801
:10cdc8004a6a4a4a4a8a4a6a4a6a4a6a4a6a4a6abb
:10cdd8004a6a4a6a4a6a4a6a4a6a4a6a4a6a4a6aab
:10cde8004a6a4a6a528a528b39c7ce59fffffffff7
:10cdf800fffff79e630c632c5b0c528a528a528a9f
:10ce0800528a528a4a8a4a8a528a528a528b528a49
:10ce1800528a528a528a528a528a528a4a8a4a8a3a
:10ce28004a8a4a8a4a8a4a8a4a8a4a8a4a8a4a8a5a
:10ce38004a6a4a6a4a6a4a6a4a6a4a6a4a6a4a6a4a
:10ce48004a6a4a6a4a6a4a6a4a6a4a6a4a6a4a6a3a
:10ce58004a6a4a6a4a6a4a6a4a6a4a4a4a4952ab22
:10ce680029667beff79effffffffffffc6585c2b8d
:10ce780065ad55893ce745073ce73ce73ce73ce7bf
:10ce88003ce73ce73ce73ce73ce73ce73ce73ce782
:10ce98003ce734c6554ae79cfffffffff7dedf7b20
:10cea800a694658c3ce734e63d0745284528452887
:10ceb8004528452845084507450744e73ce73ce73a
:10cec8003ce73ce73ce73ce73ce73ce73ce73ce742
:10ced8003ce73ce73ce73cc645482bc46c2df77e55
:10cee800e71c9228ca68e9e7d924e145e145e1450c
:10cef800d945d945d945d945d945d945d945d9453a
:10cf0800d945d945d945d945d944d0a2c9e7ee79fb
:10cf1800fffffffffffff6bad1a6db2cffdfffff05
:10cf2800fffff77dcb6dc081d904d924d924d9243a
:10cf3800d924d924d924d924d924d924d924d90421
:10cf4800d924d924d924d924d904d924e12498a2cc
:10cf580093cfffffffffffffffffbdf74a696b6e2f
:10cf68004a6a4a6a4a6a4a6a4a6a4a8a4a8a4a8ab9
:10cf7800528a4a8a4a8a4a8a4a6a4a8a4a8a4a6a41
:10cf8800422952cbd6bbffffffffffffce3939e85e
:10cf9800318631a7296694b2ffdfffffffffef7ddf
:10cfa800632d42294a6a4a6a4a6a4a6a4a6a4a6a46
:10cfb8004a6a4a6a4a6a4a6a4a6a4a6a4a6a4a6ac9
:10cfc8004a6a4a4a4a8a528a39c7ce59ffffffff3e
:10cfd800fffff79e630c630c5aec4a8a4a6a4a6a56
:10cfe8004a6a4a6a4a6a4a6a4a6a528a528a528a21
:10cff800528a4a8a4a8a4a8a4a8a4a8a4a6a4a6ac1
:10d008004a6a4a6a4a6a4a8a4a8a4a6a4a8a4a6a18
:10d018004a6a4a6a4a6a4a6a4a6a4a6a4a6a4a4a88
:10d028004a6a4a6a4a6a4a6a4a6a4a6a4a6a4a6a58
:10d038004a6a4a6a4a6a4a6a4a4a4a49424952ab69
:10d0480029668410f79effffffffffffc658540ba9
:10d05800658c4d893ce73d073ce73ce73ce73ce70e
:10d068003ce73ce73ce73ce73ce73ce73ce73ce7a0
:10d078003ce734c64d09df7bffffffffffffffffe3
:10d08800ffffe79cbed77def4d49350634e63d07e7
:10d098004527450845073d073d073ce73ce73ce792
:10d0a8003ce73ce73ce73ce73ce73ce73ce73ce760
:10d0b8003cc73cc73cc73cc6454823e46c2df77ebb
:10d0c800e71c9228ca28e9e7d924d945d944d94484
:10d0d800d944d944d944d944d944d924d924d944a0
:10d0e800d924d944d944d944d945d924c8a2cacacb
:10d0f800f75dffffffffffbeedf7f659ffffffffec
:10d10800ffbed471c082d8e3d924d924d924d92424
:10d11800d924d924d924d904d904d904d904d904bf
:10d12800d904d904d904d904d904d904e10498a2aa
:10d1380093cfffffffffffffffffc5f84a496b4d85
:10d148004a6a4a4a4a6a4a6a4a6a4a6a4a6a4a6a57
:10d158004a6a4a6a4a6a4a6a4a6a4a6a4a6a4a6a27
:10d1680042296b4def7dffffffffffff9cd331a7e7
:10d1780039e8420831a7630cef7dffffffffffdfaf
:10d188007bf042094a494a6a4a6a4a4a4a6a4a4a0a
:10d198004a6a4a6a4a6a4a6a4a6a4a6a4a6a4a4a07
:10d1a8004a4a4a494a6a528a39c7c638ffffffffc6
:10d1b800fffff79e630c5aeb5acb4a6a4a6a4a6adf
:10d1c8004a6a4a6a4a6a4a6a4a6a4a6a4a6a4a8a97
:10d1d8004a6a4a6a4a6a4a6a4a6a4a6a4a6a4a6aa7
:10d1e8004a6a4a6a4a6a4a6a4a6a4a6a4a6a4a6a97
:10d1f8004a6a4a6a4a6a4a6a4a6a4a4a4a4a4a4ae7
:10d208004a4a4a6a4a6a4a6a4a6a4a6a4a6a4a6a96
:10d218004a6a4a4a4a4a4a4a4a494a49422952ab08
:10d2280031868410f79effffffffffffc658540b9f
:10d238005d6b4d893ce63d073ce73ce73ce73ce756
:10d248003ce73ce73ce73ce73cc73cc73cc73ce71e
:10d258003ce73cc73ca76d2dae35df3bffffffff2a
:10d26800fffffffffffff7bed75a9e9365ac3d0750
:10d2780034e63ce63d0745073d073ce73ce73ce72d
:10d288003ce73ce73ce73ce73cc73cc73cc73cc7fe
:10d298003cc73cc73cc634c6454823e46c2df77ee2
:10d2a800e71c9228ca07e9c6d904d924d924d92465
:10d2b800d924d944d924d924d924d924d924d9245e
:10d2c800d924d924d924d924d924d924d903c8c202
:10d2d800dbcfffffffffffffffffffffffffffffaa
:10d2e800e596c103d0a2d924d904d904d904d90414
:10d2f800d904d904d904d904d904d904d904d9043e
:10d30800d904d904d904d904d904d904e10498a2c8
:10d3180093cfffffffffffffffffc5f84229630c14
:10d328004a6a4a4a4a6a4a6a4a6a4a6a4a6a4a6a75
:10d338004a6a4a6a4a6a4a6a4a6a4a6a4a6a4a4966
:10d34800420873aef7bfffffffffffff8c5139c7dd
:10d3580039e8420839c75acbef5dffffffffffdf0f
:10d368008c51420842494a494a494a494a4a4a4a22
:10d378004a4a4a4a4a4a4a4a4a4a4a4a4a494a4907
:10d388004a494a494a6a526a39a7c638ffffffff25
:10d39800fffff7be630c52ab52ab4a6a4a6a4a6a4d
:10d3a8004a6a4a6a4a6a4a6a4a6a4a6a4a6a4a6ad5
:10d3b8004a6a4a6a4a6a4a6a4a6a4a6a4a6a4a6ac5
:10d3c8004a6a4a6a4a6a42293a083a083a084208be
:10d3d8004a494a6a4a6a4a6a4a4a4a4a4a494a4948
:10d3e8004a494a494a4a4a4a4a4a4a4a4a4a4a4998
:10d3f8004a494a494a494a4942494249422952ab5b
:10d4080031868410f79effffffffffffc658540abe
:10d41800556a4d6834c63ce73ce73ce73ce73cc707
:10d428003cc73cc73cc73cc73cc63cc73cc73cc7dd
:10d438003cc73cc73cc6346534464c887d4fbe77f4
:10d44800f7beffffffffffffffffffffefbdc7179f
:10d458007def450834c63d073d073ce73ce73ce720
:10d468003cc73cc73cc73cc73cc73cc63cc63cc69f
:10d478003cc634c634c634a6454723e46c2df77e33
:10d48800e71c9228c9c6e9a6d904d924d924d924e5
:10d49800d924d924d924d924d924d924d924d9249c
:10d4a800d924d924d924d924d924d924d924d8e3ce
:10d4b800d103e4d2ffffffffffffffffffffee797d
:10d4c800c1a6c881d924d904d904d904d904d90456
:10d4d800d904d904d904d904d904d904d904d9045c
:10d4e800d904d904d904d904d0e3d904d8e3908263
:10d4f8008bcfffffffffffffffffc61842085acb85
:10d508004a4a4a494a4a4a4a4a6a4a6a4a6a4a6af4
:10d518004a6a4a6a4a6a4a6a4a6a4a494a494229ee
:10d5280039e873afffdfffffffffffff843139c723
:10d5380039e8420839c75accef5dffffffffffdf2c
:10d548008c7239e842294a494a494a494a494a496a
:10d558004a494a494a494a494a494a494a49424933
:10d56800424942294a6a4a6a31a7c638ffffffff83
:10d57800fffff7be630c4a6a528a4a6a4a6a4a6ad5
:10d588004a4a4a4a4a6a4a4a4a4a4a6a4a6a4a6a73
:10d598004a6a4a6a4a6a4a6a4a6a4a6a4a4a4a4a23
:10d5a8004a494a494a6a73af843184318c5184317b
:10d5b80052ab42494a4a4a4a4a494a494a494a4967
:10d5c8004a494a494a494a494a4a4a494a494a49ba
:10d5d8004249424942494249422942294229528afa
:10d5e80031868410f79effffffffffffce584c0add
:10d5f8004d29454834c63ce73cc73cc73cc73cc7f7
:10d608003cc73cc73cc63cc63cc63cc63cc73cc7fe
:10d618003cc73cc63cc634a62c852c652c25340654
:10d62800546a9591d6faffdfffffffffffffffff68
:10d63800f7ded75a9651452834e63ce73ce73cc725
:10d648003cc73cc73cc73cc63cc63cc734c734a6ed
:10d6580034a634a634a634a63d2723a46c2df77e21
:10d66800e73c9208c965e985d904d904d904d924c5
:10d67800d924d924d924d924d924d904d904d9041a
:10d68800d904d904d904d904d904d924d924d8e38c
:10d69800d0a2e3efffffffffffffffffffffee1743
:10d6a800c903d0c2d924d904d904d904d904d904c6
:10d6b800d904d904d904d904d904d904d8e3d8e3be
:10d6c800d8e3d8e3d8e3d8e3d0e3d8e3d8e390822b
:10d6d8008bcfffffffffffffffffbdf741e8528a37
:10d6e8004a4942494a494a494a494a494a494a4aa1
:10d6f8004a4a4a494a494a494a494a4942294229d9
:10d7080039e873afffdfffffffffffff843131a769
:10d7180039e8420839c75aebef5dffffffffffdf2b
:10d72800845139e842294229422942294249424939
:10d7380042494249424942494249422942294229e9
:10d74800422942294a4a4a6a31a6c638ffffffffe2
:10d75800fffff7be630c4a494a8a4a4a4a4a4a497d
:10d768004a494a494a4a4a494a494a4a4a4a4a4a15
:10d778004a4a4a4a4a4a4a4a4a4a4a494a494a4904
:10d788004a494229528ad6baf79ef79ef79ef79ed3
:10d798006b6e420842494a494a494a494249424904
:10d7a80042494249424942494a494a494249422929
:10d7b80042294229422942294229422942084a6ae1
:10d7c80029668410f79effffffffffffce594be944
:10d7d8004508452834c63cc73cc73cc73cc73cc77e
:10d7e8003cc634a634a634a634a634a634a634a639
:10d7f80034c634a634a634a634c634c634862c457a
:10d80800240423a333c664acbe97ffdfffffffffea
:10d81800ffffffffefbd658b2ca53ce73cc73cc76e
:10d828003ca634a634a634a634a634a634a634a618
:10d8380034a634a634a634863d062384742ef77e97
:10d84800e73c8a08c924e945d8e3d904d904d904ae
:10d85800d904d904d904d904d904d904d904d904d8
:10d86800d904d904d904d904d904d904d903d0a234
:10d87800daebff5dffffffffffffffffffffffbecc
:10d88800ecb2d0c3d8e3d904d904d904d8e4d8e396
:10d89800d8e3d8e3d8e3d8e3d8e3d8e3d8e3d8e3a8
:10d8a800d8e3d8e3d8e3d8e3d0e3d8e3d8c390816a
:10d8b8008befffffffffffffffffbdf739c74a6a86
:10d8c8004a494229424942494a494a494a494a49f0
:10d8d8004a49424942494249424942294229420960
:10d8e80039c86b6ef7beffffffffffff8c5131a7f2
:10d8f80039e8420831a75aecef7dffffffffffdf51
:10d908007bf039c742084229422942294229422943
:10d9180042294229422942294229422942294229a7
:10d92800422942294a494a6a31a6c618ffffffff21
:10d93800fffff7be630c42294a6a4a494a494a49e5
:10d948004a494a494a494a494a494a494a494a4937
:10d958004a494a494a494a494a494a494249424937
:10d9680042494208528ae71cffffffffffffffff03
:10d978006b6e39e842294229422942294229422923
:10d9880042294229422942294249424942294229f7
:10d9980042294229422942294229422942084a6aff
:10d9a80029657beff79effffffffffffce594be98d
:10d9b8003cc73d2734a634c734a634a634a634a6bb
:10d9c80034a634a634a634a634a634a634a634a67f
:10d9d80034a634a634a634a634a634a634862c65d8
:10d9e80024443c666d0ca614df3bffffffffffffde
:10d9f800ffffffffe77c552a248434c634c634a6cb
:10da080034a634a634a634a634a634a634a634a63e
:10da180034a634863486348534e62383742ef77e20
:10da2800e73c8a07c8e3e124d8e3d903d903d9043a
:10da3800d904d904d904d904d8e3d8e3d8e3d8e37e
:10da4800d8e3d904d104d904d904d904d0a2d9e798
:10da5800f6dafffffffffffff77dffffffffffff86
:10da6800ff7de36dd061d8e3d904d8e3d8e3d8e3e8
:10da7800d8e3d8e3d8e3d8e3d8e3d8e3d0c3d0c316
:10da8800d0c3d0c3d0c3d0c3d0c3d8e3d8c3986160
:10da980093cfffffffffffffffffbdf739c74a4adc
:10daa80042494229422942294229422942494229d6
:10dab8004229422942294229422942294229420926
:10dac80039e85aecef5dffffffffffff9cd331a75a
:10dad80039c8420831a7738ef79effffffffffdfab
:10dae800738e39c7420842094229422942294229ec
:10daf80042294229422942294229422942294229c6
:10db0800420942084a494a6a31a6c618ffffffff80
:10db1800fffff7be630c42084a4a4249424942495c
:10db280042494249424942494229424942494249b5
:10db38004249424942494229424942294229422905
:10db4800422939e84a6ad6dbfffffffffffff7be2d
:10db58006b4d39e842294229422942294229422962
:10db68004229422942294229422942294229422955
:10db780042294229422942294209420842084a6a5e
:10db880029457beff79effffffffffffce594bc9eb
:10db980034a73d0734a634c634a634a634a634a622
:10dba80034a634a634a634a634a634a634a634a69d
:10dbb80034a634a634a634a62c8524642c85550aac
:10dbc8009612d73af7beffffffffffffffffffffe9
:10dbd800f7bec6b8754e34662c8534a634a634a66e
:10dbe80034a634a634a634a634a634a634a634a65d
:10dbf8003486348634862c6534c61b63742df77ed0
:10dc0800e73c8a07c0a2e104d8e3d8e3d8e3d90304
:10dc1800d8e3d0e3d8e3d8e3d8e3d8e3d8e3d8e32c
:10dc2800d8e3d0e3d0e3d0e3d103d0a2d124ed955b
:10dc3800ffffffffffffee9abaaae5f7ffffffff1e
:10dc4800fffffefbe269d061d0e3d0e3d0e3d0e38d
:10dc5800d0e3d0e3d0e3d0c3d0c3d0c3d0c3d0c3c4
:10dc6800d0c3d0c3d0c3d0c3d0c3d8c3d8a39861be
:10dc780093cfffffffffffffffffbdf739a7422943
:10dc88004229422942294229422942294229422934
:10dc98004229422942294229422942294229420944
:10dca80039c84a49d69affffffffffffc61839e86f
:10dcb80031a739e8296694b3ffdfffffffffe73c90
:10dcc80052ab39c742084208420842084208420992
:10dcd8004209422942294229420942094209420984
:10dce8004208420842494a4a31a6c618ffffffffc8
:10dcf800fffff7be630c39e84a4942294229422905
:10dd080042294229422942294229422942294229b3
:10dd180042294229422942294229422942294229a3
:10dd2800422939e84208ce59ffffffffffffdedb3b
:10dd3800528a39e84229422942094229422942297c
:10dd48004229422942294229422942294229422973
:10dd58004229422942094208420842083a084a4ae6
:10dd680021257beff79effffffffffffce5943a959
:10dd780034863d0734a634a634a634a634a634a681
:10dd880034a634a63486348634863486348634867b
:10dd980034a634a634863486550a7dcfbed7e79c90
:10dda800f7deffffffffffffffffffffd71a95b268
:10ddb8005c8b340624042c6534863486348634a679
:10ddc800348634863486348634863486348634867b
:10ddd8003486348634862c6534c61b63742df77eee
:10dde800e73c8a07c881e104d0c3d8c3d8e3d8e3a5
:10ddf800d8e3d8e3d8e3d8e3d8e3d8c3d8c3d8e383
:10de0800d8e3d8e3d0e3d0e3d0c2d0c2ec51ffdfef
:10de1800fffffffff77dc34cb000c269f77dffff2e
:10de2800fffffffff658d965d061d0e3d0e3d0e318
:10de3800d0c3d0c3d0c3d0c3d0c3d0c3d8c3d0c33a
:10de4800d0c3d0c3d0c3d0a3d0a3d8c3d8a298611d
:10de580093cfffffffffffffffffbdf731864209aa
:10de68004229422942294229422942294229422952
:10de78004229422942294229422942294209420982
:10de880039e839c7a514fffffffffffff7be7bcfb7
:10de9800296629465acbdedbffffffffffffb59659
:10dea80039c839c8420842084208420842084208ac
:10deb800420842084208420842084208420842080a
:10dec80042084208422942293186c618ffffffff4f
:10ded800fffff7be5aeb39c7422942294229422996
:10dee80042294229422942294229422942294229d2
:10def80042294229422942294229422942294209e2
:10df0800420839c74208d69affffffffffff9cf47b
:10df180039c739e842094208420842084209420919
:10df28004209420942094208420942094209420992
:10df3800420842084208420842083a083a084a4950
:10df480021257beff79effffffffffffce7943a957
:10df58002c863d0734a634a6348634863486348627
:10df680034863486348634863486348634863486d9
:10df780034862c8534a69e53e79cf7deffffffff0f
:10df8800ffffffffffffef9db6566d0d3c2723c433
:10df980024042c442c6534863486348634863486ae
:10dfa8003486348634863486348634863486348699
:10dfb80034862c662c652c6534e623836c2df77e1d
:10dfc800e73c89e7c881e0e3d0c3d0c3d0c3d0c35e
:10dfd800d0c3d0c3d0c3d8c3d8c3d8c3d8c3d8c379
:10dfe800d8c3d0c3d0e3d0c3d082db0bffbeffffc2
:10dff800ffffffffd514b881d041c081cc30ffffaf
:10e00800ffffffffffffed34d104d0a3d0c3d0c37f
:10e01800d0c3d0c3d0c3d0c3d0c3d0c3d0c3d0c360
:10e02800d0c3d0a3d0a3d0a2d0a2d0c3d8a2986185
:10e0380093cfffffffffffffffffbdf7318641e8ea
:10e048004209420842094209422942294229420911
:10e058004209420942084209420842084208420865
:10e0680039e831a75aecef5dffffffffffffef5dd7
:10e078009cf49492dedbfffffffffffff7be6b6ea1
:10e0880031a739e839e83a0842083a083a083a081c
:10e098003a08420842084208420842084208420830
:10e0a80042084208422942093186c638ffffffff6d
:10e0b800fffff7be5aeb31a742294229420942091c
:10e0c80042094209420942094209420942094209f0
:10e0d80042094209420942094209420942084208e2
:10e0e8003a0829867bcfef7dffffffffe71c52ab85
:10e0f80031a739e842084208420842084208420863
:10e1080042084208420842084208420842084208b7
:10e11800420842084208420839e839e839e8422901
:10e1280021257beff79effffffffffffce5943a896
:10e138002c6534e6348634863486348634863486d0
:10e148003486348634863486346634663486348637
:10e15800348624653cc7df5bffffffffffffffff3f
:10e16800f7beced985704c692c05240424242c458f
:10e178002c65348634862c662c6634663486348660
:10e1880034863486348634863486348634863486b7
:10e198002c662c662c652c6534e623836c0df77e83
:10e1a800e73c81e7c061e0e3d0a3d0a3d0a3d0c30c
:10e1b800d0c3d0c3d0c3d0c3d0c3d0c3d0c3d0c3bf
:10e1c800d0c3d0c3d0c3d081d165f6daffffffff3b
:10e1d800ffffef1cb9c7c841d0a3c841c145ee999c
:10e1e800ffffffffffffffbee451d082d0a2d0c3e4
:10e1f800d0c3d0c3d0c3d0c3d0c3d0c3d0c3d0a39f
:10e20800d0a2d0a2d0a2d0a2d0a2d0c3d882984106
:10e2180093ceffffffffffffffffbdf7318639e811
:10e228004208420842084208420842094208420895
:10e238004208420842084208420842083a083a0896
:10e2480039e839c731a78c72ffffffffffffffffd7
:10e25800ffdfffdfffffffffffffffffb59639c8b6
:10e2680039c739e839e839e839e839e839e839e8bf
:10e2780039e841e83a083a0839e839e83a0839e823
:10e288003a084208422942083186c638ffffffff94
:10e29800fffff7be5acb31864209420842084208be
:10e2a8004208420842084208420842084208420816
:10e2b8004208420842084208420842083a0839e837
:10e2c80031a74a6ad69afffffffff7be73ae2966e9
:10e2d80039c83a0839e83a0839e842084208420891
:10e2e800420842083a0842084208420842084208de
:10e2f8003a0839e839e839e839e839e839e84229a3
:10e3080021257beff79effffffffffffce593b88dc
:10e31800244434c634863486348634863466346677
:10e328003466346634662c662c662c652c652c6540
:10e338002c6524443ca7df7bffffffffef9dae3534
:10e3480064ac33e623c424042c252c652c65346680
:10e358002c662c652c662c662c652c652c662c6628
:10e368003486348634863486348634862c662c6625
:10e378002c662c662c652c6534c61b636bedf77e0a
:10e38800e73c81e7c061e0c3d0a2d0a2d0a2d0a26e
:10e39800d0a2d0c3d0c3d0c3d0c3d0c3d0c3d0c3fe
:10e3a800d0c3d0c3d0c3d082d144dc92d534d534c5
:10e3b800d514c36dc082d0a2d0c3d082c882caaae5
:10e3c800d514d534cd34ccf3cb0cd0a2d0a2d0c345
:10e3d800d0a3d0c3d0c3d0a2d0a2d0a2d0a2d0a262
:10e3e800d0a2d0a2d0a2d0a2d0a2d8a2d88298413e
:10e3f80093ceffffffffffffffffbdf7318639e830
:10e4080041e839e8420842084208420842084208fe
:10e418004208420842084208420839e839e839e81f
:10e4280039e839e831a7420894b2ef5dfffffffff2
:10e43800ffffffffffffffffffffb5b64a6a31a7e7
:10e4480039e839e839e839e839e839e839e839e8bc
:10e4580039e839e839e839e839e839e839e839e8ac
:10e4680039e839e8422942083186c638fffffffffc
:10e47800fffff79e5acb3186420842083a08420805
:10e488004208420842084208420842084208420834
:10e49800420842084208420842083a0839e839e87e
:10e4a8003186738ef7beffffe71c7bf031a631a7dc
:10e4b80039e839e839e839e839e839e83a083a080a
:10e4c80039e83a0839e839e83a08420839e839e8d1
:10e4d80039e839e839e839e839e839e839c8422902
:10e4e80021257beff79effffffffffffce593b88fb
:10e4f800244434c62c65348634662c6634662c660f
:10e50800346634662c652c652c652c652c652c6569
:10e518002c652c452c65a654c69895d25cab3c2737
:10e528002be4240424242c452c6634662c652c65a5
:10e538002c652c652c652c652c652c652c652c654b
:10e548003466346634862c662c662c662c652c65fd
:10e558002c652c652c652c4534c61b436bedf77e6a
:10e56800e73c81e7c041e0a3d0a2d0a2d0a2d0a2cc
:10e57800d0a2d0a2d0a2d0a2d0a2d0a2d0a2d0a203
:10e58800d0a2d0a2d0a2d0a2d0a2c8c3b8e3b8e388
:10e59800b8c3c081d082d0a2d0a2d0a2d082c0619c
:10e5a800b8c3b8c3b8e3b8c3c0a3d0a2d0a2d0a29e
:10e5b800d0a2d0a2d0a2d0a2d0a2d0a2d0a2d0a2c3
:10e5c800d0a2d0a2d0a2d0a2d0a2d0a2d882984164
:10e5d80093cfffffffffffffffffbdf7316639c88d
:10e5e80039e839e839e839e839e841e842084208c1
:10e5f8003a083a0839e839e839e839e839e839e8c9
:10e6080039e839e839c8318631866b2dad55d6ba27
:10e61800e73ce73cd6bab59684104228298639c823
:10e6280039e839c839e839e839e839e839e839e8fa
:10e6380039e839e839e839e839e839e839e839e8ca
:10e6480039e839e8420842083186c638ffffffff3b
:10e65800fffff79e5acb296639e839e839e839e8e7
:10e6680039e839e83a0839e839e83a083a083a0816
:10e678003a083a0839e839e83a0839e839e839e827
:10e6880039c74a4984318c7252ab2966318639e8d8
:10e6980039e839e839e839e839e839e839e839e86a
:10e6a80039e839e839e839e839e839e839e839e85a
:10e6b80039e839e839e839e839e839e839c7422921
:10e6c80021257beff79effffffffffffce593b8819
:10e6d800244434c62c652c662c662c662c662c6665
:10e6e8002c652c652c652c652c652c652c652c659a
:10e6f8002c652c452c453c673c272be51be3240463
:10e708002c452c6534662c662c652c652c652c658f
:10e718002c652c652c652c652c652c652c652c6569
:10e728002c652c662c652c662c652c652c652c6557
:10e738002c652c452c452c4534a51b436c0df77ec8
:10e74800e73c81c7c040e0a2d0a2d0a2d082d0a22c
:10e75800d0a2d0a2d0a2d0a2d0a2d0a2d0a2d0a221
:10e76800d0a2d0a2d0a2d0a2d0a2c861c841c8610c
:10e77800c861d082d0c2d0a2d0a2d0a2d0a2d0826a
:10e78800c841c841c841c841d061d0a2d0a2d0a2d6
:10e79800d0a2d0a2d0a2d0a2d0a2d0a2d0a2d0a2e1
:10e7a800d0a2d0a2d0a2d0a2d0a2d0a2d8629841a2
:10e7b8008bceffffffffffffffffbdf7316639c7b5
:10e7c80039e839e839e839e839e839e839e839e839
:10e7d80039e839e839e839e839e839e839e839e829
:10e7e80039e839c839e839c731a6296639c74a49e5
:10e7f80052aa52aa4a4939c73186318639e839e8d6
:10e8080039c839c839e839e839e839e839e839e838
:10e8180039e839e839e839e839e839e839e839e8e8
:10e8280039e839e8420839e83186ce39ffffffff79
:10e83800fffff79e5acb296639c839e839e839e825
:10e8480039e839e839e839e839e839e839e839e8b8
:10e8580039e839e839e839e839e839e839e839e8a8
:10e8680039e831a731862966294531a739e839e8d9
:10e8780039e839e839e839e839e839e839e839e888
:10e8880039e839e839e839e839e839e839e839e878
:10e8980039e839e839e839e839e839e839e742291f
:10e8a80021257beff79effffffffffffce593b8837
:10e8b80024442cc62c652c652c652c652c652c6590
:10e8c8002c652c652c652c652c652c652c652c65b8
:10e8d8002c452c452c452424240424242c4534651b
:10e8e8002c652c652c652c652c652c652c452c65b8
:10e8f8002c652c652c652c652c652c652c652c6588
:10e908002c652c652c652c652c652c652c652c6577
:10e918002c652c652c452c452ca513426c2df77eb7
:10e92800e73c79c6b820e0a2d082d082d082d082db
:10e93800d082d082d0a2d0a2d0a2d0a2d0a2d0a27f
:10e94800d0a2c8a2c8a2c8a2c8a2c8a2c8a2d0a25f
:10e95800d0c2d0c2c8a2c8a2c8a2c8a2c8a2c8a20f
:10e96800c8a2c8a2c8a2c8a2c8a2c8a2c8a2d0a247
:10e97800d0a2d0a2d0a2d082d082d082d082d0829f
:10e98800d082d082d082d082d0a2d0a2d062884158
:10e998008baeffffffffffffffffbdf7294539c71c
:10e9a8003a0839e839e839e839e839e839e839e836
:10e9b80039e839e839e839e839e839c839c839c8a7
:10e9c80039c739c739c739c739c731a7296629456a
:10e9d800212521252145296631a739c739c739c7d6
:10e9e80039c739c739c739e839c839c739c739c8fc
:10e9f80039c739c739c739c739c739c739c739c70f
:10ea080039c739c7420831872965ce59ffffffff4b
:10ea1800fffff79e52aa292539e839e839c839c8cd
:10ea280039c839e839e839e839e839e839e839e8f6
:10ea380039e839e839e839e839e839e839e839c8e6
:10ea480039c739c73186318631c739c739c739c857
:10ea580039c839e839e839e839e839e839e839c7e7
:10ea680039e839e839e839e839e839e839e839e896
:10ea780039e839c739c739c739c739c739e84229e1
:10ea880020e47beff79effffffffffffce593b47d8
:10ea98001c242cc62c452c452c652c452c452c4576
:10eaa8002c652c452c452c452c452c452c452c45b6
:10eab8002c452c452c452c452c452c452c452c45c6
:10eac8002c452c452c452c452c452c452c452c45b6
:10ead8002c452c452c452c452c452c452c452c45a6
:10eae8002c452c452c452c452c452c452c452c4596
:10eaf8002c452c452c452c452ca513026c0df79e56
:10eb0800e75d72089800e0a2d8a2d8a2d8a2d8c31c
:10eb1800d8c3d8c3d8c3d8c3d8c3d8c3d8c3d8c315
:10eb2800d8c3d8c3d8c3d8c3d8c3d8c3d8e3d8c3e5
:10eb3800d8e3d8c3d8c3d8c3d8c3d8c3d8c3d8c3d5
:10eb4800d0c3d0c3d0c3d0c3d8c3d8c3d8c3d8c305
:10eb5800d8c3d8c3d8c3d8c3d8a3d8a3d8a3d8a355
:10eb6800d8a3d8a3d8a2d8a2d8a2d8a3b841704114
:10eb78009430ffffffffffffffffc6382124294520
:10eb880042294229420842084208420842084209ea
:10eb98004209420942094209420942084208420818
:10eba800420842084208420839e839e839e839e8b1
:10ebb80039e839e839e839e839e839e839e839e845
:10ebc8003a084208420842084209420842084209f3
:10ebd80042084208420842084208420842084208dd
:10ebe80042084229420921042965ce79ffffffff27
:10ebf800fffff7be5acb18c339c84209420842087a
:10ec08004208420842094209420942094229422966
:10ec180042294229422942094229422942094208f5
:10ec2800420842084208420842084208420842098b
:10ec38004208420842094209420842294229420838
:10ec4800420842084208420842084229420942084a
:10ec5800420842084208420842084208420939c7a5
:10ec680010828430f7beffffffffffffd69a3307fd
:10ec7800134234a634a62c852c862c8634a634a6ba
:10ec880034a634a62ca62ca62ca62c862c862c863c
:10ec98002c852c852c852c853486348634863486c0
:10eca8003486348634a634a634a634a634862ca6f4
:10ecb80034a634a634a634a634a634a634a62c86a4
:10ecc8002c852c86348634862c852c852c852c85a1
:10ecd8002c852c852c852ca52c450a61744effdfcc
:10ece800f7be8bae6800b020c062c882c8a2c8a2b6
:10ecf800c8a2c8a2c8a2c8a3d0a3d0a3d0a2d0a398
:10ed0800d0c3d0c3c8c3d0c3c8c3c8c3c8c3c8c38b
:10ed1800c8c3c8c3c8c3c8c3c8c3c8c3c8c3c8c393
:10ed2800c8c3c8c3c8a3c8a3c8c3c8c3c8a3c8c3e3
:10ed3800c8c3c8c2c8c2c8c3c8a2c8a2c8a2c8a2f9
:10ed4800c8a2c8a2c882c882c082b861880058c256
:10ed5800b5b6ffffffffffffffffe71c4a49106240
:10ed6800296639c739e739e739e739c739c739c7ac
:10ed780039c839e839c739c739c739c739c739c769
:10ed880039c739c739c739c739c739c739c739c77b
:10ed980039c739c739c739c739c739c739c739c76b
:10eda80039c739c739c739e839e839e839c839c7f7
:10edb80039c739c739c739c739c739c739c739c74b
:10edc80039c739a72945084152aae71cffffffffa9
:10edd800ffffffff8431086118e431a739c739e81c
:10ede80039e739e839e839e839e839e839e839e814
:10edf80039e839e839e839e739e839e839e839e804
:10ee080039c739c739c739c739e739e739e839e878
:10ee180039e839e839e839e839e839e839e839e8e2
:10ee280039c839e739c839e839e839e839e839c833
:10ee380039c739c739c739c839c739c7318610a35f
:10ee480018c3b575ffffffffffffffffef5d53ab73
:10ee580002211b632c052c452c252c452c452c45c3
:10ee68002c452c452c452c452c452c452c452c2532
:10ee78002c252c452c452c452c452c452c452c4522
:10ee88002c452c452c452c452c452c452c452c45f2
:10ee98002c652c652c452c652c652c652c652c4522
:10eea8002c452c452c452c452c452c452c452c45d2
:10eeb8002c452c452c2523e412e212229d54fffff9
:10eec800ffffc61861c7600090009800900090008e
:10eed8009000900090009800980098009800980082
:10eee800980098009000900090009000980098007a
:10eef800980098009800980090009000980098005a
:10ef08009800900098009800900090009000900061
:10ef18009800980090009000900090009000900059
:10ef280090009000900090008800700048417b8e0f
:10ef3800e75dfffffffffffffffff7bea5142124da
:10ef4800084110a218c318c310a310a210a210a23f
:10ef58001082108210a210821082108210a210a2b9
:10ef680010a210a21082108210a210a210a210a249
:10ef780010a210a210a210a2108210821082108279
:10ef880010821082108210a210a210a21082108289
:10ef9800108210821082108210a210a210a210a259
:10efa80010a2108200212945ad55f7beffffffffd3
:10efb800ffffffffd69a42280021106210a310a27b
:10efc80010a210a210a210a210a210a210a210a2a9
:10efd80010a210a210821082108210a210a210a2f9
:10efe80010a210a210a2108210a210a210a210a2a9
:10eff80010a210a210a210a210a21082108210a2b9
:10f0080010a210a210a210a210a2108210821082c8
:10f0180010821082108210a210a210a2086108614a
:10f028006b6de71cffffffffffffffffffdfb5b6bc
:10f038002a8601e00a810aa20a810aa10aa20aa272
:10f048000aa20a820a820aa112a20aa20a810a81d3
:10f058000a820a810a810a820a820a8212a212a2fa
:10f0680012a20a810a810a810a810aa112a212a2a5
:10f078000aa10aa10aa10aa10aa10aa20aa20aa22d
:10f088000aa20aa10aa10aa10aa10aa10aa10aa11f
:10f098000aa10aa20aa20a4101e163ccdefbffff32
:10f0a800ffffef7dad9662aa512558e3590451043c
:10f0b8005904590459045904590459045904590460
:10f0c8005904590459045104510451045904590468
:10f0d800590459045904590450e451045104590479
:10f0e8005904590459045904590459045904590430
:10f0f8005904590459045904590459045904590420
:10f108005904590451045104510459e78410d69afa
:10f11800f7befffffffffffffffff7bee71c9cd313
:10f128004a69296529252945294529452945294522
:10f1380029452945212429252945294529452945a0
:10f148002945294529452945294529452945294547
:10f158002945294529452945294529452945294537
:10f168002945294529452945294529452945294527
:10f178002945294529452945294529452945294517
:10f1880029453186528a9cf3e71cffdfffffffff0a
:10f19800ffffffdff79ebdf7632c31a62945212528
:10f1a80029452945294529452944294529452945e8
:10f1b80029452945294529452945294529452945d7
:10f1c80029452945294529452945294529452945c7
:10f1d8002945294529452945294421242124212433
:10f1e80029452945296529452945294529452924a8
:10f1f80021242124212429452945294539c77bafc4
:10f20800ce79f7beffffffffffffffffffdfef5dd8
:10f21800ad75534a2a852a652a652a652a652a65ad
:10f228002a652a652a652a652a652a652a452a459e
:10f238002a652a652a452a652a652a452a652a658e
:10f248002a652a652a652a652a652a652a652a653e
:10f258002a652a652a652a652a652a652a652a652e
:10f268002a652a652a452a452a452a452a452a45de
:10f278002a452a452a653ac7742ece79f7beffff7c
:10f28800fffff7bee73cc658a5559d149d149d1475
:10f29800a534a534a534a534a534a534a534a5349e
:10f2a800a534a534a534a534a534a534a534a5348e
:10f2b800a534a534a5349d349d14a534a5349d14d6
:10f2c800a534a5349d349d34a534a534a534a5347e
:10f2d800a534a534a534a534a534a534a554a5343e
:10f2e800a534a534a534a534a555bdf7defbf79e96
:10f2f800ffdffffffffffffffffffffff7bee71c7a
:10f30800c618ad55a514a514a514a534a534a5345f
:10f31800a534a534a534a534ad55ad55ad34ad559a
:10f32800ad55a534ad55ad35a534a534ad55ad5560
:10f33800ad55ad55ad55ad55ad55ad55ad55ad55b5
:10f34800ad55ad55ad55ad55ad55ad55ad55ad55a5
:10f35800ad55ad55ad55ad55ad55ad55a534a534e7
:10f36800a534ad75c638e71cf79effffffffffff0a
:10f37800ffffffffffdfef7dd6bab5b6a514a514d2
:10f38800a534a534ad55ad55a534a534a534a5345b
:10f39800a534ad34ad55ad55ad55ad55ad55ad559f
:10f3a800ad55ad55ad55ad75ad75ad55ad55ad5505
:10f3b800ad55ad55ad55ad55ad55a534a534a534b0
:10f3c800a534ad55ad75ad55ad55ad55ad55a53457
:10f3d800a534a534a534a534a534ad55bdd7dedb99
:10f3e800f77dffdffffffffffffffffffffff7be18
:10f3f800e73cce39b596ad55ad55ad55ad55ad5586
:10f40800ad55ad75ad75ad55ad55ad55ad55ad55a4
:10f41800ad55ad55ad75ad75ad55ad55ad55ad5594
:10f42800ad55ad55ad55ad75ad75ad55ad55ad5584
:10f43800ad75ad75ad55ad55ad55ad55ad55ad5574
:10f44800ad75ad55ad55ad55ad55ad55ad55ad5584
:10f45800a534a534ad55bdd7debaf77dffdfffff74
:10f46800ffffffffffdff79eef7de75de75de75ded
:10f47800ef5def5de75de75de75def5def5def5d3c
:10f48800e75de75de75de75de75def5def5de75d44
:10f49800ef5def5def5de75def5de75de75de75d24
:10f4a800ef5def5de75de75def5def5def5def5d04
:10f4b800e75de75de75de75de75def5def5def5d0c
:10f4c800ef5def5def5def5def7df79effbeffdf68
:10f4d800ffffffffffffffffffffffffffffffdf54
:10f4e800f7beef7def5def5def5def5def5def5d2b
:10f4f800ef5def5def5def5def5def5def5def7d84
:10f50800ef7def7def5def5def5def5def7def7d13
:10f51800ef7def7def7def5def5def7def7def7dc3
:10f52800ef7def5def5def5def5def5def5def5d53
:10f53800ef7def7def5def7def5def5def5def5d03
:10f54800ef5def7df79ef7beffdfffffffffffffd9
:10f55800ffffffffffffffdff7bef79eef5def5de9
:10f56800ef5def5def5def5def7def7def5def5df3
:10f57800ef5def7def7def7def7def7def7def7d43
:10f58800ef7def7def7def7def7def7def5def7d33
:10f59800ef7def7def7def7def7def7def7def7d03
:10f5a800ef7def7def7def7def7def7def7def7df3
:10f5b800ef5def5def5def5def5def7df79ef7be11
:10f5c800ffdfffffffffffffffffffffffffffff63
:10f5d800f7bef79eef7def5def3def5def5def3d31
:10f5e800ef5def5def5def5def5def5def5def5db3
:10f5f800ef5def5def5def5def5def3def5def5dc3
:10f60800ef5def5def5def5def5def5def5def5d92
:10f61800ef5def5def5def5def5def5def5def5d82
:10f62800ef5def5def5def5def5def5def5def5d72
:10f63800ef3de73def5df79ef7beffdfffffffff02
:10f64800ffffffffffffffffe75cef5de73cef5dbc
:10f65800ef5de73de73de73de73de73ce73ce73c5d
:10f66800e73cef5def5def5df7beffffffffffffdc
:10f67800ffffef7de73ce73ce73ce73ce73ce73c46
:10f68800e73ce73cef5de73ce73ce73ce73ce73c31
:10f69800ef5de73cffffffffffffffffffffe73cda
:10f6a800e73cef5def5cef5cef5cef5def5de73c47
:10f6b800ef5def5de73ce73ce73cef5de73cef7d66
:10f6c800fffffffffffffffff7bee73ce73ce73c1c
:10f6d800e73ce73ce73ce73de73de73ce73ce73c08
:10f6e800e73ce73ce73ce73ce71cf7beffffffffd2
:10f6f800ffffffffef7de73ce73ce73ce73ce73ceb
:10f70800e73ce73ce73ce73ce73ce73ce73ce73cd9
:10f71800ef5de73cef5dffffffffffffffffffdf50
:10f72800e73ce73cef5def5de73ce73ce73ce73c67
:10f73800e73ce73ce73ce73ce73ce73cef5de73c80
:10f74800f7beffffffffffffffffef7de73cef5d29
:10f75800ef5def5de73def5def5def5def5def5d69
:10f76800e73ce73de73de73ce73ce73cffffffffc1
:10f77800ffffffffffffe73ce73ce73ce73ce73cd8
:10f78800e73ce73ce73ce75ce73ce73cef3ce73c31
:10f79800e73ce73ce71cf79effffffffffffffff8b
:10f7a800f79ee73cef5de73ce73cef3def3ce73c8d
:10f7b800e73ce73ce73ce73ce73ce73de73de73c27
:10f7c800e73cffffffffffffffffffffef5def5d80
:10f7d800ef5def5def5def5de73ce73cef5de73c3c
:10f7e800ef5de73ce73ce73cef5de73cef5dffffa3
:10f7f800ffffffffffffffffe73cef5de73def5d2a
:10f80800e73ce73de73de73ce73ce73ce73ce73cd6
:10f81800e73ce73ce73ce73cf79effffffffffffc5
:10f82800ffffffffd6ba84509d14a534a514a53454
:10f83800a534a534a514a514a514a534a534a53458
:10f84800a534a534a5359cd36b6dbdd7ffffffdf6d
:10f85800b5968c51a535a534a534a534a535a5355f
:10f86800a534a534a534a534a534a534a534a534c8
:10f87800a5348c5173aee73cffffef5d94929cd3a7
:10f88800ad55a534a534a534a534a535a535a5357c
:10f89800a535a534a534a534a534a535a514738e8e
:10f8a80094b2ffdfffdfc6388430a514a534a51451
:10f8b800a534a514a534a534a514a514a534a534d8
:10f8c800a534a534a514a5149492632cc638ffdf7b
:10f8d800f7bead558c71ad55a535a535a535a53403
:10f8e800a534a534a534a535a535a534a534a53545
:10f8f800a534a53473ae8430f7beffdfd6ba8c5179
:10f90800a514a535a534a534a534a534a534a53446
:10f91800a534a534a534a534a514a534a53594b2c9
:10f928006b4dbdd7ffdff7bead558c72ad55a53415
:10f93800a534a534a534a534a534a535a535a534f5
:10f94800a534a535a534a534a5347bcf738eef5dda
:10f95800ffdfdefb8c519cf3a535a534a534a53417
:10f96800a534a534a514a514a514a534a534a53427
:10f97800a534a5349cd36b4dad55ffdff7beb5b6a6
:10f988008450a535a535a534a534a534a534a534aa
:10f99800a534a534a534a534a534a534a534a53497
:10f9a8008c716b6ddedbfffff7be9cf394b2ad5537
:10f9b800a534a534a535a534a534a534a534a53476
:10f9c800a535a534a534a534a514a51473af843082
:10f9d800f79effdfdefb9492a534ad55a534a53420
:10f9e800a514a534a514a514a514a514a514a51427
:10f9f800a514a514a5149cd3632cb596ffffffff8f
:10fa0800ffffffff73ce94b2a53473ae73ae73ae2f
:10fa1800738e73ae73ae73ae738e73ae738e738e56
:10fa2800738e738e738e84105acb39e7f7bededb84
:10fa38006b6db5b69492738e73ae738f738e738e2f
:10fa480073ae738f73ae73ae73ae73ae73ae738ee5
:10fa58007bcf843131a6738effff94b27bcfb596ee
:10fa68007bef738e738e738e738e738e738e738e1d
:10fa7800738e738e738e738e738e73ae8c5173af59
:10fa88002104c618ffdf6b6d9cf39cf473ae73ae54
:10fa9800738e73ae738e738e738e738e738e738e36
:10faa80073ae73ae73ae7bcf8c724a694228ffff88
:10fab800c6386b4db5968c5173ae73af73ae738ffa
:10fac800738e738e738e738e738e738e73ae73aee6
:10fad800738e84107bcf2945ad75ffff7bcf949241
:10fae800ad557bcf73ae73ae73ae73ae738e738e3c
:10faf800738e738e738e738e73ae73ae73ae8c51ba
:10fb08005acb39e7ffdfd69a6b4db5b69492738e10
:10fb1800738e738e738e738e738e738e738e738ed5
:10fb2800738e738e73ae738e84107bf019048430d9
:10fb3800ffff7bef8c51ad757bcf738e738e738e09
:10fb4800738e738e738e738e738e738e738e738ea5
:10fb5800738e73ae8c51630c2945e71ce71c632c2c
:10fb6800ad559cd373ae738f738e738e73ae738ed5
:10fb7800738e738e738e738e738e738e738e73af54
:10fb88008c5139e7630cffffb59673aeb5b6843078
:10fb9800738e738e738e738e738e738e738e738e55
:10fba800738e738e738e738e738e7bef7bcf294526
:10fbb800ad75ffff841094b2ad757bcf738e738ed5
:10fbc800738e738e738e738e738e738e738e738e25
:10fbd800738e738e738e84105acb31a6e73cffff69
:10fbe800ffffef5d5acb8c5152ab39c841e841e871
:10fbf80041e841e8420842084208420842084208ef
:10fc08003a0839e839e84229296510a2defbc61806
:10fc18005aeb8c71420841e841e841e841e841e883
:10fc280041e841e8420841e8420841e84208420800
:10fc38004208422910a24208ffff73af7bcf736ec0
:10fc480039c741e841e839e841e841e841e8420874
:10fc58004208420841e83a08420842084a4939e855
:10fc680008419cd3f79e5acb9472526a39e84208ed
:10fc780041e841e841e841e841e841e841e841e834
:10fc880041e84208420842084a4a294518e4f79ed2
:10fc9800a534632c841039e841e841e841e841e89b
:10fca80041e841e841e841e841e841e842084208c2
:10fcb80041e84229420808618430ffff5aeb8c5121
:10fcc8005acb39c7420841e841e841e841e84208cf
:10fcd80041e8420839e841e84208420842084a49ee
:10fce800296610a2e71cb5b6630c8c52420841e89d
:10fcf80041e841e841e841e841e841e841e841e8b4
:10fd080041e841e842084208422942080861630c78
:10fd1800ffff630c8431630c39c7420841e841e8ae
:10fd280041e841e841e841e841e841e841e841e883
:10fd380041e841e84a4931a60841c638d69a5acb23
:10fd48009492422939e841e841e841e841e841e82c
:10fd580041e841e841e839e839e841e841e8420842
:10fd6800422918e331a7ffff84106b6e7bef39c877
:10fd7800420841e841e841e841e841e841e841e812
:10fd880041e841e841e8420841e8420939e80861a8
:10fd98007c10ffff5aec8c515aec39c8420841e8f4
:10fda80041e841e84208420842084208420842083d
:10fdb8004208420841e84229296510a2c618fffff7
:10fdc800ffffef5d52aa7bcf4a494a294a294a29af
:10fdd8004a294a494a494a494a494a494a494a49a3
:10fde8004a494a494a494a4921240861d6bac618a3
:10fdf8005acb73af42084a494a294a294a294a290b
:10fe08004a294a494a294a494a494a494a494a4992
:10fe18004a49420810824208ffff73af6b4d62ecfb
:10fe280042094a494a294a2a4a294a294a494a49f9
:10fe38004a494a494a494a494a494a494a6a31a6bd
:10fe4800000094b2ef7d5acb7bd04a494a494a29ef
:10fe58004a294a294a294a294a294a294a294a2902
:10fe68004a294a294a294a294a4920e418e3ef7dc0
:10fe7800a534630c6b6e42084a294a294a294a2943
:10fe88004a294a294a294a294a294a494a494a4972
:10fe98004a494a4a39c700208410ffff5aeb7bcff2
:10fea800526a4a294a294a294a294a294a294a4949
:10feb8004a494a294a294a494a494a494a494a49e2
:10fec80021041082defbb5b65aeb738f42094a490a
:10fed8004a294a294a294a494a294a294a294a2962
:10fee8004a294a294a494a294a4a39e80841630cb1
:10fef800ffff632c73af52ab42294a494a494a492a
:10ff08004a294a494a494a494a294a294a294a49d1
:10ff18004a494a494a6a29650841c618d69a5acbb5
:10ff28007bcf42094a294a294a294a294a494a2962
:10ff38004a294a294a294a294a294a294a294a4901
:10ff48004a4910a33186ffff8410630c632d4209d0
:10ff58004a4a4a294a294a294a294a494a494a29a0
:10ff68004a294a294a294a494a494a6a39c7002135
:10ff78007befffff5acb7baf526a42294a494a4975
:10ff88004a494a294a494a494a494a494a494a49f1
:10ff98004a494a294a494a4a29451082bdf7ffff7a
:10ffa800ffffef5d52aa7bcf4a4a42294a294229dc
:10ffb8004a294a294a294a494a6a4a4942294a2928
:10ffc8004a294a294a294a4929451082d6babdf7f9
:10ffd8005acb73af42084a294a294a294a294a4929
:10ffe8004a2942294a494a4942294a294a294a2941
:10fff8004a49422910824208ffff73af6b4d630cd8
:020000040001f9
:1000080042084a494a294a294a4a4a494229422928
:100018004a494a494a294a294a294a294a4939c753
:10002800000094b2ef7d52ab7bcf4a4942294a295e
:100038004a294a294a2942294a294a494a494a49c8
:1000480042294a294a294a294a49210418c3ef7de5
:10005800a5345aec736e42084a294a294a294a2982
:100068004a494a494a494a4a4a494a4942294a2937
:1000780042294a4939c800217c10ffff5acb73af87
:10008800526a42094a294a294a294a294a294a29af
:100098004a4a4a494a494a494a294a2942294a4927
:1000a80021241082dedbb5b65acb73af41e84a296a
:1000b8004a294a294a494a494a494a494a494a49e0
:1000c8004a494a49422942294a4939e800215aeb12
:1000d800ffff630c73af5aab42094a294a294a29e0
:1000e8004a294a49422942294a494a494a294a2920
:1000f8004a2942294a6929660841c618d69a52ab44
:100108007bcf42094a294a294a294a294a494a4960
:1001180042294a294a494a294a294a294a294a2927
:100128004a4918c33186ffff8410630d6b2d4208be
:100138004a494a294a294a294a494a2942094a2907
:100148004a2942294a294a294a294a4939e700219c
:100158007befffff5acb7baf528a42094a294a29d3
:100168004a294a294a294a2942294a294a294a29f7
:100178004a294a2942294a4929451082bdf7ffffe1
:10018800ffffef5d52aa73af4a4a42294a294a291a
:100198004a2942294a4a4208318739e84a494a29bc
:1001a8004a294a294a294a4921251082d6babdf73f
:1001b80052ab738f42084a294a294a2941e839a78c
:1001c8004208422939c739c84a4942294a294a298d
:1001d8004a49422910824208ffff7baf6b4d630cee
:1001e80042084a294a29422931a739c742294208df
:1001f80039a742294a494a294a2942294a4931a75d
:10020800000094b2ef7d52ab7bcf4a2942294a299c
:100218004a294a294a294a294a4939c739a739e876
:100228004a494a294a294a294a49210418c3ef7ddb
:10023800a5145aeb6b6e42084a294a294a294208f2
:1002480031a731a731a731a7318639e84a494a2968
:1002580042294a4939c700218410ffff5acb73af9e
:10026800526a42094a294a294a2942294a494229bd
:1002780039c731a731a742094a494a294a294a496f
:1002880021241082dedbb5b65acb73af42094a2966
:100298004a494208318631a731a731a731a739a782
:1002a80031a742084a4942294a4939e800215aeb0c
:1002b800ffff630c73ae52ab42094a294a294a49e7
:1002c800420831a74208420839a739e84a494a2969
:1002d8004a2942294a6929650020c618d69a52aa8d
:1002e8007bcf42094a294a2942294a4939c739c78d
:1002f800422839c739c74a494a294a294a29422935
:100308004a4918c33186ffff8410632d632d4208c4
:100318004a294a294a294a4939c739c7420839a7bf
:1003280039c84a494a294a294a294a4939e7002104
:100338007befffff5acb7baf528a42094a294a29f1
:100348004a294a294a294a294a294a294a294a290d
:100358004a294a2942294a4a29451082bdf7fffffe
:10036800ffffef5d52aa73af4a4a42294a294a2938
:100378004a494a4a31a7528ace596b4e39c74a4927
:100388004a294a2942294a4929251082d6babdf85c
:1003980052ab738f42084a494a494208630cce5906
:1003a800ffdfffdfdedb738e39c74a494229422966
:1003b8004a49422810824208ffff7bcf6b4d62ec0e
:1003c80042094a29422942089cb3ef5dfffff7be64
:1003d800b5b74a6942084a494a2942294a6931a7b0
:1003e800000094b2ef7d52ab7bcf4a494a294a2993
:1003f80042294a294a294a4939c78c51dedb7bcf31
:1004080039e74a494a294a294a49210418c3ef7d4c
:10041800a5345aeb6b6e42084a294a29420852aa67
:10042800c618ce59d67ace59dedb841039c74a4968
:1004380042294a4939e700218410ffff5acb73af9c
:10044800528a42294a294a2942294a4939c74a49e6
:100458008c71ce59d6bb528a42284a4942294a4908
:1004680021241082defbb5b65acb73af42084a4945
:1004780042085acbd69ad69ad69ad69ad6bac639b6
:10048800ce59630c42084a494a4939e808415aebaf
:10049800ffff630c73ae52ab42094a294a4941e84f
:1004a800528abdf8f7beffdfd6bb6b4d39c74a4a43
:1004b8004a2942294a4a29650020c618d69a52aaca
:1004c8007bcf42294a294a294a4931a78410e71c87
:1004d800ffdfef5d8c7239c842294229422942293f
:1004e8004a4918c33186ffff8410632d6b2d4208db
:1004f8004a4942294a4939c78430e73dffdfdedbf4
:10050800738e39e74a49422942294a4939c70021a5
:100518007befffff5acb7bcf528a422942294a29d7
:100528004a294a2942294a294a294a294a294a2933
:100538004a294a2942294a4929451082c618fffff3
:10054800ffffef5d52ab73af4a4a422942294a493d
:10055800422931a7738ef79effff8c3131a74a4994
:100568004a294a2942294a4921251082dedbbdf859
:100578005aab73af42084a4942084a49ffffffdfb6
:10058800ad55ad55ffdfffff630c39e84a494229f5
:100598004a49422910824208ffff73af6b4d62ec53
:1005a80042084a4939e8630cffffbdf79cf3c63897
:1005b800ffffce5939c74a494a2942294a6939c7ea
:1005c800000094b2ef7d52aa7bcf4a294a294a29d2
:1005d8004a294a294a4a39c773afffffffff9cd30c
:1005e80031a74a494a294a294a49210418c3ef7db3
:1005f800a5345aeb6b6e42084a494a4942086b4d8a
:10060800ffffe71cce59ce79dedb7bf039c74a49bc
:1006180042294a4939e700218410ffff5acb73afba
:10062800528a42294a2942294a6a39e77bf0ffff60
:10063800ffffdedbbdd74a4942294a2942294a49f8
:1006480021241082defbb5b65acb73af42084a4963
:10065800422852aad69ace79ce59ce79c618f7be74
:10066800ffff632c42084a494a4939e800215aebfe
:10067800ffff630c73ae52ab42094a494229422834
:10068800ef5dffff9cf39cd3f79effff5aec41e818
:100698004a2942294a4a29650841c618d69a52aabf
:1006a8007bcf42294a294a4a39c78c51ffffd6ba1b
:1006b8009492ce79ffff9cd331a74a494229422917
:1006c8004a4918c33186ffff8410632d6b2d4208f9
:1006d8004a494a4931a78430ffffd6ba9cd3f79ece
:1006e800ffff6b6e39e74a4942294a4939c7002159
:1006f8007befffff5acb7bcf528a42294a294a29ee
:100708004a294a294a294a294a294a294a294a2949
:100718004a294a2942294a4929451082c618ffff11
:10072800ffffef5d52aa73af4a4a42294a2942089d
:100738004a49d6baffffe73cffff843139a74a4947
:100748004a294a2942294a4921251082dedbbdf877
:100758005aab73af42094a29422941e87bcf4a493b
:1007680031a731866b6dffffad7531a74a494a291c
:100778004a49420910824208ffff73af6b4d62ec91
:1007880042084a294a4942294a4931a739e731a644
:10079800bdf7ffff5aab42084a2942294a4a39c7de
:1007a80000009cd3ef7d52aa7bcf4a2942294a29cf
:1007b8004a294a4942084a6affdfd6baffff94b37a
:1007c80031a74a49422942294a49210418c3ef7de1
:1007d800a5145aeb6b6e42084a294a4939e873aea8
:1007e800ffff6b4d294539c731a739e84a494a29de
:1007f80042294a4939e700208410ffff5acb73afda
:10080800526a42294a294a2939c77bcfffffd6bafb
:10081800528a39c731a642284a494a2942294a49af
:1008280021241082defbb5b65acb73af42084a4981
:100838004a49422831a731a739c731864208ffff04
:10084800b59631a64a4942294a4939e800215aeb66
:10085800ffff630c73ae52ab42094a4939c77befbd
:10086800ffff7bcf296631a65acbffffad7531a7b5
:100878004a4942294a4a29650041c618d69a52aac5
:100888007bcf42084a494a494a49ffdfe71c39c732
:1008980039c731a6ce79ffff4a6a420842294a2958
:1008a8004a4918c33186ffff8410632d6b2d420817
:1008b8004a4942284229ffdfdedb31a7318652aba5
:1008c800ffffd6ba39c74a4942294a4939c80021df
:1008d8007befffff5acb7bcf528a4229422942291c
:1008e80042294a2942084208420842084a494a29f4
:1008f8004a294a2942294a49294510a2c618ffff10
:10090800ffffef5d52aa73af4a4942294a294208bc
:100918004229bdf773ae632cffff843139c74a29da
:100928004a294a2942294a4921251082dedbbdf895
:1009380052ab73af42084a494a294a2939a74208a3
:100948004a6a4a4952aaffffb5b631a74a4a4a2914
:100958004a49422910624208ffff73af6b4d630c8e
:1009680042084a494a494a494a494a6a4a6a2965f3
:10097800ad75ffff52ab42084a2942294a4a39c796
:1009880000009cd3ef7d52aa7bcf4a2942294a29ed
:1009980042294a4931a7d6bae71c528affff94b3c5
:1009a80031a74a494a294a294a49210418c3ef7def
:1009b800a5345aeb6b6e42084a294a4a39e77bef5d
:1009c800ffff52ab31a74a694a6a4a494a294a296c
:1009d80042294a4939c700208410ffff5acb73af18
:1009e800526a42294a2942294208f79edefb2965b4
:1009f800298642084a694a4942294a2942294a49d4
:100a080021241082defbb5b65acb73af42084a499f
:100a180042294a494a494a494a6a39e7ce7affff90
:100a2800422842294a2942294a49420800215aebc8
:100a3800ffff630c738e52ab42094a4a39a78430d0
:100a4800ffff6b4d39c74a494a49ffffad7531a7ca
:100a58004a4942294a4929650040c618d69a52aae5
:100a68007bcf42294a494208630cffffa53439c7a6
:100a7800528b39c78431ffff7bcf39c74a494a298e
:100a88004a4918c33186ffff8410632d6b2d420835
:100a98004a4939e77bcfffff8c7131a6528a31a6cc
:100aa800be18ffff528a42084a294a4939c700211d
:100ab8007befffff5acb7bcf528a4229422942293a
:100ac8004a2942294a49d6bbdefb4a6a42294a4991
:100ad8004a294a2942294a49294510a2c618ffff2e
:100ae800ffffef5d52aa73af4a4a42094a294a29d1
:100af800422931a731a66b4dffff843139c74a49d6
:100b08004a294a294a294a4921251082dedbbdf7ac
:100b180052ab738f42084a494a294a294a494a2905
:100b28004a6a31868c71ffff841039c74a4a4a29bc
:100b38004a49422910624208ffff7baf6b4d62ecc5
:100b480042084a2942294a494a494a494a497bcfdf
:100b5800ffffbdf739c74a494a2942294a6a39c7b6
:100b680000009cd3ef7d52ab7bcf4a2942294a290a
:100b78004a4931a78c72ffff5acb528affff9492e1
:100b880031a74a494a2942294a49210418c3ef7d15
:100b9800a5345aeb6b6e42084a294a4939c7843052
:100ba800ffff9492632c4a4939e74a4942294a2966
:100bb80042294a4939e700208410ffff5aeb73aff6
:100bc800528a42294a4939c78410ffff8c51738ed3
:100bd8009cf37bcf39e74208422942294a294a49ee
:100be80021241082defbb5b65acb73af42084a29de
:100bf80042294a294a294a4939c76b6dffff94920d
:100c080031a74a494a2942294a4942080021630c26
:100c1800ffff630c738e52ab42094a294208528a7d
:100c2800ffffdefb52aa31a6ad55ffff632c39e862
:100c38004a4942294a4929650040c618d69a52aa03
:100c48007baf42284a4942085aebffffb5b62965ef
:100c58004a4931a7738effff8c7239c74a494a291e
:100c68004a4918c33186ffff8410630d632d42087b
:100c78004a6939c79cf3ffff6b6d39e74a6a31c788
:100c88009cd3ffff6b4d39e84a494a4939c80041ae
:100c98007befffff5acb7bcf52aa42294229422938
:100ca8004a294209528affffffff5acb42084a49a4
:100cb8004a294a2942294a4929451082be18ffff74
:100cc800ffffef5d52aa73af4a4a42294a294229d7
:100cd8004a294a6a4208632cffff843139c74a49c6
:100ce8004a294a294a294a4921251082dedbbdf7cb
:100cf80052ab738f42084a294a294a2942294a6a2b
:100d080039c7630cffffd6ba39e74a494a2942294d
:100d18004a49422910624208ffff7bcf6b4d630ca2
:100d280042084a294a294a4931a794b2ffffffffde
:100d3800ffdf528a39c74a494a2942294a4a31a714
:100d480000009cd3f79e52aa7bcf4a2942294a2900
:100d580042084a49ffffad5531a66b4dffff94b3da
:100d680039c74a494a2942294a49210418c3ef7d0b
:100d7800a5345aeb6b6e42084a294a4939a78c7147
:100d8800fffffffffffff7be8c7239c74a494a29a8
:100d980042294a4939e700208410ffff5acb73af34
:100da8004a6a42294a6939c7b5b6fffffffff7be4d
:100db800ffdfffffd6ba4a4942284a494a294a6909
:100dc80021241082defbb5b65acb738f42084a49fc
:100dd80042294a294a294a493186ce79f7be42082a
:100de80042294a294a2942294a4939e800215aeb25
:100df800ffff630c738e52ab42294a294a4931a737
:100e080073aeffffffffef5dffff7bcf31864a4ade
:100e18004a2942294a4a29650041c618d69a52aa3f
:100e28007baf42284a494a4939e7defbffff73afe7
:100e38004a49528ab5b6ffff8c5139a74a49422917
:100e48004a4918c33186ffff7bef630d6b2d4208bb
:100e58004a6939c7ad55ffff630c39e84a6a39c793
:100e68008c71ffff73ae39c74a494a4939e70041d7
:100e78007befffff5acb7bcf52aa42294a2942294e
:100e88004a294a4941e86b6e738e39e84a494a292a
:100e98004a294a2942294a4929451082be18ffff92
:100ea800ffffef5d52aa7baf4a4a42294a294a29e5
:100eb80042294a4941e86b4dffff843139c74a4a04
:100ec8004a294a294a294a4921250862dedbbdf711
:100ed80052ab73af42084a294a294a294a6a39e774
:100ee800632cffffe73c4a4942084a494a494229dc
:100ef8004a49422910624208ffff7bcf6b4d630cc1
:100f080042094a294a294a2941e85aeb8c519cf35b
:100f1800ffdfef5d528a42084a2942294a4a31a72f
:100f2800000094b2ef7d52ab7bcf4a4942294a6a0e
:100f380031a7bdf7ef5d2966318652aaffff8c51b4
:100f480021244a6a4a294a294a49210418c3ef7dbb
:100f5800a5345aeb6b6e42084a294a29422942298c
:100f680052ab5acb73aedefbffff8c7239c74a49ce
:100f780042294a4939c800218410ffff5acb73af70
:100f88004a6a42294a4939c7ce59ffff841039e7ce
:100f980039e79492ffffb59639c74a4942294a4929
:100fa80021241082defbb5b65acb73ae42084a291b
:100fb8004a294a294a4941e862ecffff9cf33186f5
:100fc8004a494a294a2942294a4939e80021630cf1
:100fd800ffff630c738f52ab42294a294a2939e72c
:100fe800b5b6ffdfad55ce59ffffce79422842088e
:100ff8004a2942294a4a29650020c618d69a52aa7f
:101008007bcf42294a494a4939e85acbe73cffff96
:10101800ffffffffffffffff738e39c74a294229f1
:101028004a4918c33186ffff7bef632d6b2d4208b9
:101038004a6931a7ad55ffff630c39e84a4a39c7f9
:101048008c51ffff73ae39c74a494a4939c7002056
:101058007bcfffff5acb7bcf528a42294a294a29a4
:101068004a294a294a4939e839e84a294a294a2964
:101078004a294a2942294a49294510a2c618ffff88
:10108800ffffef5d52aa7baf4a4a42294a294a2903
:101098004a294a2941e86b4dffff843139a74a495b
:1010a8004a294a294a294a4921251082dedbbdf707
:1010b80052ab738f42084a294a294a4a4208630cac
:1010c800ffffdefc420842084a4942294a494229b0
:1010d8004a49422910624208ffff73af6b4e62ec27
:1010e800420842294a294a294a29420839c7296611
:1010f8007bcfffffa51431a74a4942294a4931a7a6
:10110800000094b2ef7d52ab7bcf4a494a4941e88f
:10111800630cffffd69a8c729cd3ad75ffffce5936
:101128007bcf42084a2942294a49210418c3ef7d46
:10113800a5345aeb736e42084a294a294a294a2992
:101148004208420831a64a49ffdfe71c39e84a4904
:101158004a294a4939c800218410ffff5acb73af86
:101168004a6a42094a4939c7ce59ffdf39e7422856
:101178004a4939e7e75de73c42084a4942294a4972
:1011880021241082defbb5b65acb738e42084a2959
:101198004a294a294a4939a7ad35ffff5acb41e8c0
:1011a8004a294a294a2942294a4939e80021630c2f
:1011b800ffff630c738f52ab42294a4a39c78c51df
:1011c800ffff7bcf294531867bcfffffb59631875f
:1011d8004a4942294a4a29660021c618d69a528b9a
:1011e8007baf4229422942294a4939e842086b6eb5
:1011f8008c51630cc618ffff4a6942294a294229c3
:101208004a4918c33186ffff8410630d6b2d4208cd
:101218004a6931a79cf4ffff6b6d39e84a6a39c700
:1012280094b3ffff6b4d39e84a494a4939c7002052
:101238007bcfffff5acb7bcf528a42294a294a29c2
:1012480042294a294a294a4a4a4a4a294a294229cc
:101258004a294a2942294a49294510a2c618ffffa6
:10126800ffffef5d52aa7baf4a4942294a294a2922
:101278004a294a4941e86b4dffff843039a74a495a
:101288004229422942094a4921251082dedbbdf75d
:1012980052ab738f42084a294a4942294a69ffdffb
:1012a800f79e422842084a6a4a494a494a294a292d
:1012b8004a49422910624208ffff73af6b4d62ec46
:1012c80042084a294a29422942294a4a526a4a6a0c
:1012d800528affffc61831a74a4942294a4931a70d
:1012e800000094b2ef7d528a7bcf4a494a4939e8d7
:1012f8006b6eef7eef5df7bfef7df79effffffffa1
:10130800ce5939e84a4942294a49210418c3ef7d90
:10131800a5145aeb6b6e42084a494a294a294a4998
:101328004a6a4a6a52ab39c7ce7af79e42084229be
:101338004a294a4939e700208410ffff5acb73af86
:101348004a6a42294a493186bdb6ffff528a4a494c
:1013580052aa39e7d6baef5d42084a2942294a49d2
:1013680021241082defbb5b65acb738f41e84a2997
:101378004a294a294a2939e8e73ce71c39e74a4912
:1013880042294a294a2942294a4939e8002162eb77
:10139800ffff630c738e52ab42294a6a39c7c639bc
:1013a800ffdf39e84a49526a2966d6baef5d39c87b
:1013b8004a2942094a4a29660021c618d69a52abd8
:1013c8007baf42294a294a2942294a494a6942089f
:1013d80029454a6affffc61839c74a4a4a294a298d
:1013e8004a4918c33186ffff8410632d632d4208d4
:1013f8004a4939c78410ffff843031a7528b31a680
:10140800bdd7ffff528a420942294a4939c70020fd
:101418007bcfffff5acb7bcf528a42294a294a29e0
:10142800422942294a2939e839c74a294a294229f9
:101438004a294a2942294a49294510a2be18ffffcc
:10144800ffffef5d52aa7baf4a4a420942294a2967
:101458004a294a4941e86b4dffff843039a74a2998
:1014680042294a294a294a4921251082d6babdf774
:1014780052ab738f41e84a294a4931a6a535ffff87
:101488005acb294539c731a631a642084a494a29c3
:101498004a49422910824208ffff73af6b4d630c23
:1014a80042084a294a2941e839c7318639a72965b6
:1014b8007bf0ffffa51431a74a4942294a4931a7c1
:1014c800000094b2ef7d52aa7bcf4a294a294a49a3
:1014d80042284a294229422831a65acbffff949232
:1014e80029654a294a2942294a49210418c3ef7d16
:1014f800a5145aeb6b6e42084a294a494229420808
:1015080039c739c731864a49ffdfd6ba39c74a4988
:1015180042294a4939e700208410ffff5acb73afac
:10152800526a42294a4939c78410ffff94922965b3
:1015380031864a49ffffce5939c74a494a294a499b
:1015480021241082defbb5b65acb738f41e84a29b5
:101558004a294a29420852aaffffad5531a74a6acb
:101568004a294a294a2942294a4939e8002162ec8c
:10157800ffff630c738e52ab42294a6a31a7ad75df
:10158800ffff5aec298639c739e8ef7ddedb31a742
:101598004a2942294a4a29460021c618d69a52abf6
:1015a8007bcf42294a294a294a49420831a739e8c2
:1015b8006b4df79effff52aa42094a494a294a2918
:1015c8004a4918c33186ffff8410632d632d4208f2
:1015d8004a494229528affffdedb39a731664a6948
:1015e800ffffd69a39a74a4942294a4939e80020d3
:1015f8007befffff5acb7baf528a42294a294a29ff
:101608004a294a2939e86b6e738e41e84a294229ea
:101618004a294a294a294a49294510a2be18ffffe2
:10162800ffffef5d52aa7baf4a494229422942296e
:1016380042294a2939e86b6dffff8c5131a74a4985
:101648004229422942294a4921251082dedbbdf779
:1016580052ab738e42084a29422939e7ef7dffffd2
:10166800c618ce59c638c618c6184a6a42094a2941
:101678004a49422910824208ffff7bcf6b4d62ec3a
:1016880042084a4a39a79492ef7da53494b2b59698
:10169800fffff79e4a6942084a2942294a6931a749
:1016a800000094b2ef7d52aa7bcf4a4942294229d1
:1016b8004a294a294a294a494208630cffff9cd310
:1016c80031a74a49422942294a49210418c3ef7dd2
:1016d800a5145aeb736e42084a4942085acbef7d6b
:1016e800bdf79cd3a514ef7dffff73ae39c74a49f8
:1016f80042294a4939c700208410ffff5acb73afeb
:101708004a6a42094a294a2941e8d6baffffad7513
:101718009492ef5dffff6b4d42084a4942294a49be
:1017280021241082defbb5b65acb7baf42084a298a
:101738004a294a4939c77befffff7bf039c74a4935
:101748004a294a294a2942294a4939e800215aebb3
:10175800ffff630c738e52ab42294a2939e852ab1a
:10176800ffffffffa5149492e71cffff7bef31a753
:101778004a4942094a4a29450020bdf7d69a528b60
:101788007baf42094a294a4942085aebce79ef5db4
:10179800ffffe71c52ab39c84a4942294a294a295e
:1017a8004a4918c33186ffff8410632d632d420810
:1017b8004a294a4939c79492ffffd6ba94b2ef5dd5
:1017c800ffff632c39c74a2942294a4939c80041d1
:1017d8007befffff5acb7bcf528a42094a29422925
:1017e8004a294208528affffffff5acb42084a495a
:1017f8004a294a2942294a4929451082c617ffff22
:10180800ffffef5d52aa7baf4a4a4229422942298b
:1018180042294a2942085aebdedb738e39e74a49e6
:101828004229422942294a4921241082dedbbdf798
:1018380052ab738f42084a2942294208bdd7ce5974
:10184800d6bad6bad6badedbd69a528a42094a49fd
:101858004a49420910824208ffff73ae6b4d62eca1
:1018680042084a494208738ed69af7befffff7bf6f
:10187800bdf8528a39e74a49422942294a6931a7bb
:10188800000094b2ef7d52aa7bcf4a4942294229ef
:1018980042294a294a294a4942095acbd6bb7beff1
:1018a80039c74a49422942294a49210418e3ef7da8
:1018b800a5145aeb6b6e42084a494209528abdd7b1
:1018c800ef7dffdfffffdedb738e39a74a49422930
:1018d80042294a4939c700208410ffff5acb73af09
:1018e800526a42294a294a4942084229ad76f7be36
:1018f800ffffdedb6b4d39c74a49422942294a4975
:1019080021241082defbb5b65aeb7baf42084a2988
:101918004a294a4939c773aed6ba5acb39e84a294f
:101928004a294a294a2942294a4939e800215aebd1
:10193800ffff630c738e528b420842294a2939e70c
:10194800632cce7affdfffffe71c843039e74a4972
:10195800422942294a4929650020c618d69a528b3d
:101968007bcf42294a494a494208632de73cbdd703
:101978007bef39e839e84a49422942294a294a4944
:101988004a4918c33186ffff8410632d632d42082e
:101998004a294a294a4939e88c71ef5dffffdefb85
:1019a8006b6e39c74a49422942294a4939c8004118
:1019b8007befffff5acb7bcf528a42294a29422923
:1019c8004a2942294a29ce79d69a4a4942294a4976
:1019d8004a294a2942294a49294510a2c617ffff20
:1019e800ffffef5d52aa7baf4a4a422942294229aa
:1019f80042294a294a29420839c742084a2942291c
:101a08004229422942294a4921240862d6babdf806
:101a180052ab738f42084a294229422939c739c72c
:101a280039a739c731a739c731a742094a494a29cd
:101a38004a494209086239e7ffff73af6b4d62ec10
:101a480042084a294a4941e839c742084a694229ad
:101a580031a742084a494a294a2942294a4931a70d
:101a6800000094b3ef7d52ab7bcf4a49422942290b
:101a78004a294a294a294a294a29422939c741e88b
:101a88004a294a294a2942294a49210418c3ef7d8b
:101a9800a5145acc6b4e42084a294a29420931a753
:101aa80042084a494a4939e739e84a4942294a290c
:101ab80042294a4939c700208410ffff5acb73af27
:101ac800526a42294a294a294a49422931a74208e1
:101ad800422939c739c74a4942294a294a294a491c
:101ae80021241082dedbb5b65aeb7bcf42084a29a7
:101af8004a294a294a29420839c742084a29422913
:101b08004a294a294a2942294a4939e800205aebf0
:101b1800ffff630c738e528a4208422942294a49c0
:101b2800420839a742294a4939e839e74a4a4a293d
:101b38004a294a294a4929650020c618ce79528a75
:101b48007baf42294a294a494a49420839c739a735
:101b580039c74a294a4942294229422942294a4938
:101b68004a4918c33186ffff8410632d632d42084c
:101b78004a294a294a294a4939c739e84a4939e79d
:101b880039e84a4942294a2942294a4939c800417b
:101b98007befffff5acb7bcf528a42294a29422941
:101ba80042294a29420939e839e842094a494a2971
:101bb8004a294a2942294a49294510a2c618ffff3d
:101bc800ffffef5d52aa73af4a4a422942294229d0
:101bd80042294a294a294a294a494a294a29422955
:101be80042294a2942294a2921040861d6babdf85e
:101bf80052ab738f42084a294a2942294a494a491d
:101c08004a494a494a494a494a494a494a294a2974
:101c18004a494208086139e7ffff7bcf6b4d5aec10
:101c280042084a294a294a494a4a42294229422914
:101c38004a494a2942294a294a2942294a4931a670
:101c4800000094b2ef7d52aa7bcf4a49422942292b
:101c58004a294a294a294a294a2942294a494a49ac
:101c68004a294a294a2942294a49210418c3ef7da9
:101c7800a5145acb6b4e42084a294a294a294a498f
:101c88004a49422942294a494a4942294a294a296c
:101c980042294a4939c700207c0fffff5acb738f6e
:101ca8004a6a42294a294a294a294a294a4a422942
:101cb80042294a494a49422942294a294a294a493c
:101cc80021241082defbbdd75aeb73af42094a29a3
:101cd8004a294a294a294a494a494a2942294a292c
:101ce8004a294a294a2942294a4939e800215aeb0e
:101cf800ffff630c738e528a420842294229422907
:101d08004a494a49422942294a494a494a294a49a3
:101d18004a294a294a4929460020c618ce79528ab2
:101d280073af42094a294a294a294a294a294a496c
:101d38004a494a294a29422942294a2942294a49db
:101d48004a4918c33186ffff8410632c632d42086b
:101d58004a494a294a294a294a494a2942294a498b
:101d68004a494a294a294a2942294a4939c7002160
:101d78007befffff5acb7bcf528a42294a2942295f
:101d880042294a294a294a494a494a494a294a295b
:101d98004a294a2942294a49294510a2be18ffff63
:101da800ffffef5d52aa7baf4a6a420942294229e6
:101db800422942294229422942294a2942294229bb
:101dc8004a29422942294a4921240861d6babdf83c
:101dd800528b738f42094a294229422942294229b2
:101de8004229422942294229422942294229422993
:101df8004a49422908623a07ffff7bcf6b2d62ec04
:101e080042084a2942294a29422942294a294a2973
:101e18004229422942294a29422942094a4931a6e6
:101e2800000094b2ef7d528a7bcf4a4942294a2961
:101e38004229422942294229422942294229422942
:101e480042294229422942294a49210418c3ef7ddf
:101e5800a5145acb6b6e42084a29422942294229c5
:101e68004a294a2942294229422942294a294229fa
:101e780042294a4939c700207c0fffff52ab73ae95
:101e8800528a42094a294229422942294229422999
:101e980042294229422942294229422942294a49ba
:101ea80021041082defbbdd75acb73af42094a2901
:101eb80042294229422942294a29422942294229ba
:101ec80042294229422942294a4939e800205aeb45
:101ed800ffff62ec738e5aab42084a294a2942290d
:101ee80042294a2942294a294229422942294a297a
:101ef8004a2942294a6a29460021c618ce794a6adf
:101f0800738f420942294a294a294a2942294229e2
:101f180042294229422942294a2942294a294a4929
:101f28004a4918c32966ffff8410632c6b2d4208a9
:101f38004a2942294a294229422942294229422931
:101f4800422942294a29422942294a4939c70020b7
:101f58007bcfffff52aa73af52aa420942294229f6
:101f680042294a294a294229422942294229422901
:101f78004229422942294a69294510a2c618ffff69
:101f8800ffffef5d528a62ec42294a494a494a49b1
:101f98004a494a494a494a494a494a494a494a49a1
:101fa8004a494a494a6a422918e31082d6babdf713
:101fb8004a4962ec42094a494a494a494a494a490e
:101fc8004a494a494a494a494a494a494a494a4971
:101fd8004a6a39c708623a08ffff7bcf5aec52ab0e
:101fe80042294a494a494a494a494a494a494a4979
:101ff8004a494a494a494a494a494a494a4a294565
:1020080000009491ef5d4a6a630c4a294a494a499b
:102018004a494a494a494a494a494a494a494a4920
:102028004a494a494a494a4a420818c318e3ef5def
:10203800a534528a5acb42294a494a494a494a4907
:102048004a494a494a494a494a494a494a494a49f0
:102058004a494a4a296500207befffff528a5aeb1a
:102068004a494a494a494a494a494a494a494a49d0
:102078004a494a494a494a494a494a494a4a420808
:1020880018c31082dedbb5b64a695aeb42094a49e1
:102098004a494a494a494a494a494a494a494a49a0
:1020a8004a494a494a494a494a6a318600205acb2c
:1020b800ffff62ec630d528a4a494a4a4a494a4933
:1020c8004a494a494a494a494a494a494a494a4970
:1020d8004a494a494a4921240861c618d69a4a6990
:1020e80062ec42084a494a294a494a494a494a49fe
:1020f8004a494a494a494a494a494a4a4a494a6a1e
:1021080039e810822966ffdf7bef5acb5acb422988
:102118004a4a4a494a494a494a494a494a494a491e
:102128004a494a494a494a494a494a692966002165
:102138007bcfffff528a630c4a694a294a494a49b8
:102148004a494a494a494a494a494a4a4a494a49ee
:102158004a494a494a69422918e410a2bdf7ffffd3
:10216800fffff7bf4a492124190429652966296612
:1021780029662966318629662966296629662966b7
:10218800296629663186210418c31082e73cd69a4d
:1021980031862125210431862966296631862966fa
:1021a8003186296629662966296629662966296687
:1021b8002945210408414a49ffff84102945212562
:1021c80029452966296629662966296629662966b0
:1021d80029662966296631663186318629452104b2
:1021e80000009cf3ffdf39e7212518e429652966fb
:1021f8002966296631863186318631863186296697
:102208002966296629662965210410a32104ffdfb0
:10221800b5b6212529452125296629662966296615
:1022280029662966296629662966296631863186de
:1022380031862945210400008c51ffff4a69210499
:1022480018e32965296629662966296629662966a3
:102258002966296631663166316631662966210448
:1022680010a21082e73cc6382945210418e42966e3
:1022780029662966318629662966296629652966b7
:102288002966296629662966294521040000630c08
:10229800ffff630c294521242965318631662966ab
:1022a80029662966296629652965296529652966b2
:1022b80029663186212518e40861d69ae71c31a6db
:1022c80029662104296529662966296629662966f9
:1022d8003186318631863186318631863186296567
:1022e8002124108231a7ffff8c5129452124212563
:1022f800296629663186296629662966296631662e
:1023080031663186298629863186294521040020af
:102318008c51ffff528a29452104294629663166d6
:1023280029662966296631862966296631863186b5
:10233800296529662966210418c310a2d69affffc9
:10234800ffffffff9cd30000002100210020002098
:102358000020002000200020002000200020000095
:1023680000200020000000210000738effffffff07
:102378005aeb00000021002000200020002000204f
:102388000020002000200020002000210021002043
:10239800002000200841ad55ffffd69a18e4000040
:1023a8000020000000200020002000200020002045
:1023b80000200020002000210020002008410020eb
:1023c80039e7ef5dffff84310000002100000020a5
:1023d80000200020002000200020002000200020f5
:1023e8000020002000000020084100008431ffff89
:1023f800f79e420800000021002000200020002055
:1024080000200020002000000020002000200020e4
:102418000021084100202965e71cffffa5140000e2
:1024280000200020002000200020002000200020a4
:102438000020002000200020002100210021084168
:10244800000073affffff7be528a000000000000d3
:102458000020002000200021002100200020002072
:1024680000200020002000000021002118c3ce59c0
:10247800ffffbdb608610000000000000020002139
:102488000020002100210021002000200000002061
:1024980000000020002100005acbffdfffff6b4d3a
:1024a800000008410020002000200020002000003b
:1024b8000000002000200020002000200021002132
:1024c80000210021a514ffffdefb294500000021a3
:1024d8000000002000200000002000200020000054
:1024e8000020002000200020002000210000296595
:1024f800e71cffffa5340841002100200020000050
:102508000000002000200020000000200020002003
:10251800002000200020002100006b4dffffffff7e
:10252800fffff7beffffb5b67bcf7bcf7bcf73ae88
:1025380073ae73ae73ae73ae73ae73ae73ae73ae8b
:1025480073ae73ae73ae738e9cf3f7bef7beffdf48
:10255800f79e94b273ae7bcf73ae73ae73ae73aea9
:1025680073ae73ae73ce73ae7bcf73ae7bcf7bcfc0
:1025780073ae73aebdf7fffff79effffd6ba8410a8
:102588007bcf7baf7bae73ae73ae73ae73ae73ae01
:1025980073ae73ae73ae73ae73ae73ae73ae8c714f
:1025a800e73cfffff7beffdfad5573ae73ae73ae0a
:1025b80073ae73ae73ae73ae73ae73ae7bcf73aee2
:1025c80073ae73ae73ae73ae73aead55ffdff7bec9
:1025d800ffdfef5d8c7173ae7bcf73ce73ce7bcf95
:1025e80073ae73ae73ae73ae73ae73ae73ae73aedb
:1025f8007bcf7bcf8c51e71cfffff7beffffb5b643
:102608007bcf73cf73cf73ae73ae73ae73ae7bcf26
:1026180073ae73ae73ae73ae73ae73ae7bcf7bcf58
:10262800ad55ffdff7beffdfef7d949273ae73ae5b
:1026380073ae73ae73ae73cf73cf73ae73ae7bcf1f
:1026480073ae7bcf73ae73ae73ae7befd69affffdc
:10265800f79effffc6187bcf73ae73ae73ae73ae33
:1026680073ae73ae73ae7bcf73ae73ae73ae73ae31
:1026780073ae738e738e9492ef7df7beffdef7be56
:102688009cf37bcf7bcf73ae73ae73ae73ae73ae7a
:10269800738e73ae73ae73ae73ae73ae7bcf7bcff8
:1026a8007bcfb5b6fffff79effffdefb8c517bcfdc
:1026b8007bcf73ae73ae73ae73ae73ae73ae73aee1
:1026c80073ae7bcf7bcf7bcf7bcf73ae8410dedb4b
:1026d800fffff79effffbdf77bcf7bcf7bcf7baea6
:1026e8007bae73ae73ae73ae73ae73ae73ae73aed2
:1026f80073ae7bce7bcf73ae9cd3f7bef7beffff26
:10270800ffffffbef7beffffffffffffffffffff5b
:10271800ffffffffffffffffffffffffffffffffc1
:10272800ffffffffffffffffffffffdff7bef79e83
:10273800ffffffffffffffffffffffffffffffffa1
:10274800ffffffffffffffffffffffffffffffff91
:10275800fffffffffffff79ef7bef79effffffff9c
:10276800ffffffffffffffffffffffffffffffff71
:10277800ffffffffffffffffffffffffffffffff61
:10278800fffff79ef7beffdfffffffffffffffff23
:10279800ffffffffffffffffffffffffffffffff41
:1027a800ffffffffffffffffffffffffffdff7be9a
:1027b800f79effffffffffffffffffffffffffff8a
:1027c800ffffffffffffffffffffffffffffffff11
:1027d800fffffffffffffffff79ef7bef7befffffc
:1027e800fffffffffffffffffffffffffffffffff1
:1027f800ffffffffffffffffffffffffffffffffe1
:10280800fffffffff7bef7beffffffffffffffff62
:10281800ffffffffffffffffffffffffffffffffc0
:10282800fffffffffffffffffffffffffffff79e19
:10283800f7bef7beffffffffffffffffffffffff32
:10284800ffffffffffffffffffffffffffffffff90
:10285800ffffffffffffffffffdff79ef79effff72
:10286800ffffffffffffffffffffffffffffffff70
:10287800ffffffffffffffffffffffffffffffff60
:10288800fffffffff7bef7bef79effffffffffff4b
:10289800ffffffffffffffffffffffffffffffff40
:1028a800ffffffffffffffffffffffffffffffff30
:1028b800f79ef7bef7beffffffffffffffffffff1b
:1028c800ffffffffffffffffffffffffffffffff10
:1028d800ffffffffffffffffffffffdff79effff89
:1028e800ffffffdfef5d9cd39cd3ad55ad55ad55d4
:1028f800ad55ad55ad55a535a535a535a535a53588
:10290800ad55a535ad559cf38431defbffdfffdf08
:10291800d6ba94b2a534ad75ad55ad55ad55ad55d6
:10292800ad55a555a555ad55ad55ad55ad55ad559f
:10293800ad558c729cf4ffdff7beffdfb59694b3fc
:10294800ad55ad55ad55ad55ad55ad55ad55ad556f
:10295800ad55a535a535a535a535ad35a5148410d6
:10296800c618ffffffdfe73ca514ad55ad76ad7582
:10297800ad75ad55a534a535a534a535a534a53512
:10298800ad55ad55ad55ad759cf38c51e73cffdeab
:10299800ffdfc63894b2ad55ad75ad55ad55ad55e3
:1029a800ad55ad55ad55ad55a555ad55a535a53468
:1029b800a534a5148430b5b6fffff7bef79ea5353c
:1029c8009cd3ad55ad55a535ad55ad55ad55ad55aa
:1029d800a555ad55a535a534a534a514a51494b3ae
:1029e8008c51e73cffffffffd6ba9cd3a534a53531
:1029f800a534a534a534a534a534a534a534a53407
:102a0800a534a534a535ad55a5348430ad55ffdfc3
:102a1800f79ef79ead759cf3ad55ad55ad55ad55cb
:102a2800ad55ad55ad55ad55ad55ad55ad55ad558e
:102a3800ad55ad559cd37befd69affdfffdfd6baf5
:102a480094b2a535ad76ad75ad75ad75ad75ad55b1
:102a5800ad55ad55ad55a535a535a535ad55ad55d6
:102a680094b294b2f79effdfffdfbdd794b3a535cc
:102a7800a535a535a535a535a535a535a534a53480
:102a8800a534a534a535a535a555a5348c51b5b6bd
:102a9800fffff7beef7d9d149cf3ad76ad75a55590
:102aa800ad55a535a535a535a535a535a535a53526
:102ab800a535ad55ad559cf48431defbffffffff16
:102ac800ffffffff84309492b5969492949294926b
:102ad8008c72947294728c728c728c728c728c72ee
:102ae8008c728c728c72949252aa528affdfe73ce5
:102af80073aead55ad5594929492949294929492eb
:102b0800947294729472949294929472947294724d
:102b180094b3949242088c71ffffb59673aeb5b624
:102b28009cd38c718c728c9294929492949294729d
:102b3800949294929492949294928c7294b3738e89
:102b48003186d6baffff84109cf3b5b694b394b21d
:102b5800949294928c728c728c728c728c728c722d
:102b680094929492949294b29cf3528a630cffffcd
:102b7800d6ba738eb596a5149492949294928c7248
:102b88008c729472949294929492949294928c925d
:102b98008c71949273af3186c638ffff94928c7211
:102ba800b5d79cd39492949294929492949294923e
:102bb8008c928c728c728c728c728c728c729492d5
:102bc80052aa52aaffffe73c73aead75ad75949259
:102bd8008c728c728c728c728c718c528c518c723f
:102be8008c728c728c728c7294b284102965a514c4
:102bf800ffff9cd38410bdd79cf394939492949236
:102c080094928c728c7294929492949294929492dc
:102c1800949294b29cd35aeb39e7ef5def7d738eb3
:102c2800a514ad7594b294b294929492949294929d
:102c38009492949294929492949294928c72949284
:102c4800949242287befffffbdf7738eb5969cf3f5
:102c58008c7294929492949294928c928c728c71bd
:102c68008c718c528c718c718c7194b27bcf31a623
:102c7800c618ffff94b28c51b5b694d394b294920f
:102c8800949294928c728c728c728c728c728c72fc
:102c98008c718c718c7194b2630c52aaf7beffffd1
:102ca800ffffef5d5aeb9cd36b4d41e84229420987
:102cb80042094209420942094209420942094209b4
:102cc8004229420942084a6a39c710a2e71cc63895
:102cd8006b4da4f4528a420842294209422942090a
:102ce8004209420942084208420842084209420889
:102cf8004a495acb21244a49ffff84108410843161
:102d08004208420842094209420942294209420945
:102d18004229420942294229422942084a694a4924
:102d280008619cf3f79e5aeb9cd4630c4208422935
:102d38004209420942094209420942294209420913
:102d4800420942094228422852ab39e72124f79e1a
:102d5800ad756b6e9cd34a49420842094209420943
:102d68004208420942094229422942294229422964
:102d780042094a494a4a08628430ffff630c94b307
:102d880073af42084a2942294209420942084208c7
:102d98004208420842094209420942094229526a44
:102da80031a710a2e71cbdd75aeb9cf3528a420800
:102db8004229422942294229420942094209420933
:102dc80042094209420942084a294a6a1082630ca8
:102dd800ffff632d8c717bf0420942294229422969
:102de8004208420842084208420842094229422948
:102df8004229422852aa42290861ce59d69a5aeb4a
:102e0800a51452ab41e84229420842094209422925
:102e18004229422942294229422942294209420893
:102e2800528a296531a6ffff8c5173af94924229cb
:102e38004209422942294229422942294229422952
:102e4800420942094209420842084a494a49088255
:102e58008430ffff632c9cd3738e39e842294229c2
:102e68004229422842294229422942294209420943
:102e78004209420842084a69420818e3c638ffff77
:102e8800ffffe73c528a7bcf4a494a294a494a29e7
:102e98004a294a294a294a294a294a2a4a294a2991
:102ea8004a494a494a494a4921241082d6bac61889
:102eb8005aeb73af41e84a494a494a494a494a29bb
:102ec8004a294a2942294a294a294a29422942297a
:102ed8004a49420910824208ffff7bcf738e5aeca1
:102ee80042084a494a494a494a494a294a294a29eb
:102ef8004a294a294a294a294a294a294a4931a6ae
:102f080000209cd2f79d5acb7bf0422942294a29be
:102f18004a294a294a294a294a294a494a494a49b1
:102f28004a294a294a2942294229190418e3ef5d06
:102f3800ad55630c738e42084a494a294a294a29e1
:102f48004a294a294a294a294a294a494a494a4981
:102f58004a494a4a39c700207befffff5acb7bcf4b
:102f68004a6a42294a294a294a294a294a294a2988
:102f78004a294a294a294a294a294a294a294a4991
:102f880021040861dedbb59652aa738e39e84a49f6
:102f98004a294a494a494a4942294a294a294a2939
:102fa8004a294a294a294a294a4939e800215aeb33
:102fb800ffff630c7bcf52ab42094a494a494a4951
:102fc8004a294a294a294a494a294a494229422931
:102fd80042294a294a4a29650841c638ce7952ab5e
:102fe8007bf041e84a294a294a294a294a294a2993
:102ff8004a294a294a494a494a494a494a494a4971
:10300800422910a33186ffff8410632d6b2d4208df
:103018004a494a494a494a494a494a494a294a2950
:103028004a294a294a294a294a294a4a39c70021a4
:103038007befffff5acb7bef528a42294a494a4924
:103048004a494a494a494a494a494a494a4a4a49df
:103058004a494a494a494a4921251082bdd7ffffb2
:10306800ffffef5d52aa7baf4a4a422942294a290b
:1030780042294a294a29422942294a294a294a29c8
:103088004a294a294a294a4a29451082dedbbdf8dd
:103098005acb738f42084a494a294a294a294a2958
:1030a8004a294a2942294a294a294a294a29422990
:1030b8004a494229086239e7ffff7bcf6b6e630cf0
:1030c80042094a494a294a294a294a294a294a2968
:1030d80042294a294a294a294a294a294a4a39c7aa
:1030e80000209cd2ef7d5acb7bd04a294229422925
:1030f80042294a294a294a294a294a294a294a2938
:1031080042294a294a2942294a49210418c3ef5d1c
:10311800a53462ec736e42084a494a294a294a2969
:1031280042294a494a294a294a294a294a294a29e7
:103138004a294a4a39e800217befffff5acb73af8f
:10314800528a42294a294a294a294a294a29422986
:10315800422942294a294a29422942294a294a49cf
:1031680021050862defbb5b652aa738e42084a29c9
:103178004a2942294a294a294a2942294a294a29bf
:10318800422942294a294a294a49420800215aeb38
:10319800ffff630c73af528b420942294a29422927
:1031a8004a294a49422942094a494a29422942297f
:1031b800422942094a4a29660841c638d69a52aa7b
:1031c8007bf042094a294a294a294a294a294a298f
:1031d8004a294a294a294a294a294a294a294a492f
:1031e8004a4918c33186ffff8410630c6b2d4228af
:1031f8004a494a494a294a294a294a294a294a29ef
:103208004a294a294a294a2942294a4939c80021ca
:103218007befffff5acb7bcf528b42294a294a29a1
:103228004a2942294a2942294a49422939c7420892
:103238004a494a494a294a6929451082bdf7ffff88
:10324800ffffe73c52aa7baf4a494a294a294a2943
:103258004a294a294a294a294a294a294a294a29ce
:103268004a294a294a294a4921251082d6babdf84d
:1032780052ab738f42084a2942294a294a294a29c6
:103288004a294a294a294a294a294a294a294229a6
:103298004a294208086239e7ffff73af738e630c4f
:1032a80042084a4942294a294a294a294a294a298f
:1032b8004a294a294a294a294a2942294a4a39c7c8
:1032c800002094b2ef7d52ab7bcf4a2942294a298c
:1032d80042294a294a294a294a294a294a294a2956
:1032e8004a294a294a2942294a49210418c3ef5d33
:1032f800a5345aec6b6e42084a29422942294a29c8
:103308004a29420842294a294a294a294a294a294e
:1033180042294a4939c800218410ffff5acb73afac
:10332800528a42294a294a294a294a294a294229a4
:103338004a294a294a29422942294a2942294a49e5
:1033480021250862defbb5b652ab738f42084a29c5
:103358004a294a294a294a294a294a294a294a29cd
:103368004a294a294a2942294a4939e800215aec76
:10337800ffff630c738f528b4208422942294a2966
:103388004a494229526a52aa42084a4942294229cc
:10339800422942094a4929660841c638d69a5acb71
:1033a8007bf042094a294a294a294a294a294a29ad
:1033b8004a294a294a294a294a2942294a2942297d
:1033c8004a4918e33186ffff8410630d6b2d4228ac
:1033d8004a494a494a294a494a294a294a294a29ed
:1033e8004a294a294a294a2942294a4939c80021e9
:1033f8007bcfffff5acb7bcf528a42294a294a49c1
:103408004a294a294a294a49420852abdefb841014
:1034180039c74a4942294a6929451082bdf7ffff41
:10342800ffffe73c52aa73af4a4942294a294a2971
:103438004a294a294a294a294a294a294a294a29ec
:103448004a294a2942294a4921250862d6babdf79c
:1034580052ab738f42084a2942294a294a294a29e4
:103468004a294a294a294a294a294a294a294229c4
:103478004a494208086239e7ffff73af6b6e630c75
:1034880042084a494a294a294a294a2942294a29ad
:103498004a294a294a294a294a2942294a4a39c7e6
:1034a800000094b2ef7d52ab7bcf4a2942294a29ca
:1034b8004a294a294a294a294a294a294a294a296c
:1034c8004a294a294a2942294a49210418c3ef5d51
:1034d800a5345aec6b6e42084a494a294a294a29b6
:1034e8004a295acb4a2942294a294a294a294a2992
:1034f8004a294a4939c700218410ffff5acb73afc4
:10350800528a42094a294a294a29422942294229f2
:103518004a294a294a29422942294a294a294a49fb
:1035280021051082defbb5b652ab738f41e84a29fc
:103538004a294a294a294a294a2942294229422903
:103548004a294a294a2942294a4939e800215aec94
:10355800ffff630c73af528b4208422942294a2964
:103568004a494208e73cffff4a6942294a29422959
:10357800422942294a4929460021c618ce7952aa29
:103588007bf042094a294a294a294a294a294a29cb
:103598004a294a294a294a2942294a294a294a2993
:1035a8004a4918c33186ffff8410630d6b2d42080a
:1035b80042494a294a294a2942294a294a294a295b
:1035c8004a294a294a294a2942294a4939c8002107
:1035d8007bcfffff5acb7bcf528a42094a294a291f
:1035e8004a294a294a294a4a31a69cd3ffff630c33
:1035f80042084a4942294a4929451082be17ffff15
:10360800ffffef5d528a7baf4a4942294a29422986
:103618004a294a294a494a494a494a494a494a494a
:103628004a294a294a294a4921250862d6babdf7b2
:103638005acb73ae42084a494a494a294a294a2973
:103648004a294a494a494a294a294a294a494a495a
:103658004a294228086239e7ffff73af6b4d630cb4
:1036680042084a494a2942294a294a4a4a494a496a
:103678004a494a2942294a294a2942294a4a39a70c
:10368800000094b2ef7d52aa7bcf4a294a294a29e1
:103698004a294a294a294a494a494a494a494a49ea
:1036a8004a294a29422942294a49210418c3ef5d77
:1036b800a5345acc6b6e42084a294a294a4939a787
:1036c8008c72ffff5aec42294a4a4a294a294a2958
:1036d8004a294a4939e700207befffff5acb73aeee
:1036e800528a42294a294a294a494a4a42294a29a0
:1036f8004a294a294a494a4942294a2942294a49da
:1037080021250862dedbb5b65acb738f41e84a291a
:103718004a294a294a494a494229422942294a49c1
:103728004a494a294a2942294a4941e800215aeb8b
:10373800ffff630c73ae52ab42294a2942294a293a
:103748004a2939e7c618dedb42284a294a2942298c
:10375800422942094a4929650020c618ce79528a69
:103768007bef42294a294a294a2942294a294a49b2
:103778004a494a494a494a294a294a294a294a2949
:103788004a4918c33186ffff8410630d632d420830
:103798004a29422942294a494a494a494a494a49f9
:1037a8004a494a294a294a2942294a4939c7002106
:1037b8007bcfffff5acb7bcf52aa42294a294a29fd
:1037c8004a2942294a294a4939c7e71cdedb31a67a
:1037d8004a494a4942294a4929451082bdf7ffff0b
:1037e800ffffe73d52aa7baf4a4942294a294229ad
:1037f8004a294a4939c731a731a731a731a741e832
:103808004a494a2942294a4921240862d6babdf7b9
:103818005acb73ae4209420831a642294a294a497d
:10382800422931a742084a494a294a2931a739e792
:103838004a49422908624208ffff73af6b4d62eca8
:1038480042084a294a294a294a6941e831a631a643
:1038580031a642084a494229422942294a4a31a7ff
:10386800000094b2ef7d52ab7bcf4a4942294a29e6
:103878004a494a494a4939e731a731a6318639c701
:103888004a4942294a294a294a49210418c3ef5d6d
:10389800a5355aec736e42084a2942294a4931a78c
:1038a8009cd3ffff4229296531a642084a294229ab
:1038b80042294a4939e700407c0fffff5acb73aed3
:1038c800528a42294a294a2939c731a742494229f5
:1038d80042294a4939c731a74a294a294a294a491e
:1038e80021050862dedbb5b65aab738f42084a2958
:1038f8004229422931a739e74a4942294a4939e741
:1039080031a642294a2942294a4939e800215aeb75
:10391800ffff630c73ae52ab42294a494a294a2930
:103928004a2942293186296642084a294a294a49a8
:103938004a4942294a4a29650020c618ce79528a3e
:103948007bcf42094a294a294a294a49420831a6cd
:1039580031a631a639c74a494a4942294a494a291a
:103968004a4918c33186ffff8410630d632d42084e
:1039780042294a29422939c731a731a731a731a796
:1039880042084a494229422942294a4939c700215d
:103998007bcfffff5acb7bcf528a42294a29422943
:1039a800422942294a493a08630cffff949231a7f9
:1039b8004a694a4942294a4929451082bdf7ffff09
:1039c800ffffe73d52aa7baf4a4942294a294a49a3
:1039d800422942088430c639d69ac6189cf462ec4b
:1039e80039e84a2942294a4921250862d6babdf749
:1039f8005acb73af39c76b6da53552ab42294a49cb
:103a08004a499cf35acc42084a4942089cd384103c
:103a180042084a4910824208ffff7bcf6b4d5aec9f
:103a280042084a294a294a6939e76b6ec618d69a64
:103a3800b5965aeb39e84a49422942294a4a31a7f8
:103a4800002094b2f79e5acb7bd04a49422942299a
:103a580042294a29422873aead55c639c6398c72f7
:103a680039e74a49424942294a49210418c3ef5dc6
:103a7800a5355aec736e42084a294a294a4931a7a2
:103a880094b2ffffb596a534ad7552ab42084a49ca
:103a980042294a4939e700407c0fffff5acb73aef1
:103aa800528a42294a4939e8843194b342284a293a
:103ab8004a2939e78431949239e84a2942294a49fe
:103ac80021251082dedbb5b65aab738f42084a292e
:103ad8004a2942289cd37bcf39e74a4a39e873ae52
:103ae8009cf44229422942294a4939e800215aebe3
:103af800ffff630c73ae52ab42284a494a49422938
:103b08004a4939c8841094b339e842294a294a49ac
:103b18004a494a294a6a29650841c618d69a528ae2
:103b28007bcf42084a2942294a4941e8528aad5581
:103b3800d69ac638841039e84a494a494a494a292e
:103b48004a4918c33186ffff8410630c632d42086d
:103b58004a494a494a698430b596ce7ad69aad75ab
:103b68005acb39c74a49422942294a4939c700210b
:103b78007bcfffff5acb7bcf528a42294a294a2959
:103b8800422942294a4931a7ad55ffff52aa4208a6
:103b98004a294a4942294a4929451082bdf7ffff67
:103ba800ffffef5d52aa73af4a4a42294a494a4980
:103bb8004229d69affffe71cce59e71cffffbdd765
:103bc80031864a4942294a4921251082dedbbdf760
:103bd80052ab7baf31a77befffff949239e839e70f
:103be80073aeffffad5539a742295acbffffa53564
:103bf80039c74a6910824228ffff7bcf6b4d5aecc8
:103c080042084a294a4931a78c71ffffef5dc6383f
:103c1800ffffffff5aeb41e84a4942294a4931a7c9
:103c280000209cd3f79e5acb7bef4a494229422970
:103c38004229420852aaffffffffd69ae71cb59611
:103c480039c74a494a294a294a49210418c3ef5d14
:103c5800a5345aec6b6e42084a294a294a4931a6ca
:103c680094b3ffffe73ce71cef5d630c41e84a298a
:103c780042294a4939e700407c0fffff5acb73af0e
:103c8800528a42094a4931a7b5b7ffff630c41e898
:103c98004a2939e8ffffd69a31a74a4942294a49b1
:103ca80021250862dedbb5b752ab73af41e84a495c
:103cb80042094229ffffce5931a6526a31a7b5b74a
:103cc800ffff4a6942084a294a4939e800215aeb64
:103cd800ffff632c73af52ab42294a494a294a294c
:103ce8004a493186d67affff39e742294a294a29c3
:103cf8004a494a294a4a29660841c638d69a52abdf
:103d08007bcf420842294a2939e8630cffffffffad
:103d1800ce59e71cffffbdd739e74a494a4942292e
:103d28004a4918c32966ffff8410630c632d4208b3
:103d38004a6942086b4dffffffffd69ace79ffff15
:103d4800ffff7bef39c74a4942294a4939c7002151
:103d58007bcfffff5acb7bcf528a42294a294a2977
:103d680042294a294a294208f79ed67a39a74a4958
:103d780042294a2942294a4929451082bdf7ffffad
:103d8800ffffe73c52aa73af4a4942294a4939c75b
:103d9800ad55ffff94923186318639e7ffdfb5b71d
:103da80031a74a4942294a4921251082dedbbdf85c
:103db80052ab73af42084a49ffdfc63839e731a62c
:103dc800ad55ffffd69a420839c78c51ffff5acb31
:103dd80042084a4910824208ffff7bcf6b6e62ecb3
:103de80042084a4941e8528affffb5b63186318612
:103df8004a49ffffce5931864a494a294a4a31a7da
:103e080000209cd3f79e5acb7bef4a4942294a2986
:103e18004a29420852aaffffa514294539e739e87b
:103e280042294a294a294a294a49210418c3ef5de7
:103e3800a5345aec6b6e42084a294a294a4931a7e7
:103e48009cd3ffff528a31a639e742094a29422901
:103e580042294a4939e700207befffff5acb73af6d
:103e6800528a42094a4939e8630cffff9cf339c773
:103e780042086b6dffff841039c74a4942294a49f5
:103e880021250862dedbb5b752ab73af41e84a497a
:103e980042284229ffdfbdd731a6526a39a7ad555e
:103ea800ffff4a4942084a294a4939e800215aeba2
:103eb800ffff632c73af52ab42094a294a294a29aa
:103ec8004a4931a7c618ef7d42084a2942294229a2
:103ed800422942294a4a29660041c618d69a528b75
:103ee8007bd042094229422939c7defbffff52aa8b
:103ef80031a63186a514ffff7bef31a74a494a292d
:103f08004a4918c33186ffff8410630c632d4208a9
:103f18004a494208632cffff8c91212431a6528a1a
:103f2800ef7dffff4a6a42094a294a4939c70021f9
:103f38007bcfffff52ab7bcf528a42094a294a29dd
:103f48004a294a4a39e86b6dffff843039a74a4944
:103f58004a294a2942294a4929451082bdf7ffffc3
:103f6800ffffe73c528a73af4a4942294a2939e799
:103f7800ef5de71c39c74a494a494a49ffdfbdd7bf
:103f880031a74a4942294a4921251082d6babdf8a3
:103f980052ab738f422931a7ce59f7be4228420847
:103fa800e73ce73cf7be5acb3186c638ef5d39c7e8
:103fb8004a49420908624208ffff7bcf6b6e630cd7
:103fc80042084a4931a78c51ffff6b4d42085acb32
:103fd8004208c618ffdf4228422942294a4a31a727
:103fe800000094b2f79e52ab7bd04a494a294a292d
:103ff8004a49420852abffff9cf339c74a494a294c
:104008004a294a294a2942294a49210418c3ef5d05
:10401800a5345aec6b6e42084a294a294a4931a705
:104028009cd3ffff5acb42084a494a294a294229c8
:1040380042294a4939e700207befffff5acb73ae8c
:10404800528a42294a294a4939c7e71cdefb39e71f
:1040580031a7a534ffff528a42284a2942294a49f2
:1040680021050862dedbb5b652ab73af42084a4998
:1040780042284a49ffffbdf731a6526a31a7ad75fc
:10408800ffff4a49420842294a4939e800215aebc8
:10409800ffff632c73ae52ab42094a294a294a29c9
:1040a8004a4931a6c639f79e42084a294a2942296f
:1040b80042294a294a4929650021c618d69a52ab8d
:1040c8007bd042294a4939e8630cffffa5142966c9
:1040d8004a6a42094229ffffce5939c74a6942292b
:1040e8004a4918c32966ffff8410630c632d4208f0
:1040f8004a494208632cffff949231a7528a3186bd
:104108008c51ffff7bef39a74a494a4939c700411b
:104118007bcfffff5acb7bcf528a42294a494a2993
:104128004a294a6a39c7b5b6ffff4a6a42094a2985
:104138004a294a2942294a6929451082bdf7ffffc1
:10414800ffffe73c52aa73af4a694a29420842284e
:10415800ffffbdd731a64a4942294a49ffffbdd7cb
:1041680031a74a4942294a4921251082dedbbdf898
:1041780052ab738e420831a68430ffff5acb5acb1c
:10418800ffff632cffdf843139c7ffffad55318650
:104198004a494208084141e8ffff7bcf6b6e630c38
:1041a80042094a6a39a7a534ffffffffffffffdf77
:1041b800ffffffffffdf4a6942284a294a4a39c7f9
:1041c80000009cd3ef7d528b7bcf4a494a294a296c
:1041d8004a49420852abffff9cf339a74a494a298a
:1041e8004a294a294a2942294a49210418c3ef5d24
:1041f800a5345aec6b6e42084a294a294a4931a724
:104208009cd3ffff5acb42084a294a294a29422906
:1042180042294a4939e708207befffff5acb73aea2
:10422800528a42294a294a4931a794b3ffff5acbf7
:104238002945defbd6ba39c74a49422942294a49a3
:1042480021051082defbb5b65acb73af42084a2966
:1042580042294229ffdfbdf731a64a693186ad55ab
:10426800ffff4a49420842294a4939e800215aebe6
:10427800ffff632c73ae528a42094a294a294a2908
:104288004a4931a7c639f79e420842294a294a298c
:104298004a294a294a4929650021c618ce79528aed
:1042a8007bd042294a6a39e87bcfffff843039c77f
:1042b8004a494a494208e73de71c3a084a494a2917
:1042c8004a4918c32966ffff8410630d632d42080d
:1042d8004a494208632cffff8c7131a74a4a39e8e2
:1042e8006b6dffff949231a74a494a4939c800418a
:1042f8007bcfffff5acb7bcf528a42294a294a29d2
:104308004a294a494229ffdfce5939c74a494a4909
:104318004a294a2942294a4929451082bdf7ffffff
:10432800ffffe73c52aa73af4a4a42294228422873
:10433800ffdfc61831a64a6a4a494a49ffdfbdd796
:1043480031a74a494a294a4921251082dedbbdf7af
:104358005acb738f420842084a6affff84308c5157
:10436800f7be2965d6babdf75aebffff6b6d39e882
:104378004a494208086139e8ffff7bcf6b6d630c3f
:1043880042084a6a39c79cd3ffff8410632d738e95
:104398006b6e6b6e632d4228424942294a4a31a707
:1043a800000094d3ef7d528b7bcf4a294a294a29b2
:1043b8004a49422852caffff9d1339c74a494a2928
:1043c8004a294a294a2942294a49210418c3ef5d42
:1043d800a5345aec6b6e42084a294a294a4931a742
:1043e8009cd3ffff52aa42084a494a294a2942292e
:1043f80042294a4939e700207befffff5acb73aec9
:10440800528a422942294a294228528affffa51482
:1044180039c7ffff8c5139a74a494a2942294a49d5
:1044280021051082defbb5b65acb73af42084a2984
:1044380042294228ffdfc61731a6526a31a7ad7557
:10444800ffff4a49420942294a4939e800205aec03
:10445800ffff630c738e5a8b42094a294a294a295d
:104468004a4931a7ce39f79e39e74a294a294a29c4
:104478004a2942294a4a29650021c618ce79528a12
:104488007bcf42294a4939e8738effff949231a6bf
:104498004a694a494208ef7ddedb39e74a494a4919
:1044a8004a4918c33186ffff8410632d632d4208e3
:1044b8004a4939e8632cffff8c7139c74a6a39e8e1
:1044c80073aeffff8c7139c74a494a4939c7084159
:1044d8007bcfffff5acb7bcf528a42294a294229f8
:1044e8004a4939c773aeffff7bef39c74a494a29a2
:1044f8004a294a2942294a4929451082bdf7ffff1e
:10450800ffffe73c52aa73af4a4942294a4939c7d3
:10451800dedbffdf422839c739c739e8ffffbdd7df
:1045280039c74a4a42294a4921251082d6babdf7d5
:104538005acb73af42084a4931a6d69ace79d6ba31
:10454800b5b621259492ef5dbdd7f79e42084a295a
:104558004a494209086139e8ffff7bcf6b6d630c5c
:1045680042084a4a39e8738effff8c5118c331a6b6
:1045780031a6296639c74a49424942294a4a39c7b0
:10458800000094d3ef7d52aa7bcf4a294a294a29b1
:104598004a49420852cbffff9cf339a74a494a29a6
:1045a8004a294a294a2942294a49210418c3ef5d60
:1045b800a5345aec6b6e42084a294a294a4931a661
:1045c8009492ffff5acb318639e842084a2942299a
:1045d80042294a4939e700207befffff5acb73aee7
:1045e800528a4229422942294a6a39c7c638ef5da8
:1045f8009492ffff4a6942084a294a294a294a49a6
:1046080021241082defbb5b652aa73af42084a29ac
:104618004a2939e8e73de71c318639e82925a534d8
:10462800ffff4a4a42294a294a4939e800205aecf8
:10463800ffff630c738e528b42094a294a294a2983
:104648004a4931a6c638f79e420842294a294229d2
:104658004a2942294a4a29650021c618ce79528a30
:104668007bcf42294a4942094a69ffffd69a2966ff
:1046780042083186630cffffad5531864a694a29e5
:104688004a4918c33186ffff8410632c632d420802
:104698004a4939e8632cffff8c51212542082945f6
:1046a800ad75ffff6b4d41e84a494a4939c7084192
:1046b8007bcfffff5acb7bcf528a42294a294a290e
:1046c8004a4931a6bdd7ffff4a4942294a294a2902
:1046d8004a294a2942294a4929451082bdf7ffff3c
:1046e800ffffe73d52aa73af4a6a42294a4939e7b0
:1046f8007befffffd69a6b6d632cc618ffffb5964c
:1047080039c74a4a4a294a4921251082dedbbdf8c1
:1047180052ab73af41e84a4939c78431ffffffff05
:104728006b4d39a7528af79effffa51431a64a4957
:104738004a49422908624208ffff7bcf6b4e630c4f
:1047480042084a294a2939c7d6baffff9cd3630cc5
:10475800632c9cd3632c42084a4942294a4a31a710
:1047680000009cd3ef7d52ab7bcf4a4942294229b6
:104778004a29420852aaffffa51439a74a494a29db
:104788004a294a294a2942294a49210418c3ef7d5e
:10479800a5145acc6b6e42084a294a294a4939c796
:1047a8006b4dffffc6185aeb7bef5aeb42084a29bc
:1047b80042294a4939e700407befffff5acb73aee5
:1047c8004a6a42294a294a294a4942086b6dffff29
:1047d800ffffc63831a74a494229422942294a4996
:1047e80021241082defbb5b65acb73af42084a29a2
:1047f8004a4931a7a514ffffad75632c630cce7928
:10480800ffff4a4a42084a294a4939e800215aec36
:10481800ffff630c73ae52ab42094a494a29422949
:104828004a4931a7ce59f7be420842284a294a299f
:104838004a2942294a4a29650021c618ce79528a4e
:104848007bcf420942294a4931a69cf3ffffb5b6fe
:10485800630c73aef79effff528a39e84a29422952
:104868004a4918c33186ffff8410630c632d420840
:104878004a4939e8632cffffef7d8c51630c9cd3c8
:10488800ffffce5939c74a2942294a4939c8084140
:104898007bcfffff52aa73ae528a42294a294a297e
:1048a80042094228ffdfbdd731a64a6942294a2971
:1048b8004a294a294a294a4929451082bdf7ffff52
:1048c800ffffe73d52aa73af4a49422942294a49a4
:1048d80039c78c51ffdfffffffffef5dffffbdd73b
:1048e80039c74a4a42294a4921251082d6babdf712
:1048f80052ab73af42094a494a294a69f79ee71cf5
:1049080042284a4931a7b5b7ffff5acb39e84a29a7
:104918004a49422910824208ffff7bcf6b4e5aec6e
:1049280042084a294a2941e84a6ace59ffffffff4f
:10493800ffffffff7bcf39c74a4942294a4a31a7bf
:1049480000009cd3ef7d52ab7bcf4a4942294229d4
:104958004a294208528affff9cd339a74a494a2963
:1049680042294a294a2942294a49210418c3ef5da4
:10497800a5345acb6b6e42084a294a294a2942294a
:1049880039c8ad75ffffffffffff841039c74a49db
:1049980042294a4939e700407befffff5acb73ae03
:1049a800528a42294a294a294a294a6939e8ce3984
:1049b800ffff7bcf39e74a494a49422942294a49f8
:1049c80021241082dedbb5b65acb73af42084a49c0
:1049d8004a2942294208bdd7ffffffffffffffff1b
:1049e800d6bb4228420842294a4939e800215aecf4
:1049f800ffff630c73ae52ab420942294a294a2988
:104a08004a4931a7c618ef7d420842294a29422956
:104a18004a2942294a4a29650841c638ce79528b23
:104a28007baf41e8422942294a2939e8a534ffffea
:104a3800ffffffffe73c632d39e74a494229422936
:104a48004a2918c33186ffff8410632c632d42085e
:104a58004a4939e8632cffffe73cfffffffffffff0
:104a6800c6384a494208422942294a4939c80841b0
:104a78007bcfffff52aa73ae52aa42294a494a493c
:104a880039c77bcfffff738e39c74a494a294a295c
:104a98004a294a294a294a6929451082bdf7ffff50
:104aa800ffffe75d52aa73af4a6942294a294229a2
:104ab8004a4939c74a49632d5aec4208ffdfbdf716
:104ac80039c74a6a42294a4921251082d6babdf710
:104ad80052ab73af42094a494a4942294a6a4a498c
:104ae80042294a29422942294a6a42084a4942290e
:104af8004a49422910824208ffff7bcf6b4d5aec8e
:104b080042084a2942294a49422839e752aa632dcc
:104b1800630c4a4942084a494a2942294a6a31a744
:104b2800000094b2ef7d52ab7bef4a4942294229fb
:104b380042294a294229528a4a494a294a294a295c
:104b48004a294a294a2942294a49210418c3ef5dba
:104b5800a5145acb6b6e42084a294a294229422990
:104b68004a4939e85acb6b4d52ab42084a294a297f
:104b780042294a4939e700407befffff5acb73ae21
:104b8800526a42294a294229420842282945bdf742
:104b9800f7bf42084a494a494229422942294a4913
:104ba80021241082dedbb5b752ab738e42084a2946
:104bb80042294a29422939e752aa632d630c52aa8d
:104bc80042084208422942294a4939e800215aec58
:104bd800ffff630c73ae52ab42294a294a294a297e
:104be8004a4942294a6a528a42294a49422942295b
:104bf800422942294a4a29650041c618ce79528a73
:104c08007baf42084a294a294a494a4939c74a6969
:104c1800632c5aec39e839e84a4a4a294a29422990
:104c28004a2918c33186ffff8410630c632d42089c
:104c38004a4941e8632cffff843039e76b4d5acb72
:104c480039c742094a49422942294a4939c70021f4
:104c58007bcfffff52ab73cf52aa42294a494a6918
:104c680031a7c618f79e39e742294a294a294a290d
:104c78004a29422942294a4929451082bdf7ffff9e
:104c8800ffffe73d52aa73ae4a6942294a294a29d9
:104c98004a294a494229420842084a49ffdfbdd702
:104ca80039c74a4942294a4921250861d6babdf778
:104cb80052ab73af42094a494a294a494229422913
:104cc8004a494a294a49422942294a494a294229fc
:104cd8004a49420908624208ffff7baf6b4d5aec14
:104ce80042084a294a294a294a494a69422839e848
:104cf800420842284a494a294a2942294a4a31a7a8
:104d0800000094b2ef7d52aa7bcf4a4942294a2932
:104d18004a294a294a29420942294a294a294a2923
:104d28004a294a294a294a294a4a210418c3ef5dcf
:104d3800a5345acb6b4e42084a294a294a294a299e
:104d48004a294a49420839e842084a294a294a2947
:104d580042294a4939e700217befffff5acb738f7d
:104d6800526a42294a29422952ab4a498c51ffffcb
:104d7800843131a74a4942294229422942294a49cc
:104d880021050862dedbb5b752aa738e42084a29ac
:104d980042294a294a494a4942284208420842299e
:104da8004a494a494a494a294a4939e800205aecb5
:104db800ffff630c738e52ab42294a494a294a299c
:104dc8004a294a29422942294a494a294229422943
:104dd8004a2942294a4929650020c618ce79526acb
:104de8007baf42094a294a294a294a294a4942287d
:104df80039e842084a494a494a294a494a294a292e
:104e08004a2918c32966ffff8410630c632c4208e3
:104e18004a494208632dffff8c71318642084208d7
:104e28004a494a294a294a2942294a4939c700216f
:104e38007bcfffff5acb73af528a42294a494208b7
:104e480052abffffb59631a64a694a294a294a2931
:104e58004a294a2942294a4929451082bdf7ffffb4
:104e6800ffffe73c52aa73ae4a6942294a29422900
:104e7800422942294a494a494a294a49ffffbdf776
:104e880031a64a4942294a4921240861d6bac61896
:104e980052ab73af42084a49422942294a494a4912
:104ea8004a494a2942294a294a2942294a294a4932
:104eb8004a494208086139e7ffff73ae632d5aeb90
:104ec80042084a29422942294a294a294a294a495b
:104ed8004a494a2942294229422942294a4931a7ad
:104ee800000094b2ef7d528a7baf4a494229422999
:104ef80042294a294a294a294a2942294229422932
:104f080042294229422942294a49210418c3ef5d0e
:104f1800a51452ab6b4e42084a29422942294a49f4
:104f280042294a294a294a494a2942294a294229d9
:104f380042294a4a39e700217befffff5acb738e9b
:104f48004a6a42094a2939e8e73cffffffffad55a5
:104f580031a74a2942294a294229422942294a494c
:104f680021040861dedbb5b6528a738e42084a29ed
:104f780042294229422942294a494a494a494a4931
:104f88004a2942294a2942294a4939e800205aeb44
:104f9800ffff5aec738e52ab42294a294a2942290b
:104fa800422942294a29422942294a294a29422989
:104fb800422942294a4929650020c618ce794a69fa
:104fc8007baf42294a294a294a29422942294a29a2
:104fd8004a494a4942294229422942294a294a2911
:104fe8004a2918c32966ffff84105aec630d42084a
:104ff8004a4939e8632dffff8c7139c74a4a4a2963
:1050080042294a294a294a2942294a4939c70021b5
:105018007bcfffff5acb7bcf528a42284a4939e7d8
:105028006b6edefb632c39e84a4942294229422942
:105038004229422942294a4929451082be17ffffc1
:10504800ffffef5d52aa6b6e528a4a494a494a49a4
:105058004a4a4a4a4a4a4a4a4a4a42296b6d5aebdc
:1050680042284a494a4a4a6921041082d6bac618cf
:105078004a696b4e4a494a694a494a494a494a690a
:105088004a6a4a4a4a494a494a494a494a694a691e
:105098004a6939e708414208ffff73af630c630ca4
:1050a8004a494a494a494a494a494a494a494a4960
:1050b8004a494a494a494a494a494a494a6a31860b
:1050c800002094b2ef7d528a6b6e4a6a4a494a4977
:1050d8004a494a494a494a494a494a494a494a4930
:1050e8004a4a4a494a494a4a4a4918e418c3ef5db4
:1050f800a5344a6a6b4d4a494a494a494a494a4984
:105108004a494a4a4a494a494a494a494a494a49fe
:105118004a49526a31a700207bcfffff5acb6b6dfb
:1051280052aa4a494a4a4228632c7bef630c39e762
:105138004a694a494a494a494a494a494a494a49af
:1051480021041082d6bbb5b64a6a6b6e4a294a4a10
:105158004a494a4a4a494a494a494a494a494a49ae
:105168004a494a494a494a49528a39c700205acbca
:10517800ffff5aec6b4d5acb4a494a494a494a49ba
:105188004a494a494a494a494a494a494a494a497f
:105198004a494a494a6921250040bdf7ce594a493a
:1051a80073af4a6a4a494a494a494a494a494a49af
:1051b8004a494a494a494a494a494a494a494a4a4e
:1051c800422910a23186ffdf84105acb630c422992
:1051d8004a494a494a29738e528a42294a494a49c0
:1051e8004a494a494a294a494a4a4a6a31a600214b
:1051f8007bcfffff5acb6b6d52aa4a494a494a49ad
:10520800422939e74a494a6a4a494a494a494a4978
:105218004a494a494a494a69210410a2bdf7ffff91
:10522800ffffef7d52aa4208294539c739e739e718
:1052380039e739e739e739e739e739c7318631a638
:1052480039e739c74208296518c31082defbc6381a
:1052580031a639c7296539e739c739e739e739e761
:1052680039e739e739e739e739e739e739e739c756
:1052780039c72104084139e7ffff7bcf39e831a658
:1052880031a739e839c839e739e739c739c739c7dc
:1052980039c739c739c739c739c739c7318621240a
:1052a80000419cd3ffdf4a494208294539c739c71d
:1052b80039c739c839c839c839e739e739e739c783
:1052c80039c739c739c739c8294618e318e3f79edb
:1052d800ad7539c739c7318639e739c739c739c7cd
:1052e80039c739c839c839c839c739c739c739c7b3
:1052f80039c731a7212408418410ffff52aa420868
:10530800296639c739c739c731862965318639e8e9
:1053180039e739e739e739c739c739c739c72945b7
:1053280018c310a2e71cc63839e739e8296639c816
:1053380039c739c739c839c739c739e839c739c743
:1053480039c739c739c739e739c721050841630c57
:10535800ffff630c4208296631a739c739c739e707
:1053680039e739e739e739c739c739e839c739c7b4
:1053780039c739c7296621040861ce59d6ba39c751
:105388004208296639e739c739c739e739e739e7bc
:1053980039e739c739c739c739c739c739c739c7e5
:1053a800294510a331a6ffff8c5139c731a6318694
:1053b80039c739c731a7296631a739c739c839c8a4
:1053c80039c739c739c739c739c831a7210408418e
:1053d8008410ffff52ab39e7294539c739e739e768
:1053e80039e7420839e839e739e739e739e739e78a
:1053f80039c739c739c7294518c31082c638ffffce
:10540800ffffffff73ae0000084108410841084153
:1054180008410841084108410841084108610861fc
:105428000841084108410861000039e8ffdff7be7c
:1054380039c70000084108410841084108410841ae
:10544800084108410841084108410841084108410c
:105458000841086200008c51ffffb5b608410020e2
:1054680008410841084108410841084108410841ec
:1054780008410841084108410841084108410040e5
:1054880010a2d6baffff6b4d000008410841084141
:1054980008410841084108410841084108410841bc
:1054a8000841084108410841086200005acbffff43
:1054b800e71c294500000841084108410841084106
:1054c800084108410841084108410841084108418c
:1054d8000841084108410861c638ffff84100000f0
:1054e800084108410841084108410861084108414c
:1054f800084108410841084108410841084108415c
:1055080000004208fffff79e39c700000841084124
:10551800084108410841084108410841084108413b
:105528000841084100210841084108410000ad55e3
:10553800ffff9cf300200841084108410841084149
:10554800084108410841084108410841084108410b
:10555800084108410861000031a6f7beffdf422874
:10556800000008410020084108410841084108415d
:1055780008410841084108410841084108410841db
:105588000862000073afffffc63810a2002108416f
:1055980008410841084108610841082108410841bb
:1055a800084108410841084108410841084108618b
:1055b800c638ffff84300000002008410841084138
:1055c800084108410841084108410841084108418b
:1055d8000841084108410841000039e7f79effffec
:1055e800ffffffdfef7d738e39e74208420842086c
:1055f800420842084208420839e74208420842087d
:1056080042084208420839e75aebdefbffdfffff9a
:10561800d6ba5acb39e7420842084208420842083b
:10562800420839e739e739e7420839e742084208ca
:10563800420842088c51fffff7beffffa51442281d
:1056480039e739e739e739e739e739e742084208fe
:1056580042084208420842084208420839e74a49d3
:10566800bdf7fffff7beef7d738e39e742084208aa
:1056780042084208420842084208420842084208d2
:105688003a0842084208420839e76b4def5dffdff0
:10569800ffffc6384a6939e839e839e842083a0864
:1056a8003a08420842083a083a084208420839e7e4
:1056b800420839e74228ad75fffff7bef7be7bcf3a
:1056c80039e74208420842084208420842083a08b4
:1056d8003a083a083a0842084208420839e739c7fe
:1056e8005acbdefbffdfffffd69a52aa39e73a080a
:1056f80039e739e739e742084208420842084208d0
:105708004208420839e739e739e739e79cd3ffff10
:10571800f7beffff94b2420839e739e739e741e8b5
:10572800420842083a084208420842084208420829
:1057380042084208420852aad6baffdfffdfdedb82
:105748005acb39c739e739e739e7420842084208ee
:10575800420842084208420839e739e739e739e799
:1057680039c77bcff79ef7beffffad754a494208a0
:105778004208420839e74208420839e839e839e876
:1057880039e7420842084208422842084228ad75d3
:10579800fffff7bef7be7bef420842084208420807
:1057a800420839e7420842084208420842084208cb
:1057b80042083a083a0839e75acbdedbffffffff19
:1057c800fffff7bef7beffffffffffffffffffff73
:1057d800ffffffffffffffffffffffffffffffffd1
:1057e800fffffffffffffffffffffffff7bef79e73
:1057f800ffffffffffffffffffffffffffffffffb1
:10580800ffffffffffffffffffffffffffffffffa0
:10581800fffffffffffff7bef7bef7beffffffff6b
:10582800ffffffffffffffffffffffffffffffff80
:10583800ffffffffffffffffffffffffffffffff70
:10584800fffff79ef79effdfffffffffffffffff52
:10585800ffffffffffffffffffffffffffffffff50
:10586800ffffffffffffffffffffffffffdff7bea9
:10587800f79effffffffffffffffffffffffffff99
:10588800ffffffffffffffffffffffffffffffff20
:10589800fffffffffffffffff79ef7bef7beffff0b
:1058a800ffffffffffffffffffffffffffffffff00
:1058b800fffffffffffffffffffffffffffffffff0
:1058c800ffffffdff79ef79effffffffffffffffd2
:1058d800ffffffffffffffffffffffffffffffffd0
:1058e800fffffffffffffffffffffffffffff79d2a
:1058f800f7bef79effffffffffffffffffffffff62
:10590800ffffffffffffffffffffffffffffffff9f
:10591800fffffffffffffffffffff79ef79effff61
:10592800ffffffffffffffffffffffffffffffff7f
:10593800ffffffffffffffffffffffffffffffff6f
:10594800fffffffff7bef7bef79effffffffffff5a
:10595800ffffffffffffffffffffffffffffffff4f
:10596800ffffffffffffffffffffffffffffffff3f
:10597800f79ef7bef7beffffffffffffffffffff2a
:10598800ffffffffffffffffffffffffffffffff1f
:10599800fffffffffffffffffffffffff79effff78
:1059a800fffff7bef7bebdd7a514ad55ad55ad5534
:1059b800ad55ad55ad55ad55ad55ad55a535ad55f7
:1059c800a534ad55ad55a534b596f7bef7beffdf86
:1059d800ef5dad55a535ad75ad55ad55ad55a53496
:1059e800ad55ad55ad55ad55ad55ad55ad55ad559f
:1059f800ad55a514c638fffff79effffd69aad55e3
:105a0800ad75ad55ad55ad54ad54ad35ad55ad5580
:105a1800ad55ad55ad75ad75ad75ad75ad55a51437
:105a2800e71cffdff7bef7beb5b6a534ad75ad759b
:105a3800ad55ad55ad55ad55ad55ad55ad55ad554e
:105a4800ad55ad55ad55ad75a514b596f7bef7beb8
:105a5800ffdfe73ca534ad55ad75ad55ad55ad553a
:105a6800ad55ad55ad55ad55ad55ad55ad55ad551e
:105a7800ad75ad55a514dedbfffff79effdfbdf763
:105a8800a534ad75ad75ad55ad55ad54a534ad5511
:105a9800ad55ad55ad55ad55ad55ad55ad75a534f7
:105aa800b596f7bef7beffdfe73ca534ad55ad753b
:105ab800ad75ad55ad55a534a534ad55ad55ad5500
:105ac800ad55ad75ad75ad75ad759cf3ce79ffff70
:105ad800f79effdfc618a514ad75ad75ad55ad556c
:105ae800ad55ad55ad55ad55ad55ad55ad55ad559e
:105af800ad55ad75a534a534ef7dffdfffdfef7d34
:105b0800ad75a534ad55ad55a555ad55ad55ad558e
:105b1800ad55ad55ad55ad55ad55ad55ad55a53595
:105b28009cf3bdd7ffdff79effffdedba514ad5565
:105b3800ad75ad55ad55ad55ad55ad75ad55ad550d
:105b4800ad55ad55ad55a555a554a5349cf3dedb33
:105b5800fffff79effffc638a534ad75ad55ad55af
:105b6800ad55ad55ad55ad55ad55ad55ad55ad551d
:105b7800ad55ad55ad55a534ad55f79effdfffffcb
:105b8800ffffffffa5347befad75a534a514a51461
:105b9800a514a514a534a534a514a534a514a514d5
:105ba800a514a514a5149cf35aeb8410fffff7bea7
:105bb80084309492ad75a514a514a514a514a51444
:105bc800a514a514a514a534a534a514a514a514c5
:105bd800a5148c724a49b596ffffce5973aeb59697
:105be800ad75a534a534a514a514a514a514a5341c
:105bf800a534a534a534a534a534a534ad5573ae64
:105c08005aebef7dffff9cd38410b596a535a535db
:105c1800a535a534a534a534a534a534a534a534b3
:105c2800a534a514a514a535a51452aa8c51ffffb7
:105c3800e73c7bcf9cd3b596a534ad55a534a534a8
:105c4800a534a534a534a534a534a534a534a514a4
:105c5800a514a53484305aebe71cffffb5967bcf1b
:105c6800ad75a535a514a534a534a534a534a5343a
:105c7800a514a514a514a514a514a514a5349cf35e
:105c880052aa8410ffffef7d841094b2b596a51434
:105c9800a514a534a514a514a514a514a514a51414
:105ca800a514a514a514a514a5348c514a49c638c1
:105cb800ffffb5b673aeb596ad55a535a535a53478
:105cc800a534a534a534a534a534a534a514a51444
:105cd800a514a5149cf3630c6b6dffdfffdf843004
:105ce8008c71b596a535a534a534a514a514a514ad
:105cf800a514a514a514a514a534a534a514a53474
:105d08009cd34a69a514ffffd6ba738ea534ad7526
:105d1800a514a535a534a534a534a534a534a535d1
:105d2800a534a534a514a5149d14a53484105acb04
:105d3800defbffffb5967befad76a535a514a53440
:105d4800a534a535a534a534a534a534a534a53482
:105d5800a534a514a5349cf45aeb7bcfffffffffb5
:105d6800ffffef7d632cad558c725acb5acb5acbc3
:105d78005acb5acb5acb5acb5acb5acb5acb5acbf3
:105d88005acb5acb5acb6b4d528a2104ef5dc63899
:105d9800632cb5966b6e52ab5acb5acb5acb5acbb7
:105da8005acb5acb5acb5acb5acb5acb5acb5acbc3
:105db8005acb6b2d2966528affff7bef8410a535dd
:105dc800630c5acb5acb5acb5acb5acb5acb5acb59
:105dd8005acb5aab5acb5aab5acb5aab6b4d6b6eac
:105de80018e4ad55ffdf632dad75843152ab5acb46
:105df8005acb5acb5acb5acb5acb5acb5acb5acb73
:105e08005acb5acb5acb5acc738e528a2945ffdecd
:105e1800ad556b4db5966b6d5acb5acc5acb5acc07
:105e28005acb5acb5acb5acb5acb5acb5acb5acb42
:105e38005acb630d6b6d29459492ffff6b6da4f4eb
:105e480094725aab5acb5acb5aeb5acb5acb5acb41
:105e58005acb5acb52cb5acb5acb5acb5aeb6b4d67
:105e68004a692945ef7dc6186b6db5b76b6e528bc5
:105e780052ab5aab5acb5acb5acb5acb5acb5acb3a
:105e88005acb52ab52ab52ab630c738e29456b6d38
:105e9800ffff738e9cd39cf35aab5aab5acb5acba9
:105ea8005acb5acb5acb5acb5acb5acb5acb5acbc2
:105eb8005acb52cb6b4d5acb18c3d69adedb62ec69
:105ec800bdb77bf05acb5acc5aeb5acb5acb5aab0c
:105ed8005acb5aab5acb5acb5acb5acc5acb5aec90
:105ee8007bcf422839e8ffff8c717bcfad55630c1f
:105ef80052ab5acb5acb5acb5acb5acb5acb5acb9a
:105f08005acb5acb5acb5acb5aab630c6b4d212484
:105f18008c71ffff632c9cf49cb35acb5acb5acba1
:105f28005acb5acb5acb5acb5acb5aab52ab5acb89
:105f38005acb5acb5acb632d52ab2124ce79ffffd3
:105f4800ffffe73c52ab84104a4941e84209420846
:105f580042084208420842084208420842084209e8
:105f6800420842084228422921250862d6bbbdd7eb
:105f780052aa7bd039e8422942094208420942081c
:105f88004208420842084228422842284208420859
:105f9800422941e810824208ffff73ae738e630df9
:105fa80039c74229420842084208420842084208c2
:105fb800420842094229420842084208422939c790
:105fc80008419cd3f79e5acb84514a29420842087b
:105fd8004208420842084208420942284229422906
:105fe80042084208420942094229210418e3ef7d88
:105ff800a534630c738f39c7420842084208420827
:106008004208420842084208420842084208420937
:106018004209422939e708417befffff5aeb841018
:10602800528a39e84209422942094229420942086a
:106038004208422942294228422842094208422964
:10604800294510a2e71cb5b65aeb7bf039c74208c0
:106058004208420842084209420842294229422885
:106068004228420942094208422839e708415aebc6
:10607800ffff632d84315acb39e8420942084208b0
:106088004229422942094208422842284228420914
:1060980042294208422929650021c618ce595aab1f
:1060a8008c51420842094209420842094208420802
:1060b8004229420942084209420842094209420962
:1060c8004a4918e43186ffff7bef6b4d6b4d39c7aa
:1060d8004209420842084208422842084208420847
:1060e80042084209420942094229420939c808417d
:1060f8007bcfffff5acb841052ab39e842294209c3
:106108004208420842084208420842084208420837
:106118004208420842084229294510a2bdf7ffff5c
:10612800ffffe73d52ab73af4a4a4a294a294a2939
:106138004a294a294a294a294a294a294a294a29bf
:106148004a4942294a494a4921250862d6bbbdf72e
:10615800528a738e42294a494a294a294a294a2990
:106168004a294a294a494a494a494a294a294a292f
:106178004a494229108239e8ffff73ae6b4d630c20
:1061880042084a4942294a294a294a294a294a2980
:106198004a49420839e84a294a294a294a4a39c70c
:1061a80000219cd3f79e52ab7bcf4a494a294a2902
:1061b8004a294a294a294a494a4941e839c739e70f
:1061c80042294a494a294a294a49210418c3ef7de4
:1061d800ad555aec6b6e42084a494a294a294a2960
:1061e8004a494a294a294a294a294a294a494a29cf
:1061f8004a294a4939e800207befffff5acb73afa1
:10620800528a4a294a494a49422939e742294a29a8
:106218004a294a294a294a494a294a294a294a499e
:10622800294510a2defbb5b652aa738e42084a4928
:106238004a494a494a494a294a494a494a494a49de
:106248004a494a494a494a294a4a41e800215aebf7
:10625800ffff632c7bcf5acb42294a294a294a2976
:1062680039e842084a494a294a294a294a294a29e9
:106278004a294a294a6a29660021c618ce7952aaab
:106288007bd042294a494a294a294a294a494a493e
:10629800420842294a494a294a294a294a294a296f
:1062a8004a4918c33186ffff8410632c632d4208c6
:1062b8004a494a294a294a294a294a294a294a291e
:1062c8004a2942294a294a294a294a4939c80841b2
:1062d8007bcfffff52aa73af528a42294a294a2923
:1062e8004a294a294a294a294a294a2942294a2916
:1062f8004a294a294a294a6929451082bdf7ffffd8
:10630800ffffe73d528b73af4a4942294a294a2980
:106318004a2942294229422942294a294a29422905
:106328004229422942294a4921250862d6bbbdf79c
:1063380052aa738f42094a4942294a294a294229bd
:1063480042294a294a29422942294a294a294a29c5
:106358004a29420910624208ffff73af6b4d62ec95
:1063680042084a29422942294229422942294a29de
:1063780042085aec6b6d42084a2942294a4a39c7f1
:1063880000209cd3ef7d52aa7bd04a49422942295a
:1063980042294a294a29420939e76b6e8c517bcf39
:1063a8004a4942294a2942294a49210418c3ef7d0a
:1063b800a5345aec738e42084a29422942294229b7
:1063c80042294229422942294229422942294a2965
:1063d80042294a4939c700207befffff5acb73afe8
:1063e800528a42294a4942294a496b6e4a694209f6
:1063f8004229422942294a294a294a2942294a49fd
:1064080021251082defbb5b652aa73af42084a298d
:106418004229422942294a4941e839a739e84a49e3
:1064280042294a294a2942294a4941e800215aec85
:10643800ffff630c73af5aab42294a294a29420825
:106448006b2d62ec42084a494a29422942294a29c5
:106458004a294a294a4a29660021c618ce5952ab08
:106468007bf042094a29422942294a2942294228dd
:10647800738e5aeb42094a294a29422942294a2954
:106488004a2918c33186ffff8430632d6b2d4208db
:106498004a294a294a2942294229422942294a297c
:1064a8004a29422942294a2942294a4939e70841c1
:1064b8007bcfffff5acb7bcf528b42094a294a290f
:1064c800422942294229422942294229422942296c
:1064d80042294a2942294a4929451082bdf7ffff26
:1064e800ffffe73d52aa73af4a4942294a29422988
:1064f8004a294a294a294a294a294a294a294a29fc
:106508004a294a2942294a4921250862d6bbbdf7aa
:1065180052aa738f42084a494a29422942294a29dc
:106528004a294a294a294a294a294a294a294229d3
:106538004a29422910824208ffff73af6b6d62ec53
:1065480042084a29422942094a294a2942294a49ec
:1065580039a7d6bbf7be39e84a4942294a4939c75b
:1065680000209cd3ef7d52aa7bef4a4942294a2951
:106578004a294a294a294208c638ffffffdfffff98
:10658800738e39e84a4942294a49210418c3ef7de4
:10659800a5345acc6b6e42084a294229422942291d
:1065a80042294229422942294229422942294a2983
:1065b80042294a4939c700207befffff5aeb73afe6
:1065c800528a42294a4939c78431ffff6b6e39c85c
:1065d8004a2942294229422942294a2942294a4923
:1065e80021251082defbb5b652aa73af42084a29ac
:1065f80042294a294a4939e8630cd6bb7bef39e777
:106608004a494a294a2942294a49420800215aec5a
:10661800ffff630c73af52ab42084a2942094a494b
:10662800ffffb5b631864a4942294a294a294229f3
:106638004a2942294a4929660021c618ce59528b4f
:106648007bf042094a294a2942294a4941e85aec39
:10665800ffff9cd339c74a4942294a294a294a296e
:106668004a4918c33186ffff8430632d6b4d4208b9
:106678004a294a294a294a294a294a294a294a297a
:106688004a2942294229422942294a4939e70841e7
:106698007bcfffff52aa7bcf528b42094a294a2956
:1066a8004a294a294a294a494a494a294a294a290a
:1066b8004a294a2942294a4a29451082bdf7ffff3b
:1066c800ffffe73d52aa73af4a4942294a294a299e
:1066d8004a294a294a494a494a494a294a294a29ba
:1066e8004a294a294a294a4921250862d6babdf7c2
:1066f80052aa73ae42094a494a294a2942294a29d3
:106708004a494a494a494a494a294a294a29422971
:106718004a49420908624208ffff7bcf6b6d62ec71
:1067280042084a294229422942294a294a494a6aa9
:1067380039c7d69aef5d42084a4942294a4931a7e2
:10674800000094d3ef7d52aa7bef4a4942294a2997
:106758004a294a4a39c79cd3ffff8c7139e7528ac4
:106768004a494a294a2942294a49210418c3ef5d5e
:10677800a5345acb6b6e42084a294a294229422934
:1067880042294a494a494a494a294a2942294a2919
:1067980042294a4939c700217befffff5aeb73af03
:1067a800528a42294a4939c78c51ffff6b4d39e853
:1067b8004a4a4a294229422942294a294a294a4910
:1067c80021241082dedbb5b652aa7baf42084a29e3
:1067d8004a294a294a4939c78410ffffad7531a7ac
:1067e8004a494a294a2942294a4939e800215aeca2
:1067f800ffff630c73af52ab42084a2942294a692a
:10680800ffffad7631a74a4942294a494a294a2910
:106818004a2942294a4a29660841c618ce7952aa05
:106828007bcf4208422942294a294a2941e8630c78
:10683800ffff949239c74a494a294a2942294a29d5
:106848004a4918c33186ffff8430632d6b2d4208f7
:106858004a294a294a294a2942294a294a494a2980
:10686800422942294229422942294a4939e708410d
:106878007bcfffff52aa7bcf52aa42094a294a2955
:106888004a294a294a2941e841e84a294a29422904
:106898004a2942294a294a4929451082bdf7ffff5a
:1068a800ffffe73d52aa73af4a4a42294a294229c3
:1068b8004a29420839c731a739c742084a494a29eb
:1068c8004a294a294a294a4921251082d6babdf7b8
:1068d80052aa73ae42084a494a294a494a294a49aa
:1068e80039e831a731a739e742294a294a294229f3
:1068f8004a49420910824208ffff73cf6b6d62ec70
:1069080042084a29422942294a49420839c739e7ef
:106918003186d69aef7d420842294a294a4a31a748
:1069280000209cd3ef7d52aa7bef4a494a294a2985
:106938004a294a4939e7d6bbf79e31a639e739e7ec
:1069480042294a294a2942294a49212418c3ef7d64
:10695800a5345acb6b6e42084a294a294a294a4922
:106968004a2939e839c739c739c842084a29422962
:1069780042294a4939c700217befffff5acb73ae42
:10698800528a42294a4939c78c51ffff632c29662c
:1069980039c739e84a494a2942294a2942294a49ec
:1069a80021241082dedbb5b65aaa73af42084a2901
:1069b8004a294a294a294a2942085acb4a494a298e
:1069c8004229422942294a294a4941e800215aece8
:1069d800ffff630c73af52ab42094a2942094a4987
:1069e800ffffb59639c74a694a4939e741e84a2954
:1069f800422942294a4a29650021c618ce59528a95
:106a08007bcf42094a294a294a294a2941e8630c85
:106a1800ffff94b231a74a494a294a294229422903
:106a28004a4918c33186ffff8430632d6b2d420815
:106a38004a294a294a294a294a29420939a742089a
:106a48004a2942294229422942294a4939e7084123
:106a58007bcfffff5acb7baf528a42094a294a298a
:106a68004a294a2942085acb630c42084a294a292a
:106a78004a294a294a294a4929451082bdf8ffff6f
:106a8800ffffe73d52aa73af4a4a42294a294229e1
:106a980042084a6a73af8c728410528a39c74a49cd
:106aa8004a294a294a294a4921251082d6babdf7d6
:106ab80052aa73ae42084a2942294a494a4939e842
:106ac800632d94928c726b6d42294a294a29422976
:106ad8004a49420910824208ffff73ce6b4d630c8e
:106ae80042084a294a294a4931a74a497bef8c5129
:106af8004a69d69aef7d4208422942294a4931a774
:106b080000209cd3ef7d528a7bef4a4942294a29cb
:106b18004a294a4939c7dedbef7d5aeb630c5aeb49
:106b280042284a294a2942294a49210418c3ef7da3
:106b3800a5345aeb6b6e42084a294a294a49420948
:106b480039e76b4d8c5184106b4d52aa420942298a
:106b580042294a4939e700217befffff5acb73af3f
:106b6800528a42294a4939c78431ffff7bcf738e45
:106b780094926b6d39c742094a294a2942294a49e0
:106b880021251082defbb5b65aab73af42084a29fd
:106b98004a294a294a2942294a49630c528a4229e0
:106ba8004a494a29422942294a4939e800215aebe7
:106bb800ffff630c73af52ab42294a2942284a4966
:106bc800ffffb59639c74a6a42086b6d630c4208e5
:106bd8004a4942294a4a29650020c618ce59528a8c
:106be8007bef420942294a294a294a2941e8630c8c
:106bf800ffff949231a74a494a294a294a2942293a
:106c08004a4918c33186ffff8430632c632d42083c
:106c18004a294a294a294a2942094a6a8c72528ac7
:106c280042084a294229422942294a4939e7084162
:106c380073cfffff5acb7bcf528a42094a294a2990
:106c48004a294a4931a6ce59e73c39c74a494a290f
:106c58004a294a2942294a4929451082bdf8ffff95
:106c6800ffffe73d52aa73af4a4942294a294a49d8
:106c78003187ce59fffff7beffffffff7bf039c713
:106c88004a494a2942294a4921250862d6babdf704
:106c980052aa738f420842294a494a694208b5965e
:106ca800ffffffffffdfffff5aeb42084a494a296f
:106cb8004a494209108239e7ffff73af6b4d5aec1e
:106cc80042084a494a4a39e78430ffffffffffff7d
:106cd800ffffffffe73c42084a4942294a4a31a7d9
:106ce80000209cd3ef7d52aa7bcf4a4942294229f2
:106cf80042294a4939c7d69afffffffffffff79e8f
:106d0800422942294a2942294a49212418c3ef5dc8
:106d1800a5345aeb6b6e42084a294a49420842296f
:106d2800ce79fffffffffffffffff7be52ab420820
:106d38004a294a4939e708417c0fffff5aeb73afec
:106d4800528a42294a4939c78c51ffffffffffff8a
:106d5800ffffffffc61839e84a49422942294a6914
:106d680021251082defbb5b652ab73af42084a2923
:106d78004a2942294a4939e7632cffff8c7139a710
:106d88004a494a29422942294a4939e800215aeb05
:106d9800ffff630c73af52ab42294a4942284a4964
:106da800ffffad7631a639c7bdf7ffff73ae4208c6
:106db8004a4942294a4929650040c618ce79528a6b
:106dc8007bd042094a294a294a294a2939e8630cc9
:106dd800ffff949331a74a4942294229422942296f
:106de8004a4918e32965ffff8410632c6b2d42087c
:106df8004a294a294a294a4931a7ad75ffffb5b63c
:106e080031a64a4a4229422942294a4939e70841d2
:106e180073cfffff5acb7bcf52aa42094a294a496e
:106e28004a4a4a6a39c7c638defb39e74a4a4a49f4
:106e38004a294a2942294a4929451082bdf7ffffb4
:106e4800ffffe73d52aa738f4a4942294a294a2936
:106e580042085aeb52aa42085acbef7df7be4229a4
:106e68004a494a2942294a4921241082d6babdf8fa
:106e780052aa738f42084a294a4942086b4dffffbc
:106e8800a51439c74a495acb42294a294a294a29c5
:106e98004a49420908624208ffff73af6b4d5aec3a
:106ea80042084a494208630cffffdedb528a420867
:106eb8006b4df79ee73c42084a4942294a4931a7a7
:106ec80000209cd3ef7d52aa7bcf4a494229422910
:106ed8004a294a4939c7d6bbef7d5aeb630c5acbce
:106ee80042084a294a294a294a49210418c3ef7df8
:106ef800a5345aeb6b6e42084a294a4939c7c63845
:106f0800ffff7bcf420839e7a534ffff5acb39e8aa
:106f18004a294a4939e700417c0fffff5acb73ae33
:106f2800528a42294a4939c78c51ffff9cf34a4982
:106f38004208a514ffff8c5139c74a4942294a49da
:106f480021241082defbb5b752ab7baf42084a2939
:106f58004a2942294a4939e8632cffff8c7131a735
:106f68004a494a294a2942294a4939e800215aeb1b
:106f7800ffff630c73af52ab42094a4942284a49a2
:106f8800ffffb59618e4ad75ffff7bcf39c74a4ab6
:106f98004a2942294a4a29450040c618ce59528ae8
:106fa8007bcf42294a294a294a294a2941e8630cc0
:106fb800ffff949331a74a4942294a294a2942297d
:106fc8004a4918e32965ffff8410632c6b2d42089a
:106fd8004a294a294a294a4939e873aee71c7bcf2e
:106fe80039e74a494229422942294a4939c80841c8
:106ff80073cfffff5acb7bcf52aa42294a49422975
:1070080031a739c72124c638e71c294531a631a73d
:1070180042094a2942294a69294510a2bdf7ffffba
:10702800ffffe73d52aa73af4a4a42294a294a2933
:107038004a6a39c731864208212494b2ffff5acbe5
:1070480042084a294a294a4921241082d6babdf75a
:1070580052aa73ae42084a494a4939e86b6effffa3
:10706800a534296531a742084a494a294a294a29a3
:107078004a49420908624208ffff7bcf6b4d5aec30
:1070880042084a4a31a7ad75ffff5acb31a74a4992
:107098002965ce79ef7d39e7422942294a4a31a745
:1070a80000209cd3ef7d52aa7bef4a4942294a2906
:1070b80042294a4939c7dedbe71c31a642084208a3
:1070c8004a294a494a294a494a49212418c3ef7d8d
:1070d800a5345acb6b6e42084a494208630cffff3d
:1070e800ad7529454a6931868c71ffff5acb41e855
:1070f8004a294a4939e700417befffff5acb73ae73
:10710800528a42294a4939c78c51ffff632c31a75b
:1071180039e84228ffffc61839c74a494a294a4967
:1071280021240862defbb5b65acb7baf42084a4938
:107138004a2942294a4939e7632cffff8c7131a754
:107148004a494a294a2942294a4939e800215aeb39
:10715800ffff630c73af52ab42094a4942284a69a0
:10716800ffffad558c51ffff8c5131864a4a4229a9
:10717800422942294a4929650020c618ce79528aef
:107188007bef42094a294a294a294a2941e85aec07
:10719800ffff94b231a74a4942294a294a294a2974
:1071a8004a4918c32986ffff8410632c6b2d4208b7
:1071b8004a294a294a2942294a4939e839c739e82e
:1071c8004a49422942294a4942294a4939c8084173
:1071d80073cfffff5acb7bcf52aa4229422939e805
:1071e800b5b7d6bace79f7beffdfd69ad6bac638c3
:1071f8004a49422942294a49294510a2bdf7ffffb9
:10720800ffffe73d52aa73af4a4a42294a294a2951
:1072180039c77bcfd6baef7de73cef7dffff5acb6e
:1072280041e84a2942294a2921241082d6babdf7c1
:1072380052aa73ae42084a494a29422939c8bdf7b9
:10724800ffffe73c8c51422842084a494a29422913
:107258004a29420908624208ffff7bcf6b6d5aec4e
:1072680042084a4939c7ce7af7be42284a494a49ac
:1072780039c7d69aef5d39e84a2942294a4939c7b8
:1072880000209cd3ef7d52aa7bef4a49422942292c
:107298004a294a4939e7dedbe73c39e84a494a29bd
:1072a8004a294a294a294a494a49212418c3ef5deb
:1072b800a5345acb736e42084a4939c77befffffa2
:1072c8007bef39e74a6a39c794b2ffff5acb4208c5
:1072d8004a294a4939e700217befffff5acb73aeb1
:1072e800528a42294a4939c78c51ffff738e39e7c0
:1072f8004a494229f79ece7939c74a4942294a491b
:1073080021241082defbb5b65acb7baf42084a294e
:10731800422942294a4939e7632cffff8c7131a77a
:107328004a494a294a2942294a4939e800215aec56
:10733800ffff630c73af52ab42084a294229528ab5
:10734800f7bef7beffffbdf729454a6a4229422921
:10735800422942294a4929650020c638ce79528aed
:107368007bd042094a294a294a294a2941e8630c1b
:10737800ffff94b239c74a4a42294a2942294a2971
:107388004a4918c32986ffff8410632d6b2d4208d4
:107398004a294a294a2942294a294a294a494a4915
:1073a800422942294229422942294a4939c80841e1
:1073b80073cfffff5acb7bcf52aa4229422939e823
:1073c800b596ce79ce59f79effdfce59ce59bdf787
:1073d8004229422942294a4929651082bdf7ffffff
:1073e800ffffe73d528a73af4a4942294a4939c7e4
:1073f80073aeffffdedb8c718410ce59ffff5acbd2
:1074080039e84a2942294a4921251082d6babdf7c6
:1074180052aa73af42084a4942294a29420939e81f
:107428007befd6baffffe73c528a42084a294a292d
:107438004a49420808624208ffff7bcf6b6d5aec4d
:1074480042084a4939c7d69af79e39e8420942297b
:1074580031a7d69aef5d39e84a2942294a4931a726
:1074680000209cd3ef7d52aa7bcf4a49422942296a
:1074780042294a4939e7defbe73c39e84a294229eb
:107488004a294a294a294a294a49212418c3ef5d29
:10749800a5345acb6b6e42084a4939c77bcfffffe8
:1074a8007bcf31a7528a39e794b2ffff5acb420803
:1074b8004a494a4939c700217befffff5aeb73aeaf
:1074c8004a6a42294a4939c78c51ffff6b6d39e82e
:1074d8004a494228f79ed69a39c74a4942294a4911
:1074e80021251082defbb5b652aa7baf42084a2995
:1074f800422942294a4939e8632cffff8c7131a798
:107508004a494a294a2942294a4941e800215aec6c
:10751800ffff630c738e52ab42094a2942294a6a1b
:10752800ffffce59ce59ffff738e39c74a4a422909
:10753800422942294a4929650841c618ce79528a02
:107548007bd0420942294a2942294a4941e8630c29
:10755800ffff94b339c74a494a4942294a2942296f
:107568004a4918c32966ffff8430632d6b2d4208f2
:107578004a294a294a2942294a294a494a494a2933
:107588004a294a294a29422942294a4939e80841c7
:107598007bcfffff5acb7bcf52aa422942294229ef
:1075a80031a739c72945c638e71c296531a739c726
:1075b80042284a2942294a4929451082bdf7ffff36
:1075c800ffffe73d52aa73af4a4a42094a4939c701
:1075d800ce59ffff39c739c729458c71ffff52ab18
:1075e80039e84a2942294a4921251082d6babdf7e5
:1075f80052aa73af42084a2942294a2942294228f5
:1076080039e731a6738effffb5b631a74a494a2933
:107618004a29420808624208ffff73af6b6d62ecab
:1076280042084a493186ad75ffff52aa31a74a6a16
:1076380031a7ce79ef5d41e84a2942294a4931a765
:1076480000209cd3ef7d528a7bcf4a4942294a29a0
:107658004a294a4939e7defbe73c39e74a29422902
:107668004a2942294a294a294a49210418c3ef5d6f
:10767800a5345acb736e42084a2941e85acbffff1a
:10768800bdd729454208294594b2ffff5acb420885
:107698004a494a4939c700217befffff5aeb73aecd
:1076a800528a42294a4939c78c51ffff6b6d39e824
:1076b8004a494208f79ece7939c74a4942294a4978
:1076c80021251082dedbb5b652aa73af42084a49bb
:1076d800422942294a4939e8632cffff8c7131a7b6
:1076e8004a494a294a2942294a4939e800215aec93
:1076f800ffff630c73ae52ab42094a4942084a493c
:10770800ffffa5142965ef7dffff5acb39e84a2909
:10771800422942294a4a29650841c618ce79528b1e
:107728007bd0420942294a294a294a2941e8630c5f
:10773800ffff949239c74a694229422942294229be
:107748004a4918c32966ffff8430632d6b2d420810
:107758004a294a294a294229422941e839e841e87f
:107768004a294a294a29422942294a4939e70841e6
:107778007bcfffff5acb7bcf52aa42294a294a29fd
:107788004a4a528a39e8ce59e71c42084a694a49a6
:1077980042294a2942294a4929451082bdf7ffff53
:1077a800ffffe73d528a73af4a4942294a4939c720
:1077b800c618ffff630c31a629459492ffff5acbe8
:1077c80041e84a2942294a4921251082d6babdf7fb
:1077d80052aa73af42084a49422942294a494a6a89
:1077e80039e731a64208ffffce5939a74a4942294d
:1077f8004a29420808624208ffff7bcf6b6d62eca2
:1078080042084a2939c75aecffffd6ba4a6939c72c
:107818002965d69aef5d42084a4942294a4931a763
:1078280000009cd3ef7d528a7bcf4a4942294a29de
:107838004a294a4939e8dedbe71c39e84a2942295e
:107848004a294a294a2942294a49212418c3ef5d6d
:10785800a5345aeb6b6e42084a294a2939c7bdd765
:10786800ffffb5b6738e9492ef7dffff5acb4208a7
:107878004a494a4939c708417befffff5aeb73aec3
:107888004a6a42294a4939c78c51ffff6b4d39c7ab
:107898004a494208ef7dce7939c74a4942294a49bf
:1078a80021241082dedbb5b65acb73af42084a29d1
:1078b8004a294a294a4939e8632cffff8c5131a7e4
:1078c8004a494a294a2942294a4939e800215aecb1
:1078d800ffff630c73ae52ab42294a4942084a493a
:1078e800ffffad7629665acbffffe71c39c742096f
:1078f8004a494a294a4a29650841c618ce59528a2e
:107908007bd0420942294a294a294a4941e8630c5d
:10791800ffffb5b631a64a294229422942294a29f8
:107928004a4918c32965ffff8430632d6b2d42082f
:107938004a294a294a294a4939e86b4df79e841051
:1079480039c74a494a29422942294a2939e7084177
:1079580073cfffff5acb7baf528b42284a294a2963
:107968004a294a4a31a6ce59e73c39a74a494a2901
:107978004a294a2942294a4929451082bdf7ffff69
:10798800ffffe73d52aa73af4a4942294a494208d4
:107998006b4dffffffffdedbdedbffdfffff5aec97
:1079a80041e84a294a294a4921241082d6babdf712
:1079b80052aa738f42084a494a4939c77bd0ffff08
:1079c800e71cd6baffdfffff738e39e84a494a2918
:1079d8004a29420808624208ffff7bcf6b6d62ecc0
:1079e80042084a294a2931a78c72ffffffffdefbb4
:1079f800ef5dffffef5d42084a4942294a4931a736
:107a080000009cd3ef7d528a7bcf4a494a294a29f4
:107a18004a294a4939c7e73cf79e39c74a294229c2
:107a28004a294a294a2942294a49210418c3ef7d8b
:107a3800a5345acb6b6e42084a294a2942294a4939
:107a4800b5b6fffffffff79edefbffff52aa420815
:107a58004a494a4939e700217befffff5acb73ae09
:107a68004a6a42294a4939c79492ffff6b6d39c760
:107a78004a494208ffdfdedb39c74a4942294a49f9
:107a880021251082dedbb5b652ab73af42084a2916
:107a98004a294a294a4939e8632dffff8c5139a7f9
:107aa8004a4942294a2942294a4939e800215aebd8
:107ab800ffff630c73ae52ab42094a2942084a4998
:107ac800ffffbdd731a739e7738effffc61839e826
:107ad8004a494a294a4a29650841c618ce59528a4c
:107ae8007bd042094a294a294a294a294a2942086f
:107af800d69affffa53531864a4942294a294a299b
:107b08004a4918c32965ffff8430632d6b2d42084d
:107b18004a294a294a294a4939e77bcfffff94b3c2
:107b280031a74a494a294a2942294a4939e7084195
:107b380073cfffff5acb7baf52ab42284a29422969
:107b48004a294a2941e85aeb630c42084a294a293a
:107b58004a294a2942294a4929451082bdf7ffff87
:107b6800ffffe73d528a73af4a4942294a294a2909
:107b780039e852ab94b3b5b6b5969cd37bcf4a29b6
:107b88004a294a294a294a4921250862d6babdf80c
:107b980052aa738f42084a494a494229526a8c516b
:107ba800ad76bdd7a5345aec39c74a494a294a297e
:107bb8004a294208086239e8ffff73af6b6d630c0e
:107bc80042084a2942294a4939c75aec9cf4bdd788
:107bd800b5969492632d42084a2942294a4931a709
:107be80000009cd3ef7d52aa7bcf4a4942294a29fb
:107bf80042294a4942087bcf7bcf42084a294a2971
:107c08004a294a294a2942294a49212418c3ef5da9
:107c1800a5145acb6b6e42084a494a294a494a492f
:107c280039e74a69630c31a694b2ffff528a4208c9
:107c380042294a4939e700217befffff5acb73ae4f
:107c48004a6a42294a4942085acc8c71528a4229c6
:107c58004a4942298410738e39e84a2942294a49f7
:107c680021251082dedbb5b652ab73af42084a2934
:107c780042294a294a494208630cffff8c5131a71f
:107c88004a494229422942294a4939e800215aebfe
:107c9800ffff630c73ae528b420842294a294208ff
:107ca80084106b4d42084a6a420873af8c714a29a6
:107cb8004a294a294a4a29650020c618ce58528ab4
:107cc8007bcf42094a294a294a294a294a4942086e
:107cd80042298c71736e39e84a294a294a294a2966
:107ce8004a4918c33186ffff8430632d6b2d420843
:107cf8004a294a294a294a4a39e77bf0ffff738e05
:107d080039c74a494a294a2942294a4939e708418b
:107d18007bcfffff5acb73cf52aa42294a49422947
:107d28004a2942494a4941e841e84a294a294a290f
:107d38004a294a2942294a4929651082bdf7ffff85
:107d4800ffffe73d528a738f4a4942294a2942294f
:107d58004a49420831a731a631a739a739c742296c
:107d68004a294a2942294a4921241082d6babdf70c
:107d7800528a738e42084a494a294a49422939c7d0
:107d880031a631a631a742084a494a294a294a292f
:107d98004a294208086239e8ffff7bcf6b4d62ec45
:107da80042084a49422942294a4939e831a731a7b4
:107db80031a739a739e8422942294a294a4939a726
:107dc800000094b2ef7d52aa7bcf4a4942294a2942
:107dd8004a294a294a4939e739c74a294a294a29a9
:107de8004a294a294a2942294a49212418c3ef5dc8
:107df800a5145acb6b6e42084a294a49422942299e
:107e080039e72966294539e7ef5def5d39e8422909
:107e180042294a4939c700217befffff5acb73ae8d
:107e28004a6a42094a294a29420839a742284a295e
:107e380042294a2939c739c842294a2942294a497f
:107e480021251082dedbb5b752aa738e42084a2973
:107e58004a294a49420829458410ffff7bcf39e760
:107e68004a494229422942294a4939e800215aeb1c
:107e7800ffff630c73ae528a42084a294a294229f5
:107e880039c742084a494a294a4939e739c742297c
:107e98004a294a294a4929450020c618ce59528af2
:107ea8007bcf42084a294a294a294a294a294a2984
:107eb800422939a739e74a2942294a294a294a2918
:107ec8004a4918e33186ffff8410630d632d420889
:107ed8004a294a2942294a4931a7ce59ffdf42088f
:107ee80042294a294a294a294a294a4939e7084157
:107ef8007bcfffff5acb73af52aa42284a49422987
:107f08004a2942494a294a494a494a294a294a2979
:107f18004a294a2942294a4929451082bdf7ffffc3
:107f2800ffffe73c528a738e4a49422942294a296f
:107f38004a294a294a494a494a494a494a294a2921
:107f48004a294a2942294a4921251082d6babdf729
:107f580052aa738e42084a294a294a294a494a4a52
:107f68004a4a4a494a494a494229422942294a2908
:107f78004a294208086239e8ffff73af6b4d5aec93
:107f880042084a494229422942294a494a494a4912
:107f98004a494a494a494229422942294a4931a774
:107fa800000094b2ef7d528a7bcf4a494229422988
:107fb80042294a2942294a494a494a294a294a29f1
:107fc8004a294a294a2942294a49212418c3ef5de6
:107fd800a51452ab6b4e42084a294a4939c7ce7993
:107fe800f79ec638ce59f7beffff7bef39c74a491f
:107ff80042294a4939c700217bcfffff5acb73aecc
:108008004a694209422942294a294a494a294229b0
:10801800422942294a494a494a294a2942294a4978
:1080280021241082defbbdd75acb738e42084a2921
:108038004a4939c77bcfdedbffffe73c42284229ac
:108048004a294229422942294a4939e800205aeb5b
:10805800ffff630c738e528b4208422942294a491a
:108068004a494a4942294a4942294a494a494a29e0
:108078004a2942294a4929650040c618ce59528ad8
:108088007bcf42094a494a294a294a294229422991
:108098004a294a494a4942294229422942294a2920
:1080a8004a4918e32966ffff8430630c632d4208b0
:1080b80042294a2942294a4939e894927bcf39c74b
:1080c8004a4942294229422942294a4939e708416d
:1080d80073ceffff5acb73ae528a422942294229f6
:1080e8004a294a294a29422942294a294a294a2900
:1080f8004a294a2942294a4929451082bdf7ffffe2
:10810800ffffef5d52aa73ae528a42294a294a29d3
:108118004a294a294a294a494a294a294a294a299f
:108128004a294a294a294a6921241082d6babdf720
:1081380052ab73af42294a29422942294a494a295e
:108148004a294a294a2942294a294a294a294a2997
:108158004a494208086139e7ffff73ae632d630c93
:1081680042294a494a494a294a294a2942294a293f
:108178004a294a294a2942294a2942294a6a31a7c9
:10818800000094b2ef7d528a7bcf4a6a4a294a2975
:108198004a294a294a294a294a294a494a294a291f
:1081a8004a494a494a494a494a69210418c3ef5d7c
:1081b800a514528a6b4d42294a494a4942087bcf45
:1081c800bdd7d6bad6bab5b6632d39c74a494229fa
:1081d80042294a4a39e700207bcfffff52aa738e13
:1081e800528a42294a294a294a294a294a294a298e
:1081f8004a294a294a294a294a294a294a294a699f
:1082080021040882defbbdd75acb73af42294a2925
:108218004a4939c7738ed69aad75528a42084a4977
:108228004a294a2942294a294a4939c800005acbc9
:10823800ffff5aec738e5aec4a294a494a294a499f
:108248004a494a494a494a494a4942494a494a29b6
:108258004a294a294a6a29650041c618ce59528acc
:108268007bcf4a494a494a294a294a294a294a2957
:108278004a294a294a294a494a294a494a494a49de
:108288004a4910a32965ffdf8430630c6b4d42090e
:108298004a494a494a494a494a4939c739e84a4943
:1082a8004a294a294a494a2942294a6a39e7084152
:1082b80073cfffff5acb738e52ab42294a2942290a
:1082c8004a494a294a294a294a294a294a294a29ee
:1082d8004a294a294a294a4a29451082bdf7fffff7
:1082e800ffffef5d4a69528a39c74228422842296e
:1082f800422942294229422942294229422942093e
:1083080042094228422839c718c31082dedbc61842
:10831800422852aa39e742294228422842284228bc
:1083280042284228422842294228422942294229f1
:1083380042292965084139e7ffff73ae4a69422897
:1083480042084a4942294228422942094209420927
:10835800420942094209420942284229420829455c
:1083680000219492ef7d4a4952ab39c742294229ec
:1083780042294229422842284228422842284229a2
:108388004229422842294a4931a718c32104ef7dce
:10839800a5344208422939e842284209422939c706
:1083a800318631a631a6318639c84a29420942099f
:1083b80042094208294508618410ffff4a694a6951
:1083c80031a7420842284228422842284228422807
:1083d800422842294228422842284228422939c7ad
:1083e80018c30881dedbb5b64228528a39c742294c
:1083f8004229422939c72966318639e84229420883
:10840800422842094229422942282945002152aae4
:10841800ffff5aec52ab42284228422942294228ff
:1084280042284228422842294229422842284228f2
:108438004228422939e821040841bdf7ce794a4942
:1084480052ab39c8422942284228420942094228e7
:1084580042084229422942294229422942294229dd
:10846800318610822945ffdf84104a49422939e8bc
:108478004a494a294229422842284a294a2942285f
:1084880042284229422942294229422829450841ad
:1084980073ceffff52aa528a39c7420842084228bf
:1084a8004228422942294228422842284228422872
:1084b80042284208422939c718e310a2c618ffff0c
:1084c800ffffffff5aeb002010a218c318c318c300
:1084d80018c318c318c318c318c318c318c318c3bc
:1084e80018c318c318c310a308412965f7beef5d68
:1084f8003186086210a318c318c318c318c318c359
:1085080018c318c318c318c318c318c318c318e36b
:1085180018c318c300006b6dffff9cd3108210a214
:1085280010c318c318e318c318c318c318c318c353
:1085380018c318c318c318c318c318c318c310a284
:108548000841c618ffff528a086210a318c318c34f
:1085580018c318c318c318c318c318c318c318c33b
:1085680018c318c318c318c318c300204228ffff34
:10857800ce792104108210a318c318c318c318e3b6
:1085880018e418e318e418e418e318c318c318c368
:1085980018c318c310a30000ad75ffff6b4d084149
:1085a80010a218c318c318c318c318c318c318c314
:1085b80018c318c318c318c318c318c318e318c3bb
:1085c80008412965f7bededb2104086210a218c342
:1085d80018c318c318e318e418e418c318c318c359
:1085e80018c318c318c318e318e310a300008c714c
:1085f800ffff7bcf084110a318c318c318c318c3c3
:1086080018c318c318c318c318c318c318c318c38a
:1086180018c318c418c3086118e3e71cef7d31a715
:10862800108210a318c318c318c318c318c318c3db
:1086380018c318c318c318c318c318c318c318c35a
:1086480010a3000052aaffffad75108210a318c333
:1086580018e318c318c318c318c318c318c318c31a
:1086680018c318c318c318c318e318c310a300000d
:10867800a555ffff6b8d0841108210a318c318c3be
:1086880018c318c318c318c318c318c318c318c30a
:1086980018c318c318c318c300212125ef5dffffb5
:1086a800ffffffffdedb39e710a210a310a210a224
:1086b80010a210a210a210a210a210a210a210a222
:1086c80010a210a210a210a22945bdf7ffffffffbc
:1086d800b596212510a310a210a210a210a210a2d4
:1086e800108210a2108210821082108210a210a292
:1086f80010a218c35acbef7dffdff79e6b4d10a277
:10870800108210821082108210a210a210a210a251
:1087180010a210a21082108210a210a2108218e3d8
:108728008c91ffffffffd69a39c710a2108210a2c2
:1087380010a21082108210a210a210a210a210a2e1
:1087480010a210a210a210a210a231a6ce79ffdfab
:10875800ffff949218e310a210a210a210a210a278
:1087680010a2108210a210a210a2108210a210a2b1
:1087780010a210a218c373aef7beffdfe71c4a4968
:1087880010a210a210a210a21082108210a21082b1
:10879800108210a210a210a21082108210a21082c1
:1087a8002965c618ffffffffa534210410a2108217
:1087b8001082108210821082108210a210a210a2c1
:1087c80010a210a210a210a210a218c36b6ef7bebe
:1087d800ffdfef5d528a10820861108210821082da
:1087e80010a210a210a2108210a210a210a210a211
:1087f80010a210a210a32945b596ffffffffb5b63a
:108808002125108210821082108210a210a210a2bc
:1088180010a210a210a210a210821082108210a220
:1088280010a24229dedbffdfffdf7bef18e318c36e
:1088380010a210a210a210a210a210a210a210a2a0
:1088480010a210a210a210a210a210a218c37bcfcf
:10885800ffdfffdfe71c422810a210a210a210a21f
:1088680010a210a210a210a210a210a2108210a290
:1088780010a210a210a210a22145b5b6ffffffff5b
:10888800fffff7beffdfffffdefbdefbdedbdedb2d
:10889800dedbdedbdedbdedbdedbdedbdedbdedb08
:1088a800dedbdedbdefbdefbf7befffff7bef7be7f
:1088b800fffff7bedefbdefbdefbdedbdefbdedb27
:1088c800dedbdedbdedbdedbdedbdedbdedbdefbb8
:1088d800defbe73cffffffdff7bef7beffffe73c2d
:1088e800dedbdedbdedbdedbdedbdefbdefbdedb78
:1088f800dedbdedbdedbdefbdefbdedbdedbef7db5
:10890800fffff7bef7beffffffdfdefbdedbdefbb0
:10891800dedbdedbdedbdedbdefbdedbdedbdedb67
:10892800dedbdedbdedbdedbdefbffdfffdff7be11
:10893800f7beffffef7ddedbdedbdedbdedbdefb53
:10894800defbdedbdedbdedbdedbdedbdefbdefbf7
:10895800defbdedbef5dfffff7bef7beffffffffcd
:10896800e73cdefbdefbdedbdedbdedbdedbdedb8d
:10897800dedbdefbdedbdedbdedbdedbdedbdedb07
:10898800f7befffff7def7befffff79ededbdedb9d
:10899800dedbdedbdedbdedbdedbdedbdedbdedb07
:1089a800dedbdedbdedbdedbdedbef5dfffff7be23
:1089b800f7beffdfffffe71cdedbdedbdedbdedb37
:1089c800dedbdedbdedbdedbdedbdedbdedbdedbd7
:1089d800dedbdedbdedbf7befffff7bef7beffff49
:1089e800f79ededbdedbdedbdefbdedbdedbdefb9b
:1089f800defbdedbdedbdedbdedbdedbdedbdedb87
:108a0800e71cffffffdff7bef7beffffef5ddedb12
:108a1800defbdefbdedbdedbdefbdedbdedbdedb26
:108a2800dedbdedbdedbdefbdefbdefbef5dffff3e
:108a3800f7bef79ef7beffffe71cdefbdefbdefba3
:108a4800defbdedbdedbdedbdefbdefbdedbdefbd6
:108a5800dedbdedbdedbdefbf7befffff79effffc4
:108a6800fffff7beffdfe71cc638ce59ce59ce59f7
:108a7800ce59ce59ce59ce59ce59ce59ce59ce59b6
:108a8800ce59ce59ce59ce59defbfffff7bef7be01
:108a9800ffdfd6bbc639ce59ce59ce59ce59ce599d
:108aa800ce59ce59ce59ce59ce59ce59ce59ce5986
:108ab800ce59ce79ef7dfffff79effdff79ece7987
:108ac800ce59ce59ce59ce59ce59ce59ce59ce5966
:108ad800ce59ce59ce59ce79ce79ce79ce59d69aad
:108ae800f7bef7bef79effdfe73cce79ce79ce79a9
:108af800ce59ce59ce59ce59ce59ce59ce59ce5936
:108b0800ce59ce59ce59ce79ce59e71cffdff79e04
:108b1800f7bef7bed6bace59ce59ce59ce59ce5990
:108b2800ce79ce59ce59ce59ce59ce59ce59ce59e5
:108b3800ce59ce79d6baffdfffdff7beffffe73c9d
:108b4800ce59ce59ce79ce79ce59ce59ce59ce59a5
:108b5800ce59ce59ce59ce59ce79ce79ce79ce7955
:108b6800e71cfffff7bef7beffdfd6bace59ce79b6
:108b7800ce59ce59ce59c638ce59ce59ce59ce59de
:108b8800ce59ce59ce59ce59ce59ce79f79effdf60
:108b9800f79effdfef7dce79ce59ce59ce59ce590b
:108ba800ce59ce59ce59ce59ce59ce59ce59ce5985
:108bb800ce59ce79ce59dedbfffff7bef7beffdf19
:108bc800dedbce59ce59ce79ce59ce59ce59ce59b3
:108bd800ce59ce59ce59ce59ce59ce59ce59ce5955
:108be800ce79ef7dfffff7beffdff79ed69ac65915
:108bf800ce79ce59ce59ce59ce59ce59ce59ce5915
:108c0800ce59ce59ce59ce59ce59c639d69af7be75
:108c1800f7bef79effffef5dce79ce59ce59ce59fc
:108c2800ce59ce59ce59ce59ce59ce59ce59ce5904
:108c3800ce59ce59ce59ce59defbfffff7beffff06
:108c4800ffffffffc63873ae9cd39cf39cf39cf3e5
:108c58009cf39cf49cd49cf39cd39cf39cd39cd312
:108c68009cd39cd39cd394b3632cad75ffffffdfdb
:108c7800a51484109cf39cf39cf39cf39cf39cf345
:108c88009cf39cf49cf49cf49cf49cf49cf49cf35e
:108c98009cf48431630cd69affffe73c841094b2ad
:108ca800a5149cf39cf39cf39cd39cd39cd39cd39a
:108cb8009cd39cd39cd39cf39cf39cf39cd3738e42
:108cc8008430f7beffffbdf77bcf9cf3a5149cf360
:108cd8009cf39cf49cf39cf39cd39cd39cd39cf373
:108ce8009cf39cf39cf39cf394b2632cb5b6ffff02
:108cf800f7be94928430a514a514a514a514a51440
:108d08009cf49cf49cd39cf39cd39cd39cd39cf361
:108d1800a4f4a51473ae7beff7beffffce797bcf2b
:108d280094b29cf49cf49cf49cf49cf39cf39cd328
:108d38009cd39cf39cf39cf39cf39cf4a51494b3f0
:108d4800632cad75ffffffdf9cf38410a514a514f9
:108d5800a514a5149cf39cf39cf39cf39cf39cf33f
:108d68009cf39cf49cf3a514a5147bef632ce73cbf
:108d7800ffffd6ba7bef9cd3a5149cf39cf39cd33e
:108d88009cd39cd39cd39cd39cd39cd39cd39cd363
:108d98009cd39cd394b2632c9cd3ffffffffad55ab
:108da8007bef9cf4a514a5149cf39cf39cf39cf412
:108db8009cf39cf39cf39cf49cf49cf49cf49cf42e
:108dc8008c71632cce59ffffef5d8c518c719d1314
:108dd8009cf49cf49cf49cf49cf49cf49cf49cf40b
:108de8009cf39cf39cf39cf39cf39cf37bcf841043
:108df800f79effffdedb7bef94b29cf49cf39cf3c1
:108e08009cf39cf39cf39cf39cf39cf39cf39cd302
:108e18009cd39cd39cf39cb3632cad55ffffffff01
:108e2800ffffffdf6b6da534ad557bcf7baf73af15
:108e38007baf7baf73af7baf73af7baf7baf7bafea
:108e48007bcf7bcf7bcf8c51632c31a6f79ed6bad4
:108e5800630cbdd794b273ae7bcf7bcf7bcf7bcf78
:108e68007bcf7bcf7bcf7bcf7bcf7bcf7bcf7bcfaa
:108e78007bf08c5131a7630cffff8c717bcfbdf861
:108e88008c517bcf7bd07bcf7baf73af73af73af8e
:108e980073af73af73af7bcf7bcf7bcf843184103d
:108ea8002124bdd7ffdf630ca534a5357bcf7bcf4d
:108eb8007bef7bd07bcf7bcf7bcf7baf7baf7baf99
:108ec8007bcf7bcf7bcf7bef8c725acb39e7ffff11
:108ed800bdf76b4dbdf88c727bcf7bcf7bcf7bcf43
:108ee8007bcf7bcf7baf7baf7bcf7bcf7bcf7bcf6a
:108ef8007bcf84317bf02965a555ffff738e9cf3ea
:108f0800ad767bcf7baf7bcf7baf7baf7baf7bafd0
:108f18007baf7bcf7bcf7bcf7bcf7bcf7bcf8c5186
:108f2800630c3186f79ece79630cbdd794b37bafc3
:108f38007bcf7bcf7bcf7bcf7bcf7bcf7bcf7bcfd9
:108f48007bcf7bcf7bcf7bcf8410841021257bef19
:108f5800ffff73af8c71bdd784107bcf7bcf7baf06
:108f680073af7baf7baf7baf7baf7baf7baf7bcf91
:108f78007bcf7baf84106b6d2124defbe71b634c3a
:108f8800bdf7a5147bd07bf07bef7bcf7baf7bafae
:108f98007bcf7baf7bcf7bcf7bcf7bcf7bcf7bf078
:108fa8008c514a494a6affffa51473aec6188c71e2
:108fb8007bcf7bcf7bcf7bcf7bcf7bcf7bcf7bcf59
:108fc8007bcf7bcf7baf7bcf7bcf84108410296591
:108fd800a514ffff7bcf9cf3b5967bcf73af7bcff8
:108fe8007bcf73cf73cf7bcf7bcf7bcf7baf7baf79
:108ff8007bcf7bcf7bcf8c516b4d31a6e71cffff1e
:10900800ffffe73d5aeb8c7252aa39c841e839e8ac
:1090180039e839e839e839e839e841e841e839e830
:1090280041e8420842084a4931861082dedbbdd752
:109038005aeb8c72420839e841e841e841e839e8de
:1090480039e839e839e839e839e841e841e839e800
:1090580039e8422818c34228ffff73ae7bcf73aeae
:1090680039e7420841e839e839e839e839e839e8c0
:10907800420841e841e839e839e839e84228422815
:1090880008619cd3f79e5acb8c71528a39c741e844
:1090980039e839e839e839e839e841e841e839e8b0
:1090a80041e839e841e839e8424931861903ef7d5a
:1090b800ad556b4d843139e739e839e839e839e895
:1090c80039e839e839c839e839e839e839e839e8b0
:1090d80039e84208420810a27c10ffff632c9492e2
:1090e8005aeb39a739e839e839e841e841e839e87d
:1090f80041e841e841e839e839e839e839e84229fe
:10910800296610a2e71cbdd7630c8c7241e839e8c8
:1091180039e839e839e839e839e839e839e839e83f
:1091280039e839e841e839e8420842080862630c3e
:10913800ffff632d84316b2d39c7420839e839e8c0
:1091480039e841e841e841e841e841e841e839e8df
:1091580041e839e8422931a60841c618ce795aebc8
:1091680094b24a4939e8420841e839e841e841e817
:1091780041e841e841e841e841e841e8420842085d
:109188004a4929452966ffff8c5173af841039e895
:1091980041e841e839e841e839e841e839e839e89f
:1091a80039e839e841e841e841e84208422810a294
:1091b8007bcfffff630c9492632c39c741e839e8f1
:1091c80039e839e839e839e839e839e839e839e88f
:1091d80041e841e839e8422931a710a2bdf7ffff6d
:1091e800ffffef5d52aa73af4a494a294a294a4903
:1091f8004a494a294a294a494a494a494a494a292f
:109208004a494a494a494a6921241082dedbbdf8a5
:1092180052aa738f42084a494a294a494a494a493f
:109228004a494a494a494a494a494a294a294a49de
:109238004a4a422910824208ffff73ae6b4d5aec2e
:1092480042294a494a494a294a494a294a494a49e6
:109258004a494a494a294a494a494a294a4931a66a
:1092680000209cd2f79e52aa7bef4a494a494a49b4
:1092780042294a294a294a494a494a494a494a49b6
:109288004a494a494a494a494a49210418c3ef7d8b
:10929800ad555aeb6b6e42094a494a294a294a494f
:1092a8004a494a294a294a494a494a294a294a499e
:1092b8004a494a4a39c700407befffff5aec7bcf47
:1092c8004a6a4a294a294a494a4a4a494a494a491c
:1092d8004a494a494a494a494a494a294a494a69ee
:1092e80021041082e71cbdd752ab738e42094a296c
:1092f8004a294a494a494a494a294a294a294a296e
:109308004a294a494a494a494a4a39e80841630cbc
:10931800ffff632c73ae528b42084a494a494a49b7
:109328004a494a494a494a294a294a494a294a291d
:109338004a294a494a4a29660841c618d69a52aa69
:109348007bf042294a294a294a294a294a494a494d
:109358004a494a294a294a294a294a294a494a490d
:109368004a4918c33186ffff8430632d6b2d42298b
:109378004a494a494a494a494a494a494a494a494d
:109388004a494a494a494a494a494a4a39e70841f9
:109398007bcfffff5acb73af528b42294a494a49c8
:1093a8004a294a494a294a294a294a294a294a49dd
:1093b8004a494a494a494a6929451082bdd7ffffa7
:1093c800ffffef5d52aa73af4a4a42294a294a2948
:1093d8004a294a2942294a494a494a294a294229bd
:1093e8004229422942294a4921251082dedbbdf75c
:1093f80052aa73af42084a294a294a294a294a29be
:109408004a294a294229422942294a294a294229dc
:109418004a49422910824208ffff73af6b4d630c23
:1094280042084a294a2942294229422942294a29e5
:109438004a294a294a2942294a2942294a4939c7ef
:1094480000209cd2f79d52aa7bf04a4942294a49fa
:1094580042294a294a294a294a294a294a294a2974
:109468004a2942294a294a294a49210418c3ef7d31
:10947800a5345aeb736e42084a294a294a294a29cf
:109488004a294a294a294a294a294a294a294a293c
:1094980042294a4939c700417bcfffff5acb73aff6
:1094a800528a42294a294a2939c839e842294a2987
:1094b80042294229422942294a29422942294a491c
:1094c80021241082defbb5b652ab73af42084a299d
:1094d8004a294a294229422942294a294a2942290c
:1094e8004a294a294a2942294a49420808415aeb45
:1094f800ffff630c73ae52ab42084a294a294a2936
:109508004a294a294a294a294a294a294a294a29bb
:109518004a2942294a4a31860841c638d69a52aa67
:109528007bf0420942294a294a294a294a294229db
:109538004a294a294a294a294229422942294229ab
:109548004a4918c32965ffff8430632c6b4d4208d4
:109558004a2942294a2942294a294a294a294a297b
:109568004a2942294229422942294a4939e7002100
:1095780073cfffff5acb7baf52ab42294a2942290e
:1095880042294a294a294a294a294a294a294a2943
:109598004a29424942294a4929451082bdd7ffff35
:1095a800ffffef5d52aa73af4a4942294a294a2967
:1095b8004a2942294a4939e839e84a4942294a297f
:1095c8004a294a4942294a4921251082dedbbdf74a
:1095d80052aa73af42084a294a294a294a294a29dc
:1095e8004a294a294a294a294a294a294a294a29db
:1095f8004a49422910824208ffff73af6b4d62ec63
:1096080042084a294a294229422942294a294a29fb
:109618004a294a294a294a294a2942294a6939c7e5
:10962800000094b2ef7d528a7bef4a4942294a29c9
:109638004a294a294a294a294a294a294a294a298a
:109648004a2942294a494a294a49212418c3ef7d0f
:10965800a5345acb6b6e42084a294a294a294a2915
:109668004a294a294a294a2942294a294a294a2962
:1096780042294a4939c700217bcfffff5acb73ae35
:10968800528a42294a4939c88c51e73d528a4208d0
:109698004a294a294a294a294a294a2942294a4912
:1096a80021241082defbb5b652ab73af42084a29bb
:1096b8004a2942294a294a294a294a294a294a2912
:1096c8004a2942294a2942294a4939e800215aebbc
:1096d800ffff630c73ae52ab42084a294a2942295c
:1096e80042294a294a294a294a294a294a294a29e2
:1096f8004a2942294a4a31860841c618ce79528aef
:109708007bf042094a294a294a294a294a294a29e9
:109718004a294a294a294a294a294a294a294229b1
:109728004a4918c32965ffff8430630c6b2d420832
:109738004a294a294a294a294a294a294a294a2989
:1097480042294a294a294a2942294a4939e70041ee
:109758007bcfffff5acb7baf52ab42294a294a291c
:109768004a294a294a294a294a294a294a294a2959
:109778004a294a2942294a4929451082bdd7ffff6b
:10978800ffffef5d52aa73af4a4942294a294a2985
:1097980042294a4a31a77bf06b6e39c74a494229a8
:1097a8004a29422942294a4921251082dedbbdf790
:1097b80052aa73af42084a494a294a294a294a29da
:1097c8004a294a294a294a294a294a294a294a29f9
:1097d8004a49420910824208ffff73af6b4d62eca1
:1097e80042084a29422942294a494a294a294a29f2
:1097f8004a294a294a294a294a2942294a4a39c723
:10980800000094b2ef7d528a7bcf4a4942294a2907
:109818004a294a294a294a294a294a294a294a29a8
:109828004a294a494a494a294a49210418c3ef7d25
:10983800a5345acb6b6e42084a294a294a294a2933
:109848004a294a294a29422942294a294a294a2988
:1098580042294a4939c700217bcfffff5acb73ae53
:109868004a6a42294a4931a7b5b6ffff528a41e8f8
:109878004a2942294a294a294a294a2942294a4938
:1098880021240861defbb5b652ab73af42084a2902
:109898004a294a294a294a294a294a294a294a2928
:1098a8004a294a294a2942294a4939e800215aebd2
:1098b800ffff630c73af5aab42094a294a294a2968
:1098c8004a294a294a294a294a294a294a29422900
:1098d8004a2942294a4929660021c618ce59528a7e
:1098e8007bf042094a294a294a294a294a294a2908
:1098f8004a294a294a294a294a294a294a294229d0
:109908004a4918c33186ffff8430632d6b2d420806
:109918004a294a294a2942294a294a294a294a29af
:1099280042294a294a294a2942294a4939e7084104
:109938007bcfffff5acb7baf52ab42294a294a293a
:109948004a294a294a294a2942294a294a294a297f
:109958004a294a2942294a4929451082bdd7ffff89
:10996800ffffef5d52aa73af4a4942294a294229ab
:109978004a494208528affffef7d422942284a2974
:109988004a294a294a294a4921250861dedbbdf7c7
:1099980052aa73af42094a4942294a294a494a49bf
:1099a8004a494a494a494a494a494a2942294a297f
:1099b8004a49420910824208ffff73ae6b4d62ecc0
:1099c80042084a294a294a294a494a494a294229e8
:1099d8004a494a494a494a294a294a294a4a31a701
:1099e800000094b2ef7d4a6a7bcf4a2942294a296e
:1099f8004a294a294a294a494a49422942294a4977
:109a08004a494a294a2942294a49210418c3ef7d6b
:109a1800a5345acb6b6e42084a294a294a294a4931
:109a28004a494a294a294a294a294a494a294a2956
:109a380042294a4939c700217bcfffff5acb73ae71
:109a4800528a42294a4931a7ad55ffff52aa39e83f
:109a580042084a294a494a294a294a2942294a4957
:109a680021040862defbb5b652ab73af42084a293f
:109a78004a294a294a494a494a2942094a294a490e
:109a88004a294a2942294a294a4939e700205aebf2
:109a9800ffff62ec73af5acb42294a494a494a2927
:109aa80042294a294a494a494a49422942294a49ae
:109ab8004a4942294a4a29650020bdf7ce59528aa7
:109ac8007bf042294a294a294a294a294a294a2906
:109ad8004a294a294a2942294a294a294a294a29ee
:109ae8004a2918c32965ffff8410632d6b2d42088e
:109af8004a294a294a2942294a294a2942294a29d6
:109b080042294a294a294a294a294a4939e708411a
:109b180073cfffff5acb7baf52ab42094a294a2980
:109b28004a294a294a294a294a294a294a294a2995
:109b38004a294a2942294a4929451082bdd7ffffa7
:109b4800ffffe73d52aa73af4a4942294a294a49c9
:109b58004a4939e7dedbffffffffc63839c74a4904
:109b68004a294a294a294a4921250861dedbbdf7e5
:109b780052aa73af42084a4942294a2939e839c7e3
:109b880039e739e839e8420839e742294a294229b8
:109b98004a29420910824208ffff73af6b4d62ecfd
:109ba80042084a494a29420939c839c84a29422932
:109bb800422831a741e842294a2942294a4939c756
:109bc80000009cd2ef7d528a7bcf4a2942294a293c
:109bd8004a294a294a4939e839c74a294a2939c7fd
:109be80042084a494a2942294a49210418c3ef7db3
:109bf800a5345acb6b6e42084a294a29420839c70c
:109c080039e84a294a294a49420939e842084a2989
:109c180042294a4939c700217bcfffff5acb73af8e
:109c2800528a42294a4931a7ad55ffff422839c710
:109c38004a6a41e839c74a494a294a2942294a49c8
:109c480021040862defbb5b652ab73af42084a295d
:109c58004a29422939a739c742084a29422939c716
:109c680042294a494a2942294a4939e700215aebf7
:109c7800ffff62ec73ae5acb422939e839e741e875
:109c8800420841e839a739c739c74a494a4939c753
:109c980042094a494a4929450000bdf7ce79528a06
:109ca8007bf042294a294a294a294a294a2942292c
:109cb8004a294a294a294a2942294a294a294a290c
:109cc8004a4918c32965ffff8430632d6b2d42086c
:109cd8004a294a294a294a294a294a2942294a29ec
:109ce800422942094a294a2942294a4939e7084169
:109cf80073cfffff5acb7baf52ab42094a294a299f
:109d08004a294a294a2942294a294a294a294a29bb
:109d18004a294a2942294a4929451082bdd7ffffc5
:109d2800ffffe73d528a73ae4a49422942294a4910
:109d380031a6b596ffffffdfffdfffff9cf331a7da
:109d48004a6a4a294a294a4921250861dedbbdf7c2
:109d580052aa73af42084a294a4931a68c51f7be24
:109d6800e73cef5de71cdedbce794a4942294a2908
:109d78004a49422810824208ffff73ae6b4d62ecdd
:109d880042094a4a41e86b4def5d7bf031a7422911
:109d98004228d69aad7639c74a4942294a4931a755
:109da80000209cd3ef7d52aa7bef4a2942294a29f9
:109db8004a294a4939c8738ededbffffffdfef5db2
:109dc8005acb42084a294a294a49210418c3ef7d37
:109dd800a5345aeb6b6e42084a4939c7738eef7d3a
:109de8006b4d39c84a4942085aebef5d841039c7b0
:109df8004a494a4939e708417bcfffff5acb73ae3e
:109e08004a6a42094a493187a535ffffce59f7be4c
:109e1800ffffef5d843039c74a494a2942294a4938
:109e280021240862defbb5b652ab73af4208422963
:109e38004a2941e8a534dedbf7beffffffdfbdd7c7
:109e48004a4942284a4942294a4939e700215aebf6
:109e5800ffff62ec738e5acb39c79492defbf79ef4
:109e6800ffdff79ead758410dedbffffffffce79c5
:109e780052aa41e84a4929450020bdf7ce7952aa9d
:109e88007bf042094a294a294a294a294a294a2962
:109e98004a29422942294a294a294a294a294a2932
:109ea8004a4918c33186ffff8430632d6b2d420861
:109eb8004a294a294a294a294a294a294a294a2902
:109ec8004a294a294a294a2942294a4939e700217f
:109ed8007bcfffff5acb7baf52ab42094a294a29b5
:109ee8004a2942294a294a294a294a294a294a29da
:109ef80042294a2942294a4929451082bdd7ffffec
:109f0800ffffe73d52aa73af4a6942294a493186a1
:109f18008410ffffffffffffffffffffffff6b6dd9
:109f280039c74a4a42294a4921251082dedbbdf752
:109f3800528a73af42084a294a4939e8736ead55c7
:109f4800a5349cd2c617ffffd69a39e84a494a2950
:109f58004a49422810824208ffff73ae6b4d62ecfb
:109f680042094a294a494208d69affff528a2124bf
:109f7800b5b6ffff630c39e84a4942294a4931a777
:109f880000209cd3f79e52aa7bf04a4942294a29cd
:109f98004a4939a7738effffef7d94928c51b5968d
:109fa80052aa42094a2942294a49210418c3ef7d85
:109fb800a5345aeb6b6e42084a494208528affffa1
:109fc800b5b731a64a6a31a694b2ffff630c4208be
:109fd8004a494a4939e700417bcfffff5acb73ae64
:109fe8004a6a42294a4931a7a535ffffe73c9cd375
:109ff8008c71e71cffff8c5139c74a4942294a49ed
:10a0080021240862defbb5b652ab73af42084a2979
:10a0180042294228ffdfffdf94b28430b596ffff64
:10a02800c63831a74a4942294a4939e808415aeb12
:10a03800ffff62ec738e52ab3186dedbffffa514a7
:10a048008c51ce59ffffffffce598c51ad55ffff04
:10a05800ce7939a74a4a29450020c618ce7952ab8d
:10a068007bf042094a294a294a294a294a294a2980
:10a078004a294229422942294a294a294a294a2958
:10a088004a4918e33186ffff8430630d6b2d42087f
:10a098004a294a294a29422942294a294a294a2930
:10a0a8004a294a294a294a2942294a4939c80021bc
:10a0b80073aeffff5acb7bcf52ab42094a294a29dc
:10a0c8004a294a294a494a494a494a494a294a2970
:10a0d8004a294a2942294a4929451082bdd7ffff02
:10a0e800ffffe73d52aa73af4a494a2939c8630cb2
:10a0f800fffffffffffffffffffffffffffff7beb1
:10a10800528a42084a494a4921250861dedbbdf7df
:10a1180052aa73af42084a294a294a4941e831a656
:10a1280031a62965dedbf79e4a4942084a294229b9
:10a138004a49420908624208ffff73ae6b4d5aec68
:10a1480042084a294a4942094a69ffffce59738e93
:10a15800ffff8c7231864a4a422942294a4931a76f
:10a1680000209cd3ef7d528a7bf04a494a294a292c
:10a178004a2939c7e71cef7e39e8318639c731a645
:10a1880042294a494a2942294a49212418c3ef7dcc
:10a19800a5345acb6b6e42084a294a493186c639da
:10a1a800f7bf42294a6939e7defbdefb31a64a4997
:10a1b80042294a4939c700417befffff5acb73aeaa
:10a1c8004a6a42294a4931a7a535ffff5acb318649
:10a1d80031a641e8ef7df79e4208422942294a49c3
:10a1e80021240861defbb5b652ab73af42084a4979
:10a1f80042294208f7bec618210439c72125bdf7f0
:10a20800ffff528a42084a294a4939e808415aeb6d
:10a21800ffff630c73ae52ab3186d6badefb2965fd
:10a2280031c731a6dedbf7be39c731a62125bdd738
:10a23800ffff528a422931860841c618ce7952aab0
:10a248007bf0420942294a294a294a294a294a29a6
:10a258004a294a294229422942294a294a2942297e
:10a268004a4918c33186ffff8410630c6b2d4208de
:10a278004a294a294a294a2942294a2942294a294e
:10a2880042294a294a29422942294a4939c80841c2
:10a2980073cfffff5acb73af52aa42094a2942290a
:10a2a8004a29420839c739c739c739c742084a292c
:10a2b8004a294a2942294a4929451082bdd7ffff20
:10a2c800ffffe73d52aa73ae4a4942294208d6bb6e
:10a2d800fffff7beffffffffffffffffef7dffff61
:10a2e800bdf731a742294a4921250861dedbbdf8bf
:10a2f80052aa73af42084a294a294a294a49528a26
:10a3080039c7c638ffff630c39e74a494229422951
:10a318004a49422910824208ffff73af6b4d62ec35
:10a3280042084a294a294a6a39e87befffffffffba
:10a33800c63839c74a494229422942294a4931a7d8
:10a34800000094b2ef7d528a7bcf4a4942294a499c
:10a3580042085acbffffa53431864a6a4a494a491e
:10a368004a294a294a294a294a49212418c3ef7dfa
:10a37800a5145acb6b6e42084a294a4939c784103a
:10a38800ffff73ae31a65aebffff9cd331a64a49b3
:10a3980042294a4939c700417befffff5acb73aec8
:10a3a8004a6a42294a4931a7ad55ffff52aa4228b5
:10a3b800528a39a6a534ffff5acb42084a494a496e
:10a3c80021240861dedbb5b652aa738f42094a29f7
:10a3d80042294208f79ece5939c7528a39c78c514b
:10a3e800ffff632d39e84a494a4939e808415aebe1
:10a3f800ffff630c738e5acb3186dedbe73c39e80e
:10a408004a8a31a7b5b6ffff528a4a4939c794b27a
:10a41800ffff5aec4a4931860841c618ce79528a5c
:10a428007bef420942294a294a294a294a294a29c5
:10a438004a294a294229422942294a294a2942299c
:10a448004a4918e33186ffff8410630c6b2d4208dc
:10a458004a294a294a294a294a294a294a29422964
:10a468004a294a294a294a2942294a4939c80841d0
:10a4780073cfffff5acb7bcf52aa420942294a2900
:10a488004208528adefbe71cdefbef5d73ae39c87b
:10a498004a494a2942294a4929451082bdf7fffffe
:10a4a800ffffe73d52aa73af4a4942294a29528a17
:10a4b80042286b6dfffffffffffff7be528a42285d
:10a4c8004a69420842294a4921250861dedbbdf76d
:10a4d800528a73af42084a294a2942294a4931a770
:10a4e8009492ffff845131a74a4a4a2942294229b6
:10a4f8004a29420910824208ffff73af6b4d62ec94
:10a5080042084a294a294a294a4939e8e73cffffcb
:10a51800841031a64a4a4a294a2942294a4931a778
:10a52800000094b2ef7d4a6a7bcf4a4942294a49e2
:10a538003a08632dffff9cd339c74a49422942296b
:10a548004a294a29422942294a49212418c3ef7d28
:10a55800a5345acb6b6e42084a294a294229422916
:10a56800ffffc61829459cf3ffff52ab42084a4932
:10a5780042294a4939c700217bcfffff5acb73ae26
:10a588004a6a42294a4931a7ad55ffff5acb4208ca
:10a598004a4939c794b2ffff632c39e84a494a4906
:10a5a80021241082defbb5b652aa738f42084a49ad
:10a5b80042294208f7bece5931a64a6a39c78450a3
:10a5c800ffff6b6e39e84a494a4939e808415aebb6
:10a5d800ffff5aec73ae5aec31a7dedbe73c39c714
:10a5e8004a6931a6ad76ffff4a69422939c79cb24c
:10a5f800ffff630c4a4929860021c618ce59528aa2
:10a608007bcf42094a294a294a294a294a29422903
:10a618004a494a494a294a2942294a2942294a296a
:10a628004a4918e33186ffff8430632c6b4d42089a
:10a6380042294a294a294a294a294a294a494a4942
:10a6480042294a294a294a2942294a4939c800211e
:10a658007bcfffff5acb7baf52aa4209422942293e
:10a6680042084a6ac639ce59ce59d69a6b6d39e82e
:10a678004a494a2942294a4929451082bdd7ffff3c
:10a68800ffffe73d52aa73af4a49422942294229ae
:10a6980039e75aecfffffffffffff79e4a494208e0
:10a6a80042284a294a294a4921240861dedbbdf7a4
:10a6b800528a73af42084a294a294a4939a75aebac
:10a6c800ffffbdd731a74a6a4a4a4a294a2942297f
:10a6d8004a49420910824208ffff73af6b4d62ec92
:10a6e8004208422942294a493186ad75ffffe71cd5
:10a6f800ffff5aab42084a494a2942294a4a31a728
:10a70800000094b2ef7d528a7bcf4a4942294a49d8
:10a7180042085aebffffad5531864a6a4a494a4911
:10a728004a494a2942294a494a69212418c3ef5dfe
:10a73800a5345acb6b4e42084a2942294a4931a7c7
:10a74800bdd7ffff4208e73cd69a31a74a494a29b4
:10a7580042294a4939c700217bcfffff5aeb738e44
:10a768004a6a42294a4931a7ad55ffff5acb4228c8
:10a77800528a31a6a535ffff5acb41e84a294a49f2
:10a7880021241082dedbb5b652ab738f42084a290a
:10a7980042294208f79ece5931a64a6a39c78c51d8
:10a7a800ffff6b6d39e84a494a4939e800215aecfc
:10a7b800ffff5aec73ae5aec31a7dedbe73c39c732
:10a7c8004a693186ad55ffff4a494a2939c794b2cb
:10a7d800ffff630c4a4929860020bdf7ce59528aeb
:10a7e8007bcf42094a294a294a294a294a294a291a
:10a7f80039c739c74a2942294229422942294a29bf
:10a808004a4918c33186ffff8430632c6b4d4208d8
:10a818004a294a294a294a294a29422939c742093b
:10a828004a294a294a294a2942094a4939e708410d
:10a838007bcfffff5acb7bcf52ab4209422942293b
:10a848004229420831a731a731a731a741e84a492f
:10a858004a294a2942294a4929451082bdd7ffff7a
:10a86800ffffef3d528a73ae4a4942294a294a49b5
:10a878004208630cffffffffffffef7d4a69422993
:10a888004a494a294a294a4921240861dedbbdf799
:10a89800528a73af42084a494a294a494208ef5d39
:10a8a800dedb294531a631a731a742094a494a29a1
:10a8b8004a29420810824208ffff73ae6b4d62ecd2
:10a8c80042084a294a4939a7632dffff94b239e75c
:10a8d800ffffd69a31a74a49422942294a4931a756
:10a8e800000094b2ef7d528a7bd04a494a294a290e
:10a8f8004a2939e8ef5df79e4208318639c731a603
:10a9080042084a49422942294a49212418c3ef7d6d
:10a91800a5345aab6b4e420842294a294a4939e7bd
:10a928006b4dffffb5b6ffff841039c74a494a2966
:10a9380042294a4939c700217bcfffff5acb73ae62
:10a948004a6a42294a4a31a7a535ffff422831867b
:10a9580031a74a49f7bee71c39c7422942294a4963
:10a9680021241082defbb5b65acb738f42084a49c0
:10a9780042294208f79ece5931a6526a39c78c51ee
:10a98800ffff6b6d39e84a494a4939e800215aeb1b
:10a99800ffff5aeb73ae5aec31a6d6bae73c39c77b
:10a9a8004a693186ad55ffff4a49422939c794b2f1
:10a9b800ffff630c4a4929860021bdf7ce59528a08
:10a9c8007bf042094a294a294a294a294a29420840
:10a9d800949294b242084a2942294a294a294a2982
:10a9e8004a4918c32965ffff8430632c6b4d420820
:10a9f8004a29422942294229422942297bf04a6aa6
:10aa080042084a494a294a2942294a4939e700213c
:10aa18007bcfffff5acb7baf528b42094a29422991
:10aa2800422942294a494a494a494a494a2942291e
:10aa380042294a2942294a4929451082bdd7ffffa0
:10aa4800ffffef3d528a73ae4a4942294a294a49d3
:10aa580039e8630cffffffffffffffff4a69422948
:10aa68004a294a2942294a4921240861dedbbdf7df
:10aa7800528a738f42084a294a6a39c7ad55ffff7f
:10aa8800c61894b2a5149cf4a515526a42294a29fd
:10aa98004a29420810624208ffff73ae6b4d630cef
:10aaa80042084a4942294a29ffbfdefb39c7318695
:10aab8007befffff9cb331a74a4942294a4931a796
:10aac80000209cd3ef7d52aa7bef4a2942294a29cc
:10aad8004a4931a77befffffef7d94928430b5b6ea
:10aae800632d39e84a4942294a49212418c3ef7d90
:10aaf800a5345acb6b4e42084a294a294a294a4961
:10ab080039c7d6baffffef5d420842294a294a29c8
:10ab180042294a4939c700217bcfffff5acb738ea0
:10ab28004a6a42294a4a31a6b596ffffad75843173
:10ab38009cf3ef7dffff7bcf39c74a4942294a4939
:10ab480021241082dedbb5b75acb73af42084a49dd
:10ab580042294208ffdfd69a39c7526a39a78c5171
:10ab6800ffff6b6d39e74a494a4939e800215aec39
:10ab7800ffff5aec73ae5acb3186dedbef5d39c787
:10ab88004a6931a6b596ffff4a6a422931a794b2ad
:10ab9800ffff5acb422831860841c618ce59528a3f
:10aba8007bf0420942294a2942294a294a4939e778
:10abb800ef7dffff42284a294a294a294a294a297a
:10abc8004a4918e32965ffff8430632d6b4d42081d
:10abd8004a29422942294a4931a79cf4ffffc6184d
:10abe80031a74a4942294a2942294a4939c70841cd
:10abf8007bcfffff5acb73af52ab420942294229a0
:10ac080042294229422942294229422942294229e4
:10ac180042294a2942294a4929451082bdd7ffffbe
:10ac2800ffffe73d52aa73af4a4942294a29422900
:10ac380042294a497bcf7bef7bef738e42294a2911
:10ac48004a294a2942294a4921240861d6babdf726
:10ac5800528a738f420842294a4939c7b596e73c58
:10ac6800e73cef7eef7def7ef79e5acc42084a29fb
:10ac78004a29420810824208ffff73ae632d62ec36
:10ac880042084a4a39c79492f79e5aec39e84a4929
:10ac980031a7ad76defb4a4942084a294a4a39c7f4
:10aca80000219cd3ef9d528a7bcf4a294229422911
:10acb8004a294a4939e77befe71cfffffffff7be48
:10acc8006b4d39e74a4942294a49210418c3ef7da7
:10acd800a5345aab6b6e42084a294a294a294a497f
:10ace80039c773aff79e8c7131a74a4942294a295f
:10acf8004a294a4939c800217bcfffff5acb738eb6
:10ad08004a6a42294a4939e77bf0dedbf7bfffff91
:10ad1800ffffdefb73ae39c74a494a294a294a4927
:10ad280021040862dedbb5b65acb73af42094a4943
:10ad380042294208d6bbb59639c74a6a39a773aec5
:10ad4800ef7d5aeb39e842294a4939e8084162ec73
:10ad5800ffff62ec738e52ab2966b5b6c63839c7a9
:10ad68004a6a39c79cf3e73d4a694a2939c77bf0e3
:10ad7800e73c528a422929660841c618ce7952aa68
:10ad88007bf042094a294a2942294a294a4939e78e
:10ad9800e71cdefb39e84a494a494a294a294a292f
:10ada8004a2918c32966ffff8431630d6b4d420899
:10adb8004a294a294a294a4939c88410ffffa4f474
:10adc80039a74a4942294a2942294a4939c70841e3
:10add8007bcfffff5acb73af528b420942294229de
:10ade80042294a294a2942294229422942294229f3
:10adf8004a294a2942294a4929451082bdd7ffffd5
:10ae0800ffffe73d52aa738f4a4942294a2942293e
:10ae18004229422839c739c739c739c74a294a296f
:10ae28004a294a2942294a4921251082dedbbdf7f1
:10ae3800528a738e42084a294229422939e842082f
:10ae480039e839e839e839e839e742084a2942292e
:10ae58004a29420808624208ffff73ae6b4d62ec54
:10ae680042084a494a49422939e842084a49422996
:10ae7800422939c739e842094a294a294a4a39c779
:10ae8800002094d3ef7d528a73af4a294229422980
:10ae98004a294a294a4939e739e74a494a4939c7cb
:10aea80039e74a49422942294a49210418c3ef5d32
:10aeb800a5145aab6b6e42084a294a294a294a29dd
:10aec8004a4939e839c839e74a2942294a294a29e1
:10aed80042294a4939c808417bcfffff52ab738edc
:10aee8004a6a420942294a4939e839c742284a691f
:10aef8004a4939c739e74a494229422942294a4930
:10af080021040862dedbb5b652aa73af42294a496a
:10af18004a49422941e841e842294a294a2942083e
:10af280039c742084a4942294a4941e8084162ec7e
:10af3800ffff630c736e528a39e839c739c7420973
:10af48004a494a294208420842294a49422939e8d5
:10af580039e741e84a4929650020c618ce7952aa3e
:10af68007bf042094229422942294a29420852aa29
:10af7800ffffa51431a74a4942294a294a294a29e3
:10af88004a4918e33186ffff8430630c6b2d420871
:10af98004a294a294a294a294a2941e84a4941e885
:10afa8004a294a294a294a2942294a4939c8084185
:10afb80073aeffff5acb73af52ab42094a294229fd
:10afc80042294a294a2942294229422942294a2909
:10afd8004a294a2942294a4929451082bdf7ffffd3
:10afe800ffffe73d52aa738f4a4942294229422965
:10aff8004a294a294a494a494a494a494a294a2931
:10b008004a294a2942294a4921250861d6babdf860
:10b01800528a738e42084a494a294a294a494a4962
:10b028004a294a294a294a294a294a294a29422988
:10b038004a29420810824208ffff73ae6b4d5aec52
:10b0480042084a494a494a494a494a494a294229f1
:10b0580042294a494a294a2942294a294a4a31a7ba
:10b06800000094b2ef7d4a6a73af4a2942294a29ff
:10b078004a294a294a294a494a49422942094a4900
:10b088004a494a294a294a494a49210410a2ef5cf7
:10b09800a51452aa6b4e42084a294a294a294a4904
:10b0a80042494a494a494a49422942294a294a2998
:10b0b80042294a4939e808417bcfffff5acb738eb2
:10b0c8004a6a420942294a494a494a494229422880
:10b0d80042284a494a4942294229422942294a4999
:10b0e80021240861d6bab596528a736e42084a4935
:10b0f800422942294a494a494a294a494a494a4920
:10b108004a494a294a2942294a2939e808415aeb31
:10b11800ffff630c738e52ab42084a294a294a2919
:10b128004a294a294a294a294a294a294a494a493f
:10b138004a294a294a4929650020bdf7ce79528a09
:10b148007bf042294229422942294a4939c86b6e73
:10b15800e73d526a42084a294a294a294a29422986
:10b168004a4918e32965ffff8c51630c632d420897
:10b178004a294a294a294a294a294a4942294a2917
:10b1880042294a294a29422942294a4939e8084193
:10b1980073ceffff5acb73af528a42094a294a2914
:10b1a8004a294a294a294229422942294a294a2917
:10b1b8004a294a2942294a4929451082bdd7ffff11
:10b1c800ffffef5d528a738e4a6a4229422942295b
:10b1d800422942294229420942294a294a2942291f
:10b1e8004a294a2942294a4921250861dedbbdf856
:10b1f800528a73ae42084a494229422942294a29b9
:10b20800422942294229422942294a294a294229ce
:10b218004a494228108239e7ffff73af6b4d62ec51
:10b2280042084a4942294229422942294a294229af
:10b238004229422942294a29422942294a4931a612
:10b2480000009492ef5d4a6973af4a4a4229422945
:10b258004a294a294a294a294a294a294a294a294e
:10b2680042294a29422942294a69210410a2e73c75
:10b27800a514528a6b6e42084a294a294229422952
:10b28800422942294229422942294a294229422956
:10b2980042294a4939e708417befffff5acb738eb1
:10b2a800528a420942294229422842294a494a29be
:10b2b8004a294a294a2942294229422942294a49ee
:10b2c80021241082dedbb5964a696b6e42084a4932
:10b2d800422942294229422942294a494a494229be
:10b2e80042294229422942294a4939e700205aeb92
:10b2f800ffff630c73ae5aec42094a2942294229de
:10b3080042294a2942294a2942294a294a294229bd
:10b318004a2942294a6a29650020bdf7ce594a6a56
:10b328007bd0422942294a2942294a294a294208e6
:10b3380039e842084a29422942294a2942294a49e0
:10b348004a4918c33185ffff8c51630c6b2d4208a5
:10b358004a29422942294229422942294a2942297d
:10b3680042294a294a29422942294a4939e80041b9
:10b3780073ceffff5aeb73af52ab420942294a29f9
:10b388004a294a294229422942294a294a2942293d
:10b398004a294a2942294a4929451082bdf7ffff0f
:10b3a800ffffef5d52aa5aec42294a494a494a49e5
:10b3b8004a494a494a494a494a494a494a494a49ed
:10b3c8004a494a494a49420818e410a2d6babdf780
:10b3d8004a49630c42294a694a494a494a494a49f9
:10b3e8004a494a494a494a494a494a494a494a49bd
:10b3f8004a6939c708623a08ffff7bcf5aeb4a8a85
:10b4080042284a494a494a494a494a494a494a49c5
:10b418004a494a494a494a494a494a494229212501
:10b4280000209492ef5d4a69632d4a494a694a4966
:10b438004a494a494a294a494a494a294a294a49cc
:10b448004a494a494a494a6a4208190318e3ef7dba
:10b45800a5144a4952ab42084a494a494a494a4905
:10b468004a494a494a494a494a494a494a494a493c
:10b478004a494a49296508417bcfffff5acb62ec0c
:10b488004a494a494a4a4a494a494a494a494a491b
:10b498004a494a494a494a494a494a494a4a422834
:10b4a80018e410a2defbbdd74a495aab42084a4904
:10b4b8004a494a494a494a494a494a494a494a49ec
:10b4c8004a494a494a494a494a49296500215acbc1
:10b4d800ffff630c632d528a4a494a4a4a494a493e
:10b4e8004a494a494a494a294a494a494a494a49dc
:10b4f8004a494a49422821240841bdf7c6584a49c1
:10b50800632d42284a694a494a494a494a494a49a7
:10b518004a494a494a494a494a294a494a494a698b
:10b5280039e818c33186ffff8c715acb5acb4229b0
:10b538004a494a494a494a494a494a494a494a496b
:10b548004a494a494a494a494a494a4a3166086180
:10b5580073afffff5acb5aec4a494a294a494a492c
:10b568004a494a494a494a494a494a494a494a493b
:10b578004a494a494a49422818e41082bdd7ffff80
:10b58800ffffffdf4a6a18e418e4294529452945e1
:10b598002945294529452945294529452945294533
:10b5a80029452945294518e4108218c3ef5ddefbbb
:10b5b8002965212421042945294529452945294565
:10b5c8002945294529452945294529452925294523
:10b5d8002125210400205aebffff8c722104190455
:10b5e800210421252125294529452945294529457c
:10b5f800294529452945294529452945210418e38f
:10b608000000b596ffff4a49212421042945294510
:10b6180029452945294529452945292529452925f2
:10b628002925294529252945210410823186ffff2e
:10b63800c6382125210421042945294529452945bc
:10b6480029452945294529452945292529452945a2
:10b658002945210418e4000094b2ffff5acb18e4ee
:10b6680018e4292529452945214521252945294524
:10b67800294529452945294529452945294521049b
:10b68800108218e3f79ed6ba2945210418e4292523
:10b69800212529452945294529452945294529455a
:10b6a8002945294529452945212418e40000738e98
:10b6b800ffff6b4d210421042945294529452945ca
:10b6c8002945292529252945294529452945294542
:10b6d80029452945210418c31082dedbe71c31a661
:10b6e800294521042945294529452945294529452b
:10b6f800294529452945294529252925294521451a
:10b70800210408414a49ffffa534212421252104a9
:10b718002925292529252925294529452945294531
:10b728002945294529452945294521242104002160
:10b738009cf3ffff630c10a318c321252945294555
:10b748002945294529452945294529452945294581
:10b758002945294529452104108210a3dedbffff76
:10b76800ffffffffad7510820020002000000000e1
:10b778000000000000200000000000000020002061
:10b78800002000200000002100208c51ffffffff57
:10b7980084100020002000000000000000000000cd
:10b7a8000000000000000000002000200020002011
:10b7b800002000002124d69affffe73c39c700008b
:10b7c80000200000000000000020002000200000f1
:10b7d80000200000000000000020002000200000e1
:10b7e8005aebffdfffffad5510820000000000009c
:10b7f80000000000000000200020002000200000c1
:10b80800000000000000002000201082ad55ffff5e
:10b81800ffdf6b4d0020002000200000000000200a
:10b82800000000200001002000000020002000206f
:10b838000020002000204a49ef5dffffbdd710a27d
:10b848000000002000200000002000200020002030
:10b85800002000000000002000200000000000215f
:10b86800084194b2ffffffff738e00200020000004
:10b878000020002000200020002000200000000000
:10b8880000000000000000200020000031a6e71b97
:10b89800ffffce7921040000000000000000000036
:10b8a8000000000000000000000000000000000090
:10b8b80000200000082000207befffffffff94928c
:10b8c8000020002000000000000000000000002010
:10b8d80000200020002000000000002000200020a0
:10b8e800002018c3c618fffff79e4a690000002011
:10b8f8000000000000200020000000000000000000
:10b9080000000020000000200000002000004a493c
:10b91800f79effffce792104000000000000000020
:10b9280000200000000000200020000000000000af
:10b93800002000000000002000208c51ffffffffc6
:10b94800fffff7beffffdebaad14a4f3a4d3a4d360
:10b95800a4f3a4f3a4f3a4f3a4f3a4f3a4f3a4f327
:10b96800a4f3a4f3a4f3a4f3ce38fffff7bef7be05
:10b97800ffffc6389cf3a5149cf39cf39cf39cf33f
:10b988009cf39cf39cf39cf39cf39cf3a514a514e3
:10b998009cf3a534e71cfffff79effffef7dad7515
:10b9a8009cf3a514a514a514a514a5149cf3a5131c
:10b9b800a513a4f4a5149cf3a514a5149cf3b5b67b
:10b9c800f7beffdff7beffffd6baa5149cf39cf3c2
:10b9d8009cf3a4f3a4f39cf39cf39cf49cf49cf3d5
:10b9e8009cf39cf49cf49cf3a514d69afffff7be35
:10b9f800f7beffdfbdf79cf39cf39cf3a5149cf303
:10ba08009cf39cf49cf4a514a5149d149d14a514f2
:10ba1800a5149cf3b596f79dffdff79effffdefbad
:10ba2800a5349cf3a514a514a514a514a514a51450
:10ba38009cf39cf49cf39cf39cf39cf39cf3a5145b
:10ba4800d69affffffdfffffffffc638a5149d143e
:10ba58009d149d139d139d149d139cf49cf49cf3bd
:10ba68009cf39cf39cf39d139cf3ad55ef5dffff96
:10ba7800f79effffe73cad559cf39cf39cf39cf3ca
:10ba8800a5149cf4a514a5139cf39cf3a5149cf38e
:10ba98009cf39cf39cf3c618ffffffdff7beffff84
:10baa800ce79a5149cf39cf39cf39cf49cf49cf332
:10bab800a514a5139cf3a4f4a4f4a514a5149cf34d
:10bac800a534dedbfffff79effdff7bebdd7a51469
:10bad800a5149cf4a5149d149d14a514a514a514cf
:10bae800a5149cf39cf3a5139cf39cd3ad75ef7d33
:10baf800ffdff79effffe73ca5549d139d139d13a1
:10bb08009d139d139d139d139d139d139d139d13ad
:10bb18009d139d139d139d13c638fffff7beffffae
:10bb2800fffff7beffbeffdfff3cff1cff1cff1c33
:10bb3800ff1cff1cff1cff1cff1cff1cff1cff1c25
:10bb4800ff1cff1cff1cff3cffdfffdff79effff12
:10bb5800ffffffffffffffffffffffffffffffffed
:10bb6800ffffffffffffffffffffffffffffffffdd
:10bb7800fffffffffffffffff7bef7befffff7bea8
:10bb8800ef7def7def7def7def7def7def7def5d6d
:10bb9800ef7def7def7def7def7def7def7dffdfcb
:10bba800fffff7bef7beffdfffffef7eef7def7d04
:10bbb800ef7def5def7def7def7def7def7def7d3d
:10bbc800ef7def7def7def7def9effffffdff7be9f
:10bbd800f7beffffffdfef7def7def7def7def7db0
:10bbe800ef7def5def5def7def7def5def7def7d4d
:10bbf800ef7def7dffdffffff7bef7bef7beffff6c
:10bc0800f79eef7def7def7def7def7def7def7da3
:10bc1800ef7def7def7def7def5def7def7def7ddc
:10bc2800e73cdefbdefbdefbdefbef5def7def7d61
:10bc3800ef7def7def7def7def7def7def7def7d9c
:10bc4800ef7def7def7def7def7dffdefffff7be40
:10bc5800f7bef7befffff79eef7def7def7def5d4f
:10bc6800ef7def7def7def7def7def7def7def7d6c
:10bc7800ef7def5def5dffdffffff7bef79effff94
:10bc8800ffffef7def7def7def7def7def7def7dba
:10bc9800ef7def7def7def7def7def7def7def7d3c
:10bca800f79efffff7bef79ef79effffffdff79ea9
:10bcb800ef7def7def7def7def5def7def5def5d7c
:10bcc800ef7def7def7def7def7def7df7dfffff10
:10bcd800f79ef79ef7beffffefdde7bce79ce7bcea
:10bce800e7bce79ce79ce79ce79ce79ce79ce79c14
:10bcf800e79ce79ce79ce7bcf7fef7fef7beffff73
:10bd0800ffffffdfeedb9b6d9b0cab4dab2cab2d30
:10bd1800ab2dab4dab4db34db34db34dab4db34d5b
:10bd2800b34db34db36dab4d930ce659ffbeffff5a
:10bd3800e73c53b25bb253b153b153b25bd253b287
:10bd480053b253d253d253d253d253b253d253d203
:10bd580053b253d22356ffffffffffdfbdf7841016
:10bd68008c518c718c718c718c718c718c718c7103
:10bd78008c718c718c718c718c718c718c917bef46
:10bd88008430f79effdff7be9cd384108c718c71d2
:10bd98008c518c518c518c518c518c718c718c7153
:10bda8008c718c718c728c728c7173aead75ffff57
:10bdb800ffdfdedb841084318c728c728c718c71a5
:10bdc8008c718c718c718c718c718c718c718c7282
:10bdd8008c718c92843073aededbffdfffffb5b66b
:10bde8008410949294928c728c718c718c718c7179
:10bdf8008c518c518c718c518c518c718c718c71d3
:10be080073aea514fffff7beef7d8c5184108c51e3
:10be18008c518c728c718c718c718c718c718c7151
:10be28008c718c718c718c728c7173ae9492ffdff3
:10be3800f7beef7d8c7184108c718c518c718c5194
:10be48008c518c718c718c718c718c718c718c7122
:10be58008c718c518c316b6dbdf7ffffffffce5994
:10be68007bef8c7194928c728c718c728c718c7249
:10be78008c718c718c518c718c518c518c518c7152
:10be880084108410ef5cffdfffdfad557bcf949209
:10be9800949294928c718c718c718c718c718c5180
:10bea8008c718c718c718c729492949273ae9cf399
:10beb800ffdff7beef7c84d074ae7cef7ccf74ce0e
:10bec80074ce74ce74ce74ce74ce74ce74ce74ce5a
:10bed80074ce74ce74ce6c8d63ecc6b8ffffffffd2
:10bee800ffffffde9b6dbb2cf430e36de34de34dac
:10bef800e34de32de32de34de34de34de34de34dfa
:10bf0800e34de34de34ddb6d91c77208ff7effff04
:10bf180054b97dbd7dbd3c393c393c393c393c394f
:10bf28003c393c393c393c393c393c393c393c3961
:10bf38003c393c390a922356ffffa53473aeb596b7
:10bf4800b59694b39cd39cb394b394b394b394b37d
:10bf580094b394b394b394b394b394b29cd394b27b
:10bf680042288410ffffa53473aec618a514949216
:10bf780094b394b394b394b394b394b394b394b282
:10bf880094b394b394b394b3a514843031a6ce5922
:10bf9800ffff738e94b2bdd79cd394b394b394b37c
:10bfa80094b394b394b394b394b394b39cd39cb321
:10bfb8009cd39cf3a5145acb528affffce79632dec
:10bfc800b5b6ad559cd39cd39cb39cd39cd39cb3a2
:10bfd80094b394b394b394b394b39493949294b362
:10bfe800843039e7bdf7ffff8c518431c618a53579
:10bff8009cd39cd39cd39cd39cd39cd39cd39cd3c1
:10c008009cd39cd39cd39cb39cf48c7231a69cf398
:10c01800ffff94928430c618a4f494b394b394b3f5
:10c0280094b394b394b394b39cd394b394b394b3a8
:10c0380094b394b29cf36b6e39e7e71cef7d6b4dbc
:10c04800a534b59694b39cb39cd394b394b394b3ea
:10c0580094b39cb394b394b394b394b3949294b3b9
:10c068009cf3528a738effffbdf76b4dbdd7ad555c
:10c0780094b39cb394b394b394b394b394b394b378
:10c0880094b394b394b394b394b29cf38c5139c7da
:10c09800b5b6ffff84b06cad9eb485f07dcf7dd082
:10c0a8007dcf7dcf7dcf7dcf7dcf7dcf7dcf7dcf28
:10c0b8007dcf7dcf7dcf7dcf5c4b4b29e79cffffac
:10c0c800ffffff1b8249db6dca08b0e4b904b8e47e
:10c0d800b8e4b904b8e4b8e4b8e4b904b904b8e415
:10c0e800b904b904b104b96591045082f6baffffe6
:10c0f8007dbd7dbd237723972397237723772377e8
:10c1080023772377235723772377237723562356b9
:10c11800235623560a92016cffff73ae8431a5148f
:10c12800528a420842284208420842084208420805
:10c1380042094229420942094209422842284a6ad8
:10c1480021244228ffff7bcf84318c5142084208ca
:10c158004208420842084209420842084208420886
:10c1680042084209420942084a6a52aa18c39cf383
:10c17800f7be5aeba5146b4d420842094208420823
:10c188004208420842084208420842094209420954
:10c198004229422952aa39c718e3ef7dad556b4da4
:10c1a8009cd34a4941e842094209420942094209e5
:10c1b80042094208420842094209420842084a49db
:10c1c800528a18e37befffff630c9cf48431422909
:10c1d80042294209420842084209420942094209e1
:10c1e80042094229422942094a4952ab18e4630ce0
:10c1f800ffff6b4d94b27bf0420842294208420887
:10c2080042084208420842084208420942094228b4
:10c21800422842284a6a4a491082c618ce795aebff
:10c22800a53452ab39e8420842084208420842089d
:10c2380042084208420842084208420942084208a5
:10c2480052aa318631a6ffff94b27bef94b24229fd
:10c2580041e8420842084208420842094208422886
:10c26800422842094209420842084a29528a18e3e8
:10c278007befffff5bab7d8f5d2c340734273c27ba
:10c2880034273427342734273427342734273407ee
:10c2980034073427340744483ba71a04be77ffff06
:10c2a800fffffefb8208ca8ab904c0e4c8e4c104df
:10c2b800c104c104c104c104c104c104c104c1044e
:10c2c800c104c104c104b92588a25061f69affffd0
:10c2d800757c4c9a1b5723972397237723772377cb
:10c2e80023772377235723772377237623562356d9
:10c2f800235623560a92016cffff73ae6b4d630cf5
:10c3080041e84a494a294a294a294a494a494a4a56
:10c318004a494a4a4a494a494a494a494a494209c4
:10c32800106239e7ffff73ae6b6e62ec42084a4950
:10c338004a2942294a294a494a4a4a4a4a494a29e3
:10c348004a294a294a2942294a4939c700219cd3fe
:10c35800f79e52ab84104a4942294a294a294a2958
:10c368004a494a4a4a4a4a4a4a494a294a294a496a
:10c378004a294a294a49212418c3ef7da5345aeb92
:10c38800736e41e84a294a294a2942294a294a29f1
:10c398004a294a294a294a294a294a294a294a49dd
:10c3a80039c7002173afffff5acb841052ab420844
:10c3b8004a494a294a294a294229422942294a29d5
:10c3c8004a294a294a294a294a2939e808415aeb77
:10c3d800ffff630c7bcf5aab42294a494a294a29b5
:10c3e8004a294a494a494a494a494a494a294a49ed
:10c3f8004a494a494a6931a60841c617d6995acbcb
:10c4080083f042084a2942294a294a294a494a299d
:10c418004a294a294a294a294a294a294a294a495c
:10c42800422918c32965ffff8c516b4d6b4d39e8c4
:10c438004a294a294a494a494a294a494a494a49bc
:10c448004a494a494a294a4942294a4939c7084171
:10c4580073ceffff53ab650d446834073c473c4738
:10c468003c473c473c4734473447344734473c47cc
:10c478003c473c473c273c2822e411a2b636ffff44
:10c48800fffffefb8208c249c124c8e4c8e4c10416
:10c49800c104c8e4c8e4c8e4c8e4c8e4c8e4c10402
:10c4a800c104c8e4c104c12588a25061f69affffff
:10c4b8006d5c4c9a1b572397237723772377237731
:10c4c8002377237723772357235723562356235637
:10c4d800235623560a92016cffff73ae6b4d630c13
:10c4e80042084a2942294a294a49420939c731a7f3
:10c4f80031a739a742084a494a2942294a494a29bb
:10c50800108239e8ffff738e6b2d630c42084a29ad
:10c518004a294a49422939c731a631a739c7422988
:10c528004a294a294a2942294a4939c7002094b246
:10c53800ef7d52aa7bef4a4942294a2942294a49b2
:10c5480041e831a6318639c74a294a294a294a2960
:10c558004a2942294a49212418c3ef7da5345acbd8
:10c56800736e42084a294a294a294a294a294a29e6
:10c5780042294a294a294a2942294a2942294a4913
:10c5880039c7002073afffff5acb73af528a4229d5
:10c598004a294a294a294a294229422942294a2913
:10c5a8004a294a294a2942294a4939e808415aec7c
:10c5b800ffff5aeb73ae52cb42294a494a294a290e
:10c5c8004a29422942284a494a49420942284a49ad
:10c5d8004a494a494a6931860841c617ce7952ab59
:10c5e80083f04229422942294229422942294a29db
:10c5f8004a294a294a294a294a294a294a294229a3
:10c608004a4918c32965ffff8c51630c6b4d4208da
:10c618004a494a4939e739c74a294a494a494a49a0
:10c628004a49422942294a4942284a4939e808419f
:10c6380073ceffff53aa5cec448834273c47344749
:10c6480034473c4734473447344734473447344702
:10c6580034473c4734273c4822e411a3b636ffff51
:10c66800fffffefb8207c249c124c0e4c8e4b90445
:10c67800b0c3c105c8e4c8e4c8e4c8e4c104b0c391
:10c68800b924c104c104c12588a25062f69affffeb
:10c69800755c4c9a1b572377237723772377237767
:10c6a800235623772356235623561b561b562356a9
:10c6b8001b361b360a92016cffff73ae6b4d630c81
:10c6c80042084a294a29422931a64a6a8430a535ae
:10c6d800ad558c7152aa318642084a294a494229e5
:10c6e800108239e8ffff73ae6b4d62ec42084a29ad
:10c6f8004a2942294a498410a534ad558431422932
:10c7080042084a294a2942294a4931a7000094b2d5
:10c71800ef7d528a7bef4a49422942294a4939c763
:10c72800632cad75bdd78c51420842094a494a2944
:10c738004a2942294a49210418c3ef7da5345acb16
:10c74800736e42084a294a294a294a294a294a2904
:10c758004a294a294a294a294a29422942294a4929
:10c7680039c7002173ceffff5acb73ae528a4229d4
:10c778004a294a294a294a2942294a294a294a2921
:10c788004a294a294a294a294a2939e808415aecb2
:10c79800ffff5aec73ae52ab42284a494a294a294c
:10c7a80042294a69528a422842284a694a694228e3
:10c7b8004a494a494a6929660021bdf7ce7952abf0
:10c7c800841042094a29422942294a294a294a29e0
:10c7d8004a294a294a294a294a2942294a294a29c1
:10c7e8004a2918c32965ffff8c51632c6b4d4208f9
:10c7f8004a2942087bcf8410422842084a494a49bc
:10c80800422842084a6a420842294a4939c7084127
:10c8180073aeffff538a5ccb4488342734473c47c8
:10c828003c473c4734473c473c473c473c473447f8
:10c8380034473c473c273c4822e511a3b657ffff45
:10c84800fffffefb8207c249c124c8e4c104a94511
:10c85800c249a905b945c104c104b945a904c249d9
:10c86800a124c104c104b92588825061ee79ffff73
:10c878006d5c4c9a1b5723772377235623562356f0
:10c88800235623562356a5fbefbf855a1b361b5646
:10c898001b361b360a92016cffff73ae6b4d630c9f
:10c8a80042294a49420839c7ad55fffff7bededbca
:10c8b800dedbef7dffffbdf7422942094a6a4229c4
:10c8c800108239e8ffff73ae6b4d62ec42084a29cb
:10c8d8004a4931a6d69afffff7bfffffffffd6ba36
:10c8e800422842294a294a294a4931a7000094b2d4
:10c8f800ef7d528a7bef4a4942294a4939c77bcfa3
:10c90800ffffe73cce58ffffc63839e74a494229be
:10c918004a2942294a49212418c3ef5da5345acb34
:10c928006b6e42084a294a294a294a294a294a292a
:10c938004a294a294a294a294a29422942294a4947
:10c9480039c7002173ceffff52ab73af528a422919
:10c958004a294a294a294a2942294a294a294a293f
:10c968004a294a294a2942294a4939e808215aecd8
:10c97800ffff5aeb73ae5acb42284a294a294a4a42
:10c9880031a7b5b6df1b39e739c7dedbad553186d0
:10c998004a4942294a6929660021bdf7ce7952ab36
:10c9a800841042294229422942294a294a294a29e6
:10c9b8004a294a294a294a294a294a294a294a29d7
:10c9c8004a2918c32965ffff8c51632d6b4d4228f6
:10c9d8004208ce59ffdfef7de71c4a4942284a4901
:10c9e80039e7e71c9cf431a74a494a4939c700216d
:10c9f8006b8dffff4b695ccb44a934473c273c480f
:10ca080033e73c2844483c273c473c4734473447b5
:10ca180034473c473c273c4822e511a3b657ffff63
:10ca2800fffffefb8207c249c124c904a8c3cb8efd
:10ca3800ff5dcc1080e4b945b9458904d410ff5d89
:10ca4800c34da8c3c924b92588824841ee59ffffc0
:10ca58006d3b4c9a1b572356235723561b56235678
:10ca68002356a61cefbfffffffff855a1b361b3658
:10ca78001b361b360a92016cffff73ae6b4d630cbd
:10ca880042294a494228dedbffff7bef420829663c
:10ca9800296639e7738effdfe73d4a494a494a2943
:10caa80010824208ffff73ae6b4d630c42084a299f
:10cab8004a2939e87bcf6b6e42294208b5b6ffff99
:10cac800949239a74a494a294a4931a700009cd378
:10cad800ef7d528a7bcf4a4942294a2939e8ef7dbe
:10cae800defb39c729459cd3ffff5aec39e84a29b0
:10caf8004a2942294a49212418c2ef5da5345acb54
:10cb0800736e42084a294a294a294a494a494a49e0
:10cb18004a494a494a494a494a294a2942294a49dd
:10cb280039c7084173afffff5aab73ae528a422927
:10cb38004a294a294a294a294a294a294a294a2955
:10cb48004a294a294a2942294a4939e800215aecfe
:10cb5800ffff5aec73ae5aab42084a294a294a6980
:10cb680039c7d6bac63831a64228ffdf8c7139c713
:10cb78004a4942294a4929660020bdf7ce7952aa76
:10cb880083f04209422942294a294a294a294a293d
:10cb98004a294a294a294a294a294a294a294229fd
:10cba8004a4918c32965ffdf8c51632d6b6e31a785
:10cbb8008410ffff4a492965ef7da53439c739c775
:10cbc8009cf4ffdf42084a294a294a4939c700210b
:10cbd8006b8dffff4b695ccb448834473c4843c8a6
:10cbe8005c4b4bc93347440844483c483c473c47a6
:10cbf8003c473c473c273c4822e511c3b657ffff5a
:10cc0800ffffff1b8208c249c125c8e4b9259186e8
:10cc1800fdf7ff7eab4d89048904ab2dff7dfdf741
:10cc28009186b925c904b92588824841ee59ffff84
:10cc3800651b4c9a1b571b5623561b561b56a5fca7
:10cc4800efbfffffffffdf5e7d5a1b361b361b362b
:10cc58001b361b360a92016cffff73ae6b4d630cdb
:10cc68004a4939c7bdf7ffff52aa296539c75acbc8
:10cc78005aeb4a6939c74a49ffffb5b639c74a2945
:10cc880008624208ffff73ae6b4d630c42084a29e5
:10cc98004a294a2939c739e84a4939c76b6dffff1c
:10cca800a53439a74a494a294a4931a700009cd2e4
:10ccb800ef7d528a7bcf4a49422842294a49ffffe1
:10ccc800b5b639c739c78430ffff630c39e84a293c
:10ccd8004a2942294a49210418c2ef5da5345acb92
:10cce800736e42084a294a29420939c739c739c7e0
:10ccf80039c739c739c739c742084a2942294a4971
:10cd080039c7084173afffff5aab73ae528a422945
:10cd18004a294a294a294a294a294a294a294a2973
:10cd28004a294a29422942294a2939e808415aec1c
:10cd3800ffff5aec73ae52ab42084a29422939e840
:10cd480039e7f79ea51429655aebffff6b6d31a7ec
:10cd58004a4942294a4929660021bdf7ce79528ab3
:10cd68007bf042094a29422942294a294a294a2963
:10cd78004a294a294a294a294a294a294a2942291b
:10cd88004a4918c32965ffff8c51632d738e31867c
:10cd9800ad55dedb31a631a6b5b6d6ba2966528abc
:10cda800ffff7bcf39c74a4942294a4939c7084159
:10cdb8006baeffff4b695ccb44883427446833462d
:10cdc800aeb5effd8d91438833463be844493c2896
:10cdd8003c473c473c273c2822e519c3b657ffff90
:10cde800fffffefb8208c229c104c8e4c105a904eb
:10cdf8009166febaff9e8a8a8269ffbefeba99864c
:10ce0800b125c104c104b92588825041ee79ffffdc
:10ce180054db4c9a1b571b561b36a5fbefbfffff75
:10ce2800ffffe77e7d3a1b1513161b361b151b15d6
:10ce38001b151b150a92016cffff73ae6b4d630c3b
:10ce480039c7632dffff8c3131865aebdedbffdffc
:10ce5800f79effdfbdd7212494b2ffff4a4939e886
:10ce6800108239e8ffff73ae6b4d630c42084a2904
:10ce78004a2942294a494a494a6a3186a4f4ffffa5
:10ce88007bef39c74a4942294a4939c700009cd231
:10ce9800ef7d528a7bef4a4942284a4a39e8dedb6d
:10cea800ffff4a494a69ffffdefb39e74a494a4919
:10ceb8004a2942294a49210418c3ef5da5345acbaf
:10cec8006b6e42084a2942294a6a7bef7bcf7bcfa7
:10ced80073ae73ae738e7bcf528a42084a294a4991
:10cee80039c7084173afffff5acb73ae528a420964
:10cef8004a294a294a294a294a294a294a294a2992
:10cf08004a29422942294a294a4939e800215aec42
:10cf1800ffff5aec73ae52ab420842294208dedbef
:10cf2800f7beffdfffdff79ef7beffffffff9cd3d3
:10cf380039c74a494a4929650021c618ce79528a13
:10cf48007bf042094a29422942294a294a294a2981
:10cf58004a294a294a294229422942294a29422951
:10cf68004a2918c32965ffff8c51632c6b6e29650c
:10cf7800a534e71c31863186bdf8d6ba2104ce59ce
:10cf8800ce5931864a6a422942294a4939c8084154
:10cf980073aeffff4b8a5ccb448834273c483be7a1
:10cfa8004be9ae75f7fef7fe9d934b6933263c08b7
:10cfb8003c483c473c273c4822e511c3b657ffff95
:10cfc800fffffefb8208c249c104c0e4c8e4c125d2
:10cfd800a1048a69ff9eff5dff5dff7d8a49a12448
:10cfe800c904c8e4c0e4c12588a25061ee79fffff6
:10cff80054db4c9a1b571b367d5affffffffef9ff0
:10d008009dfb1b151b151b1513161b151b151b1537
:10d018001b151b150a92016cffff73ae6b4d630c59
:10d028002965a534f7be42084208ef5def5d4a69fd
:10d038004a69ffdfbdd62965632cffff632c39c71a
:10d0480010824208ffff73ae6b4d630c42084a29f9
:10d0580042294a2942294a4931a76b6dffffd69ace
:10d0680039e74a49422942294a4931a700009cd256
:10d07800ef7d528a7bef4a4942294a4939e8630cd5
:10d08800ffffdefbf79ee73c4a6a420841e839c8e1
:10d098004a4942294a49210418c3ef5da5345acbad
:10d0a8006b6e42084a4939c8738effffffffffffc6
:10d0b800ffffffffffffffff8c5139a74a494a498d
:10d0c80039c7084173afffff5acb73ae528a420982
:10d0d8004a294a294a294a294a294a294a294a29b0
:10d0e8004a294229422942294a2939e800215aec89
:10d0f800ffff5b0c73ae5aab42084a29422973ae54
:10d10800a514ffff9cf373aebdf7ffdf9492630c89
:10d1180042084a494a4a29650020c618ce79528ae7
:10d128007bf042094a2942294a294a294a294a2997
:10d138004a294a294a294229422942294a2942296f
:10d148004a4918c32965ffdf8430630c6b4d31a64b
:10d15800632dffff84105aecffff84306b4dfffff7
:10d168004a69318639c7422942294a4939c808419a
:10d1780073aeffff538a5ccb448834273c273c2896
:10d188003bc83306538aa5d4f7fef7fe9df34be957
:10d198003c083c483c273c4822e511a3b657ffff12
:10d1a800ffffff1c8208c249c105c8e4c8e4c8e4ff
:10d1b800b9668125a38effdfffdfa34d8124b96502
:10d1c800c8e4c8e4c0e4c12590a25062f67affff23
:10d1d80054db4c9a1b571b167d3affffffffdf5e9f
:10d1e8007d3a1b151b151b1512f51b151b151b1559
:10d1f8001af51af50a92016cffff73ae6b4d630cba
:10d208002965d69ad69a2124738effff6b4d31a6d5
:10d218004208f7bea51329655acbffff738e39a7bd
:10d2280010824208ffff73ae6b4d630c42084a2917
:10d238004a294a294a2939e852abffffe71c422804
:10d2480042084a49422942294a4a31a700009cd249
:10d25800ef7d528a7bef4a494229422931a78c51f6
:10d26800fffffffff79e39e8420842086b6d738e97
:10d2780039e84a294a49210418c3ef7da5145acb35
:10d288006b6e420842294229422952aa52aa5acb15
:10d298005acb5acb5acb5acb4a49422942294a49f6
:10d2a80039c7084173aeffff5acb73af528a4209a0
:10d2b8004a294a294a294a294a294a294a294a29ce
:10d2c8004a294229422942294a2939e800215aeca7
:10d2d800ffff5aec73ae5acb422942294a492966c4
:10d2e800738effff42282104a534e71c2945420814
:10d2f8004a494a294a6a29660020c618ce79528abc
:10d308007bf042294a294a294a294a294a294a298d
:10d3180042294229422942294229422942294229ad
:10d328004a4918c32965ffff8430630c6b4d4208d6
:10d3380039c79cd3ffdfffdfbdf731a6ffdf9cd3e2
:10d3480021257bcf73ae39e742084a4a39c70841dd
:10d358006baeffff538a5ccb448834273c473c279d
:10d368003c28442843e93b4743089d73f7fedffc0c
:10d3780043a8442834473c4822e511c3b657ffff69
:10d38800ffffff1b8208c249c105c8e4c8e4c10504
:10d39800b1458186fe38ffbeffbef5f78145b12550
:10d3a800c104c8e4c104c12590a25061ee79ffff11
:10d3b80054db4c9a1b571b151b159dfbef9fffff5a
:10d3c800ffffdf5e7d3a1b151b151af51af51b15b5
:10d3d80012f512f50a92016cffff73ae6b4d630ce8
:10d3e8002966defbc617210494b2ffff528a422841
:10d3f80052aaffff8c713186630cffff632c39c77b
:10d4080010824208ffff73ae6b4d62ec42084a2956
:10d418004a294a294a4931a7c639ffff4a4939e802
:10d428004a494229422942294a4931a7000094b26f
:10d43800ef7d528a7bef4a494a4931a79cf3ffffa7
:10d448009cf38c51ffffbdd739c739e7ffffc638ba
:10d4580031a64a4a4a49212418c3ef5da5345acb5c
:10d468006b6e420842294a2939e82965318631a676
:10d4780031a631a63186296539e74a4942294a4900
:10d4880039c7002173aeffff5acb73af528a4209e6
:10d498004a294a294a294a294a294a294a294a29ec
:10d4a8004a29422942294a294a2939c800215aecdd
:10d4b800ffff5aec73af5acb42294a494a292965da
:10d4c800a534e71c31a63186d69abdd7294542082e
:10d4d800422942294a4a29660021c618ce79528a29
:10d4e8007bf042294a294a294a2942294a294a29b4
:10d4f8004a294229422942294229422942294229c4
:10d508004a4918e32965ffff8c51632c6b4d42088b
:10d518004a4939e74a49528a18e3ad55ef7d31a6a1
:10d52800d6baf79eef7dd6ba42284a4939c70021b4
:10d538006b8dffff4b8a5ccb448834473c273c27e4
:10d54800442844293b8743686c4dc6d8f7febef78c
:10d5580043883c2834273c4822e511c3b657ffffcf
:10d56800fffffefb8208c249c125c8e4c104b945d2
:10d5780088e4e575ffbeb3efb410ff9edd1488e3c1
:10d58800b945c104c104c12588a25061ee79ffffe5
:10d5980054db4c9a1b571b151b151b151af59dfbc5
:10d5a800ef9fffffffffdf5e7d3a1af51af51af5c8
:10d5b80012f512f50a92016cffff73ae6b4d630c06
:10d5c8002965d6bace7921259492ffff528a29453a
:10d5d80052aaffff738e18e39471ffff4228420896
:10d5e800108239e8ffff73ae6b4d630c42084a297d
:10d5f8004a294a294a4939e8ef7dc61831864a6ad4
:10d608004a29422942294a294a4931a700009cd37c
:10d61800ef7d528a7bef4a4a4208528affffc6389a
:10d62800296529669492ffffa5346b4dffff738e21
:10d6380039c74a494a49212418c3ef5da5145acb72
:10d648006b6e42084a494208630cc618bdf7bdf71d
:10d65800bdf7bdf7bdd7c6386b6e39e84a494a49a8
:10d6680039c8004173aeffff5acb73ae528a4229c4
:10d6780042294a294a294a294a294a294a294a2912
:10d688004a294229422942294a4939c808215aecdb
:10d69800ffff5aeb738e5aab4a294228630cef5da1
:10d6a800f7beffffe73ce73cffdff7beef7d7bcf30
:10d6b80031a74a294a4929660841c618ce79528aab
:10d6c8007bf042294a294a294a294a294a294229d2
:10d6d80042294229422942294229422942294229ea
:10d6e8004a4918e32965ffff8c51632c6b4d4208aa
:10d6f8004a294a49422931a65aebffff52aa8430e7
:10d70800ffff42284228ffff949239c739c80021f9
:10d718006b8dffff4b6a5cab448834473c27444819
:10d728003bc83b4874afd75af7fed77a6c8d33465f
:10d738003c083c4734473c4822e511c3b657ffff35
:10d74800fffffefb8208c249c125c0e4c12590c382
:10d75800d410ff9ed51479047924dd75ff9ed4106a
:10d7680090e4c145c904c12588a25041ee59ffff84
:10d7780054db4c9a1b5712f512f512f512f512d418
:10d7880012d49ddbef9fffffffff7d1912f512f505
:10d7980012f412f40a92016cffff73ae6b4d630c26
:10d7a8003186bdd7f79e39e75acbffffce59632c98
:10d7b800c618ffffa5346b4dffffad3439a74229ca
:10d7c800086239e8ffff73ae6b4d630c42084a29c3
:10d7d8004a294a294a4942284a694a4942294a293a
:10d7e80042294229422942294a4931a700009cd3ab
:10d7f800ef7d528a7bef4a6a39c76b4dffff9492df
:10d8080031a6528a39c7a514ffffffffdeda39e7d0
:10d818004a4942294a49212418c3ef5da5345acb05
:10d828006b6e42084a4939e86b4def5de71ce71c0f
:10d83800e71ce71cdefbef7e7bef39c74a494a4904
:10d8480039c7004173aeffff52ab73ae528a42290b
:10d8580042294a294a294a294a294a294a294a2930
:10d868004a294229422942294a4939c800215aec01
:10d87800ffff5aeb738e5aab4229422952aaa514cc
:10d88800ffdededb9cd3b596ffffbdd79cf35b0cb8
:10d8980039e84a294a4929650021c618ce79528aa9
:10d8a8007bef42294a294a294a294a294a294229f1
:10d8b8004229422942294229422942294229422908
:10d8c8004a4918c32965ffff8c51630c6b4d420808
:10d8d8004a294a294a4931a6defbbdf710a2bdf7fd
:10d8e800ce5939c739e7d69abdf739c739e8004163
:10d8f8006baeffff4b6a5cab446834273c483be7a0
:10d9080064acdffbf7fed75a6c4d32e63367442828
:10d918003c47344734473c4822e519c3b657ffff14
:10d92800fffffefb8208c249c125c904a8c3c34d35
:10d93800ff7dfd968124b166a9658965fe38ff7d66
:10d94800c34da8e3c925c12588824841ee59ffff88
:10d9580054db4c9a1b5712f512f512f512f512d436
:10d9680012d412d412d49ddbef9f7d1912d412f574
:10d9780012f512d40a92016cffff73ae6b4d630c63
:10d9880039c77bcfffff738e29657befe71cef7ddf
:10d99800ad559cd3f7bef7bead5542084a4942295a
:10d9a800106239e8ffff73af6b4d630c42084a29d8
:10d9b8004a294a294a4942085aeb5aec39e84a297d
:10d9c8004a294a294a2942294a4931a700009cd3b1
:10d9d800ef7d528a7bef4a4a39e85acbffffc638b7
:10d9e800318639e739e72945d699ffffb5952945a5
:10d9f8004a6942294a49212418c3ef5da5345acb04
:10da08006b6e420842294a29420831a739c739a70b
:10da180039c739a739c731c739e84a2942294a4994
:10da280039c7004173aeffff52ab738e528a420969
:10da38004a294a294a294a294a294a294a294a2946
:10da48004a294229422942294a4939c800215aec1f
:10da5800ffff5aeb738e52ab42294a49420831867e
:10da6800f7be8c7118c35acbffff528a212539e8bb
:10da7800422942294a4929650021c618ce79528a85
:10da88007bef42294a294a294a294229422942291f
:10da98004249422942294229422942294229422906
:10daa8004a4918c32965ffff8430632c6b4d42082f
:10dab8004a294a4931a69492ffff4a492965b595f2
:10dac800ce7929663186d69abdd739c7420808610a
:10dad8006baeffff538a5cab446834274448336617
:10dae8009e74d7da646c334733a7442944483c27eb
:10daf8003c473c473c273c4822e511c3b657ffff4b
:10db0800fffffefb8208c229c125c904b0e4aa4967
:10db1800f4f49986a925c125c124a125a1e7fd967c
:10db2800aa69b0e4c104b92588825041ee59ffffc3
:10db380054db4c9a1b5712f412f512f512d412d476
:10db480012d412d412d412d412d412d412d412d49d
:10db580012d412d40a92016cffff73ae6b4d630ca2
:10db6800422939e7defbf79e39e8294539c74208db
:10db780031a631a639e7420839a74a494a49420934
:10db8800108239e8ffff73ae6b4d630c42084a29d7
:10db98004a294a29420852abffffffff52aa42080e
:10dba8004a294a294a2942294a4931a700009cd3cf
:10dbb800ef7d528a7bef4a494a4939c7c638ffff89
:10dbc800bdd773ae8410d69affffce79ffff9cf3c2
:10dbd80039c74a494a49212418c3ef5da5145acbcd
:10dbe8006b6e42084a2942294a294a494a494a4900
:10dbf8004a494a494a494a494229422942294a49fd
:10dc080039e7004173aeffff5acb738e528a42291f
:10dc18004a294a294a294a2942294a294a294a296c
:10dc28004a294229422942294a4939c800215aeb3e
:10dc3800ffff5aeb738e52ab42094a4942085aeb2e
:10dc4800ffff738e29669492ffff4a494a494a4961
:10dc5800422942294a4929650040c618ce79528a84
:10dc68007bef42094a294a294a294229422942295d
:10dc78004229422942294229422942294229422944
:10dc88004a4918c32965ffff8430630c6b4d42086d
:10dc98004a49420852aaffff8c7131a639e77bcf67
:10dca800ffff630c630cffff7bcf39e739e808619e
:10dcb80073aeffff538a5cab446834273c283be8cb
:10dcc80043a83b673ba744493c483c473c473c4743
:10dcd8003c473c473c273c4822e511c3b636ffff8a
:10dce800fffffefb8208c249c125c0e4c104b0e4bd
:10dcf800a0a2b904c105c8e4c104c125b904a0a300
:10dd0800a8e4c104c0e4b92588825041f679ffff30
:10dd180054db4c9a1b5712d412f412d412d412d4d6
:10dd280012d412d412d412d412d412d412d412d4bb
:10dd380012d412d40a92016cffff73ae6b4d630cc0
:10dd4800420941e84a49ef7ef79e73ae422839e717
:10dd580042084a69630c42094a494a294a49422801
:10dd6800108239e7ffff73ae6b4d630c42084a29f6
:10dd78004a294a4942094a49e71ce73d4a494209b2
:10dd88004a294a294a2942094a4931a700009cd30d
:10dd9800ef7d4a6a7bcf4a49422942094229b59612
:10dda800ffffffffffffe71c738e31a6b5b6ffdf4d
:10ddb8006b4d39c74a6a210418c3ef5da5145acbc5
:10ddc8006b6e420842494a294a2942294229422976
:10ddd80042294229422942494229422942294a499b
:10dde80039e7004173aeffff52ab73ae528a422946
:10ddf8004a294a294a294a294a294a294a2942298b
:10de080042294229422942294a4939e800215aeb44
:10de1800ffff5aeb738e52ab42094a4941e8632c23
:10de2800d6bb528a31868c72bdf839c84a49422914
:10de3800422942294a4929650020c618ce79528ac2
:10de48007bf042294a2942294a494a494a494a49ca
:10de58004a494a494a494a494a494a294a294a2982
:10de68004a4918c32965ffff8430630c6b4d41e8ac
:10de78004a4931a79492c63839c74a494a4939c7e5
:10de8800ad75ffbfffbfad5531a74a2939c7084156
:10de98006baeffff538a5ccb448834273c273c2871
:10dea8003c07444844483c273c473c4734473c47a8
:10deb8003c473c473c273c4822e511c3b636ffffa8
:10dec800fffffefb8208c229c124c8e4c8e4c904d4
:10ded800c905c8e4c8e4c8e4c904c8e4c8e4c90575
:10dee800c904c8e4c104c12588825041ee59ffff26
:10def80054db4c9a1b5712d412d412d412d412d415
:10df080012d412d412d412d412d412b412d412d4f9
:10df180012d412d40a92016cffff73ae6b4d630cde
:10df280039e84a4939e74228c618fffff7bee73cf7
:10df3800e73dffdfef5d4a29420942294a294208a5
:10df4800108239e7ffff73ae6b4d630c42084a2914
:10df58004a294a294a29420842294a4942084a295b
:10df680042294a294a2942294a4931a700009cd313
:10df7800ef7d4a6a7bcf4a4942294a29422931a77b
:10df88004a495acb528a39c739c7422939e7422800
:10df9800424942084a49212418c3ef5da5145acbc7
:10dfa8006b6e4208424942294229422942294229a4
:10dfb80042294229422942294229422942294a49d9
:10dfc80039c8084173ceffff52aa73ae528a42295c
:10dfd8004a294a294a294a294a294a294a294229a9
:10dfe80042294229422942294a4939c808415aeb5b
:10dff800ffff5aeb738e52ab42094229422942086d
:10e0080039c74208422939e839e7422942294229d1
:10e01800422942294a4929650020c617ce79528ae1
:10e028007bd042294229422939e831a731a731a7b3
:10e0380031a731a731a731a731a742084a29422978
:10e048004a2918c32965ffff8430632c6b4d4208a9
:10e058004229422839e739c7422942294229422917
:10e0680039c7528a528a31a742094a4939c70041f9
:10e078006baeffff538a5cab448834473c473c4750
:10e088003c473c473c473c473c47344734473c4780
:10e098003c473c473c273c48230511c3b636ffffa5
:10e0a800fffffefb8208c208c124c8e4c8e4c8e434
:10e0b800c8e4c8e4c8e4c8e4c8e4c8e4c8e4c8e4f8
:10e0c800c8e4c8e4c104b92588825041ee79ffff4d
:10e0d80054db4c9a1b5712b312b312b312b312b3d8
:10e0e80012b312b312b312b312b3129312b312b320
:10e0f80012b312b30a92016cffff73ae6b4d630c3f
:10e10800420842294a49422831a752aa7bf08c7119
:10e1180084316b6d4a4942084a2942294a294208f2
:10e12800108239e7ffff73ae6b4d5aec42084a295b
:10e138004229422942294a29422942294a294a2967
:10e148004a294a294a2942294a4931a700009cd329
:10e15800ef7d4a6a7bcf4a29422942294a294a49fe
:10e168004229420842084a294a4942294a29422959
:10e17800422942294229212410a2ef5da51452ab5d
:10e188006b6e42084a2942294229422942294229da
:10e19800422942294229422942294a2942294a49ef
:10e1a80039c7084173afffff52aa738e528a4229ba
:10e1b8004a294a29422942294229422942294229ef
:10e1c800422942294a2942294a4939c808415aeb71
:10e1d800ffff5aec738e52ab420942294229422969
:10e1e8004a294229422942294a29422942294229bf
:10e1f800422942294a4929660841c617ce79528ad6
:10e208007bcf42294a4939c7738ee73ddedbdedb27
:10e21800dedbdedbdefbdedbe71c630c41e84a49c4
:10e228004a4918c32965ffff8430630c6b4d4208c7
:10e238004a29422942294a4942294229422942294e
:10e248004a49420842084a4942294a4939c70041cd
:10e258006b8dffff538a5cab448834473c473c478f
:10e268003c473c473c473c473c473c473c473c478e
:10e278003c473c473c273c4822e511c3b656ffffc4
:10e28800ffffff1c8208c229c125c0e4c8e4c8e416
:10e29800c8e4c8e4c8e4c8e4c8e4c8e4c8e4c8e416
:10e2a800c0e4c8e4c104b92588a25061ee79ffff33
:10e2b80054db4c9a135713571357133713561357e6
:10e2c80013571357133713361336133613371336ba
:10e2d800135713360a92016cffff73ae6b4d630c34
:10e2e8004208422942294a494a49420839c731a6bf
:10e2f80031a639c742084a29422942294a294228cf
:10e30800108239e7ffff73ae6b4d630c4208422958
:10e31800422942294229422942294229422942299d
:10e3280042294229422942294a4931a7002094b268
:10e33800ef7d4a6a7bcf4a4942294229422942292c
:10e34800422942294229422942294229422942296d
:10e35800422942294a49212410a3ef5da51452ab52
:10e368006b6e4209422942294229422942294229ff
:10e3780042294229422942294229422942294a4915
:10e3880039c8004173afffff52aa738e52ab4209de
:10e398004a294a294229422942294a2942294a29fd
:10e3a80042294229422942294a4939e800215aeb9f
:10e3b800ffff62ec738e52ab42094229420942299f
:10e3c80042294229422942294229422942294229ed
:10e3d800422942294a4929660020c617ce59528a3d
:10e3e8007bef4a294a494208632dbdf7b596b5b671
:10e3f800b596b596b596b596bdd75acb42084a2973
:10e408004a4918c32965ffff8430630c632d42080d
:10e418004a29422942294a2942294229422942298c
:10e4280042294a294a29422942294a4939c70041e9
:10e438006baeffff536a5cab448934273c273c270b
:10e4480034273c2734273427344734273c273c27b4
:10e458003c273c273c273c4822e511c3b656ffff22
:10e46800ffffff3c8208a9e7b125c125c105c125e9
:10e47800c105c105c105c125c105c104c105c12525
:10e48800c124c105c125a92578624861ee79ffff3d
:10e4980054db0ab30ad412d40ad30ab312b30ad388
:10e4a8000ad312d40ab30ab30ab30ab30ab30ab333
:10e4b8000ab30a920a0f0a0fffff73ae630c630ccc
:10e4c8004a494a4a4a494a494a494a494a6a4a6a69
:10e4d8004a6a4a4a4a494a494a494a494a6939c7ed
:10e4e800086139e7ffff73af62ec5acb42294a490a
:10e4f8004a494a494a494a494a494a494a494a497c
:10e508004a494a494a494a494a492965002094b230
:10e51800ef7d4a69738e4a494a494a494a494a49f4
:10e528004a494a494a494a494a494a494a494a494b
:10e538004a494a69422818e310a3ef5da5144a6abc
:10e548005aec42094a494a494a494a494a494a49c0
:10e558004a494a494a494a494a494a494a494a491b
:10e568002966002173afffff528a5aab420842293d
:10e578004a494a494a494a494a494a2942294a4943
:10e588004a494a494a494a494a49294500215aebd0
:10e59800ffff5aeb632c52ab4a294a494a494a4978
:10e5a8004a494a494a494a494a294a494a494a49eb
:10e5b8004a494a494a4921250841bdf7ce794a497d
:10e5c8006b4e42294a494a6a420831a739a739c7d6
:10e5d80031a731a731a731a731a642294a4a4a694a
:10e5e800420810a32965ffff8c515acb5aec420808
:10e5f8004a494a294a294a494a494a494a494a29db
:10e608004a294a294a294a494a494a6929660841f8
:10e6180073aeffff536a4c2a3c083c283c483c48f0
:10e628003c483c483c483c483c483c483c483c48c2
:10e638003c483c483c483c081aa419e3b656ffff3e
:10e64800ffffff9e8a8a78828820a062a862a8625b
:10e65800a862a862a862a862a862a862a862a86262
:10e66800a862a862a0828841684158e4ff1cffffa5
:10e67800c61752cb0a920a920a920a920a920a92f0
:10e688000a920a920a920a920a920a920a920a92a2
:10e698000a920a0f0a0f0a92ffffe6ba4208296592
:10e6a800212431862966296629662966296629660c
:10e6b800296629662966296629662966294518e38f
:10e6c800084152aaffff947231a7212529452966de
:10e6d80029662946296629662966296629662946fa
:10e6e8002966296629662966212518c30861ad753a
:10e6f800ffff528a39c720e42966296629662966f8
:10e708002966296629662966296629662966296689
:10e7180029663186210410a22945ffdfbdf739a7f4
:10e7280029452105296629662966296629662966f3
:10e7380029662966296629662966296629662125a2
:10e7480018c3004194b2ffff5aec212510a32104fd
:10e7580021252105210521242125212521252125c2
:10e768002125212521252125210418c30021738e67
:10e77800ffff6b6d318621052966296629662946c2
:10e7880029462946294629462946296629662966a9
:10e7980029663166210418c310a3d6bae71c39e8e4
:10e7a800316618c32945294629663166316631869e
:10e7b8003186318631863186318629662966296512
:10e7c80018e408624208ffffa53439c72945212506
:10e7d80029662966296629662966296529662966ba
:10e7e80029662946296629662966294518e30861a4
:10e7f80094b2ffff63ec1aa40a821b242345234525
:10e808002364234523451b641b441b4423441b6486
:10e818001b642345234512c312432225cef9ffff6b
:10e82800fffffffffffffffffffffffffffffffff0
:10e83800ffffffffffffffffffffffffffffffffe0
:10e84800ffffffffffffffffffffffffffffffffd0
:10e85800ffffffffffffffffffffffffffffffffc0
:10e86800ffffffffffffffffffffffffffffffffb0
:10e87800ffffffffffffffffffffffffffffffffa0
:10e88800ffffffffffffffffffffffffffffffff90
:10e89800ffffffffffffffffffffffffffffffff80
:10e8a800ffffffffffffffffffffffffffffffff70
:10e8b800ffffffffffffffffffffffffffffffff60
:10e8c800ffffffffffffffffffffffffffffffff50
:10e8d800ffffffffffffffffffffffffffffffff40
:10e8e800ffffffffffffffffffffffffffffffff30
:10e8f800ffffffffffffffffffffffffffffffff20
:10e90800ffffffffffffffffffffffffffffffff0f
:10e91800ffffffffffffffffffffffffffffffffff
:10e92800ffffffffffffffffffffffffffffffffef
:10e93800ffffffffffffffffffffffffffffffffdf
:10e94800ffffffffffffffffffffffffffffffffcf
:10e95800ffffffffffffffffffffffffffffffffbf
:10e96800ffffffffffffffffffffffffffffffffaf
:10e97800ffffffffffffffffffffffffffffffff9f
:10e98800ffffffffffffffffffffffffffffffff8f
:10e99800ffffffffffffffffffffffffffffffff7f
:10e9a800ffffffffffffffffffffffffffffffff6f
:10e9b800ffffffffffffffffffffffffffffffff5f
:10e9c800ffffffffffffffffffffffffffffffff4f
:10e9d800ffffffffffffffffffffffffffffffff3f
:10e9e800ffffffffffffffffffffffffffffffff2f
:10e9f800ffffffffffffffffffffffffffffffff1f
:020000040000fa
:020000040001f9
:10ea080080b485b000af78600b46fb700023fb60d4
:10ea18000be0fa6813469b0013445b0019467b68b9
:10ea28005a1c7a601b780b44fb60fb785a1efa70fc
:10ea3800002beed1fb6818461437bd465df8047b01
:10ea480070472de9f04fbfb008af0346fb73fb7b5f
:10ea5800013b042b02f25f8401a252f823f000bfad
:10ea68007dea010039f20100fdfb0100a10402006a
:10ea78001d0b0200514b1b7883f00103dbb2002b06
:10ea880049d0002005f08ffe002301934ff6ff7355
:10ea980000931023f0220021002006f036f900230d
:10eaa800019340f2ff730093502373221421002036
:10eab80006f02bf9002301934ff6e07300935023df
:10eac8007b221421752006f020f9002301934ff4ce
:10ead800fc630093502373226821002006f015f987
:10eae800002301934ff48263009350237b22682113
:10eaf800752006f00af9002301934ff61b73009363
:10eb08006423f022bc21002006f0fff82b4b0122e1
:10eb18001a7002f0f7bb00200af0faf8274b5a687f
:10eb2800274b9b689a4200f003830af0cbf904f064
:10eb380089fd05f05ffa08f019fa01200af0e8f8f3
:10eb48000af044f90423a7f85e301d4b5b7803f5ff
:10eb5800fa631b4a92781046194ad2781646184a20
:10eb68001279ba60164a52797a60154a927907f191
:10eb78005e0106927a680592ba680492039602903a
:10eb88000193104b009300234ff6ff723c2005f0d1
:10eb98009eff0423a7f85e30094b1b7b002b19d07e
:10eba800074b1b7b012b07d0054b1b7b022b01d18d
:10ebb800054b10e0054b0ee0054b0ce0ec01002086
:10ebc800680a0020384e0200584e0200644e0200c7
:10ebd800704e0200b84b07f15e010193b74b0093ea
:10ebe80000234ff6ff72be2005f071ff1823a7f827
:10ebf8005e3007f15e01b24b0093002340f2ff72d2
:10ec08000f2005f064ffb7f85e300c3b9bb2a7f805
:10ec18005e3007f15e01ab4b009300234ff6e072c4
:10ec2800912005f054ffa84bd3f884303233a74a1b
:10ec380082fb03125211db17d31a07f15e0101930d
:10ec4800a34b0093002340f2ff72052005f03fff1d
:10ec5800b7f85e300c3b9bb2a7f85e309d4bd3e90a
:10ec68000a2307f15e01cde902239b4b00930023a1
:10ec78004ff6e0727d2005f02aff934bd3f88830d9
:10ec88003233924a82fb03125211db17d31a07f16f
:10ec98005e010193914b0093002340f2ff7205201f
:10eca80005f015ffb7f85e300c3b9bb2a7f85e3055
:10ecb800884bd3e9082307f15e01cde90223884b8d
:10ecc800009300234ff6e0727d2005f000ff7e4b95
:10ecd800d3f88c3003f5fa73824a82fb031292113f
:10ece800db17d31a07f15e0101937f4b00930023d2
:10ecf80040f2ff72052005f0eafeb7f85e300c3be3
:10ed08009bb2a7f85e30794b1b8807f15e0101932f
:10ed1800774b009300234ff6e0727d2005f0d7fe75
:10ed2800744b1b881e4609f0b5ff034607f15e01c8
:10ed380002930196704b0093002340f2ff72052066
:10ed480005f0c5fe07f15e016c4b009300234ff4fc
:10ed5800fc620f2005f0bbfeb7f85e300c3b9bb29f
:10ed6800a7f85e3007f15e01654b009300234ff46e
:10ed78008262912005f0abfe564b1b68614a82fb0c
:10ed880003121213db17d11a524b1a685d4b83fb1f
:10ed980002031813d317c31a42f2107000fb03f3cf
:10eda800d31a002bb8bf5b4207f15e0002930191b2
:10edb800554b009300234ff4fc620146052005f0f3
:10edc80086feb7f85e300c3b9bb2a7f85e304f4b1f
:10edd8009b78002b0ad007f15e014d4b009300236e
:10ede8004ff482627d2005f072fe0de0474b93f9e7
:10edf800003007f15e010193464b009300234ff466
:10ee080082627d2005f063fe324b5b683d4a82fbdf
:10ee180003121213db17d11a2e4b5a68394b83fb96
:10ee280002031813d317c31a42f2107000fb03f33e
:10ee3800d31a002bb8bf5b4207f15e000293019121
:10ee4800354b009300234ff4fc620146052005f082
:10ee58003efeb7f85e300c3b9bb2a7f85e302b4bfa
:10ee6800db7807f15e0101932c4b009300234ff4ec
:10ee780082627d2005f02bfe164b1b6907f15e01af
:10ee88000193274b009300234ff4fc62052005f003
:10ee98001efeb7f85e300c3b9bb2a7f85e30214be4
:10eea8001b78022b44d01f4b1b78032b01d11e4b20
:10eeb8003fe01e4b3de000bf7c4e0200844e020046
:10eec800884e0200984e0200e00300201f85eb5197
:10eed800a44e0200300a0020b84e0200cc4e0200b8
:10eee800e04e0200d34d6210f44e0200540500209b
:10eef800044f020050050020144f0200244f020066
:10ef0800344f0200ad8bdb68444f020060000020e4
:10ef1800544f0200644f0200784f02008c4f0200e9
:10ef2800a44f020000000020b44f0200b84f0200b6
:10ef3800b04b07f15e010193af4b009300234ff4f0
:10ef480082627d2005f0c3fdac4b7b66c023a7f829
:10ef58005e3007f15e01aa4b009300234ff61b7247
:10ef6800552005f0b4fd07f15e01a64b0093002380
:10ef78004ff61b72052005f0aafdb7f85e300c3b72
:10ef88009bb2a7f85e3007f15e01022301939e4b06
:10ef9800009300234ff61b727d2005f098fd4ff07b
:10efa80000024ff00003c7e93423002387f8cf306d
:10efb80019e097f8cf20914913469b001344db00d2
:10efc8000b440c331b6800221c461546d7e9342332
:10efd80012eb040843eb0509c7e9348997f8cf30e9
:10efe800013387f8cf3097f8cf30012be1d9d7e933
:10eff800342341f2883112eb010a43f1000b42f24b
:10f0080010724ff00003504659460df095f902462c
:10f018000b4613463b6607f15e017c4b00930023c9
:10f028004ff61b72052005f052fdb7f85e300c3b19
:10f038009bb2a7f85e303b6e754aa2fb03235909c1
:10f048003a6e734ba3fb02035b09642000fb03f3d6
:10f05800d31a07f15e00029301916e4b00930023cf
:10f068004ff61b7201467d2005f031fd07f15e0168
:10f07800694b009300234ff61b72052005f027fd0e
:10f08800b7f85e300c3b9bb2a7f85e307b6e9b886e
:10f098005f4aa2fb03235b099bb218467b6e9b88e1
:10f0a8005b4aa2fb03125209642101fb02f29b1a7c
:10f0b8009bb21c467b6edb88554aa2fb03235b0987
:10f0c8009bb21d467b6edb88514aa2fb0312520994
:10f0d800642101fb02f29b1a9bb207f15e010493c3
:10f0e8000395029401904d4b009300234ff61b7239
:10f0f800692005f0ecfc4ff49673a7f85e30484b96
:10f108001b881a46464b5b881846454b9b881c460d
:10f11800434bdb8807f15e0104930394029001924c
:10f12800404b009300234ff61f02052005f0cffc4b
:10f138003d4b9b683d4a53604ff47a6340f6d86272
:10f148004ff47a6140200af0dbfc0346002b0ad01a
:10f15800364b00221a70354b02221a72334b0022aa
:10f168005a6002f0cfb840f68c2340f26c724ff42c
:10f17800e16140200af0c4fc0346002b0ad02b4b67
:10f1880000221a70294b03221a72284b00225a6057
:10f1980002f0b8b84ff4e1634ff42f724ff47a617c
:10f1a80040200af0adfc0346002b0ad01f4b00227a
:10f1b8001a701e4b04221a721c4b00225a6002f06d
:10f1c800a1b840f68c2340f26c724ff47a6140f299
:10f1d8006c700af095fc0346002b02f09380134be9
:10f1e80000221a70114b05221a72104b00225a6025
:10f1f80002f088b8bc4f0200c04f02000c03002088
:10f20800d04f0200e04f0200ec4f0200f04f020026
:10f218001f85eb51005002000c5002001c500200e8
:10f228004405002034500200680a0020ec01002048
:10f23800984b1b7883f00103dbb2002b6ed00f20b4
:10f2480005f0b1fa944b0f229a80934b00229a70e2
:10f25800012301930023009314233c220021002062
:10f2680005f053fd0623a7f85c3007f15c018b4bd2
:10f27800009300234ff6ff721b2005f028fc0123a2
:10f2880001934ff6e073009314233c2200213c20a5
:10f2980005f03bfd0623a7f85c3007f15c01804bc5
:10f2a80000934ff6e0730022512005f010fc012373
:10f2b80001934ff4fc63009314233c22002178202f
:10f2c80005f023fd0623a7f85c3007f15c01754bb8
:10f2d80000934ff4fc634ff478428d2005f0f7fb60
:10f2e800012301934ff62053009314233c2200215d
:10f2f800b42005f00afd0623a7f85c3007f15c018d
:10f30800694b00934ff6205340f2ff72c62005f078
:10f31800defb604b01221a7001f0f6bf5d4b5a68a4
:10f32800624b9b689a4200f0038109f0cbfd1e23d3
:10f33800a7f85a305d4b5b7803f5fa635b4a92781d
:10f3480010465a4ad2781446584a12791546574aee
:10f3580052791646554a927907f15a01069205964e
:10f368000495039402900193514b00930f234ff49b
:10f37800fc62002005f0abfb4c4b93f9003007f121
:10f388005a0101934b4b00930f234ff4fc6200206a
:10f3980005f09dfb454b5b7803f5fa6398b2434b48
:10f3a8009978424bda78414b1b7904f065f90346aa
:10f3b800002b01d0404b00e0404b07f15a0101936c
:10f3c8003f4b00930f234ff4fc62002005f07ffbb6
:10f3d800364b1b7b002b0dd0344b1b7b012b07d0ee
:10f3e800324b1b7b022b01d1364b04e0364b02e03b
:10f3f800364b00e0364b7b6707f15a017b6f019370
:10f40800344b00930f234ff4fc62002005f05ffba0
:10f41800314b5b7b03f5fa632f4a927b10462e4ae9
:10f42800d27b14462c4a127c15462b4a527c16462f
:10f43800294a927c07f15a0106920596049503948d
:10f4480002900193254b00930f234ff4fc62002098
:10f4580005f03dfb204b1b781a461f4b5b78134485
:10f468001d4a927813441c4ad27813441a4a1279d6
:10f478001344194a52791344002b33d107f15a0126
:10f48800174b00930f234ff4fc62002005f01ffb7d
:10f498004ae000bfec010020680500205c50020033
:10f4a800605002006450020068500200680a0020a0
:10f4b8007050020098500200a4500200b84f020099
:10f4c800a8500200b4500200c4500200d4500200f8
:10f4d800e4500200f4500200400000200c510200e9
:10f4e80038510200b34b1b7803f5fa63b14a5278de
:10f4f8001046b04a92781446ae4ad2781546ad4abc
:10f5080012791646ab4a527907f15a0106920596c6
:10f518000495039402900193a74b00930f234ff493
:10f52800fc62002005f0d3faa44b9b68a44a536000
:10f538000cf0d4f8a34b5b78012b40f08f82822328
:10f54800a7f8583007f158019f4b00930f234ff449
:10f55800fc62002005f0bbfa3c23a7f8cc3000235e
:10f56800a7f8ca30c7e08223a7f85830974b1b7812
:10f578001a46b7f8ca30934202d14ff4784300e0f4
:10f588000f23a7f86830b7f8ca300d2b12d8b7f890
:10f59800ca308f4ad35c1a46b7f8683007f1580169
:10f5a800b7f8cc0001928b4a00924ff4fc6205f048
:10f5b8008efa2fe0b7f8ca300e2b10d1864b1b7885
:10f5c8001a46b7f8683007f15801b7f8cc0001922d
:10f5d800824a00924ff4fc6205f079fa1ae0b7f813
:10f5e800ca300e2b16d9b7f8ca30102b12d8b7f874
:10f5f800ca300f3b7a4ad35c1a46b7f8683007f12d
:10f608005801b7f8cc000192724a00924ff4fc629c
:10f6180005f05dfab7f8cc300633a7f8cc30b7f868
:10f62800ca30032b03d0b7f8ca30052b13d1822375
:10f63800a7f8583007f15801b7f8cc00694b009388
:10f648000f234ff4fc6205f042fab7f8cc300633ca
:10f65800a7f8cc304ae0b7f8ca30072b13d1822379
:10f66800a7f8583007f15801b7f8cc005e4b009363
:10f678000f234ff4fc6205f02afab7f8cc300633b2
:10f68800a7f8cc3032e0b7f8ca30092b03d0b7f866
:10f69800ca300b2b13d18223a7f8583007f1580131
:10f6a800b7f8cc00514b00930f234ff4fc6205f0e0
:10f6b8000efab7f8cc300633a7f8cc3016e0b7f816
:10f6c800ca300d2b12d18223a7f8583007f1580100
:10f6d800b7f8cc00444b00930f234ff4fc6205f0bd
:10f6e800f6f9b7f8cc300633a7f8cc30b7f8ca30fb
:10f6f8000133a7f8ca30b7f8ca30102b7ff633affa
:10f708003b4b9b883b2b03d83a4b37221a70a5e119
:10f71800002387f8c9309ce197f8c92013469b005d
:10f7280013445b00274a134406333b67304b1a885f
:10f738003b6f1b889a42c0f087812d4b1a883b6f1c
:10f748005b889a4280f08081294b5a883b6f9b885e
:10f758009a42c0f07981264b5a883b6fdb889a42df
:10f7680080f07281234b1a78184b1b789a4200f06c
:10f778006b81134b5b680133114a53603b6f1b7af3
:10f788002f2b4dd93b6f1b7a392b49d80f4b1b7840
:10f798000d2b31d83b6f1b7a0c4a1278303bd9b20b
:10f7a8000b4b9954094b1b780133dab2074b1a708b
:10f7b8004de000bf4000002054510200680a0020bc
:10f7c800ec0100206805002080510200080a002092
:10f7d8000c0a00208c5102001a0a002094510200e1
:10f7e8001c0a0020985102009c510200a0510200fe
:10f7f800440500201e0a0020b24b1b78102b26d887
:10f808003b6f1a7aaf4b1b780f3b303ad1b2ae4af6
:10f81800d154ac4b1b780133dab2aa4b1a7016e0fc
:10f82800a84b1b780e2b13d13b6f1b7a2d2b03d0c3
:10f838003b6f1b7a2b2b0bd1a24b1b780133dab20f
:10f84800a04b1a703b6f1a7aa04b1a7000e000bfe9
:10f858009c4b1b78112b40f0b4803b6f1b7a3e2bde
:10f8680040f0af809a4b9b781a46920013445b0095
:10f87800dab2974bdb78134487f86f30944b1b79d7
:10f888001a46920013445b00dab2914b5b79134439
:10f8980087f86e308e4b9b791a46920013445b00b2
:10f8a800dab28b4bdb79134487f86d30884b1b7abf
:10f8b8001a46920013445b00dab2854b5b7a134414
:10f8c80087f86c30824b9b7a1a46920013445b008f
:10f8d800dab27f4bdb7a134487f86b307c4b1b7ba7
:10f8e8001a46920013445b00dab2794b5b7b1344ef
:10f8f80087f86a308223a7f85830734b1b781a466a
:10f90800920013445b00dab26f4b5b781344dbb2ae
:10f9180087f8c8306d4b1b782d2b05d197f8c83068
:10f928005b42dbb287f8c83097f86c4097f86d20d7
:10f9380097f86e1097f86f0097f86a30019397f868
:10f948006b300093234602f0aef80346002b2dd00f
:10f9580097f9c83013f10c0f28db97f9c8300e2b34
:10f9680024dc07f158015b4b00930f234ff4fc6232
:10f97800cc2005f0acf8584a97f8c830137097f8bf
:10f988006c4097f86d2097f86e1097f86f0097f80d
:10f998006a30019397f86b300093234609f0ccfa4c
:10f9a80003460321184609f0fbfa48e007f158011d
:10f9b8004a4b00930f234ff47842cc2005f087f888
:10f9c8003de0404b1b78022b0ad93b6f1b7a3c2b3e
:10f9d80006d13c4b1b78013bdab23a4b1a702ee049
:10f9e8003b6f1b7a782b2ad1022387f8c73009e0ae
:10f9f80097f8c730364a0021d15497f8c7300133f9
:10fa080087f8c73097f8c7300d2bf1d92d4b022254
:10fa18001a708223a7f8563007f15601304b00932d
:10fa28000f234ff4fc62002005f051f82d4b022201
:10fa38001a722d4b00225a702a4b58225a60214bb9
:10fa48001a782a4b1a7009e097f8c930013387f8f9
:10fa5800c93097f8c9300f2b7ff65eae4ff47a6342
:10fa680040f674624ff4657164200af049f8034661
:10fa7800002b0dd01b4b00221a701a4b01221a7250
:10fa8800194b00225a70174b00225a6001f03cbcf7
:10fa98004ff47a6340f6746240f28c714ff47e70d2
:10faa8000af02ef80346002b22d00e4b00225a6093
:10fab8000d4b5b7883f00103dab20b4b5a7001f0ff
:10fac80023bc00bf080a00201c0a00201a0a0020d4
:10fad8000c0a0020a4510200680a0020ac51020060
:10fae800b4510200ec010020680500201e0a002025
:10faf8004ff47a6340f6746240f684314ff4fe6046
:10fb080009f0feff0346002b2bd0864b00225a60db
:10fb18008223a7f8543007f15401834b00930f2335
:10fb28004ff4fc62002004f0d2ff804b01225a708f
:10fb38007f4b00221a767d4b00221a707b4b0022e5
:10fb48009a707c4b5b78012b41f0de83754b022267
:10fb58001a72784b00225a70724b59225a6001f07f
:10fb6800d3bb4ff47a6340f6746240f67c7140f67a
:10fb7800e83009f0c5ff0346002b01f0c583694b47
:10fb880000225a608223a7f852306b4b1b78002b57
:10fb980016d007f15201694b00930f234ff4fc6212
:10fba800002004f094ff614b00225a705f4b002242
:10fbb8001a705f4b00221a735c4b00229a7009e09e
:10fbc80007f152015e4b00930f234ff47842002057
:10fbd80004f07dff574b5b78012b41f09583514b27
:10fbe80002221a72534b00225a704e4b59225a6005
:10fbf80001f08abb4ff6ff73a7f88e30494b1b788c
:10fc080083f00103dbb2002b00f0a680494b4ff4d0
:10fc180048729a80474b00229a70464b9b88184638
:10fc280004f0c1fd01230193002300931423302223
:10fc38000021002005f069f80623a7f8503007f1e5
:10fc48005001404b009300234ff6ff72122004f03e
:10fc58003eff012301934ff6e073009314233022f3
:10fc68000021302005f051f80623a7f8503007f19d
:10fc78005001354b00934ff6e07300223c2004f00e
:10fc880026ff012301934ff4fc63009314233022d1
:10fc98000021602005f039f80623a7f8503007f155
:10fca80050012a4b00934ff4fc634ff478426c20c8
:10fcb80004f00dff012301934ff620530093142302
:10fcc80030220021902005f020f80623a7f85030b4
:10fcd80007f150011e4b00934ff6205340f2ff727c
:10fce8009c2004f0f4fe012301934ff47843009321
:10fcf800142330220021c02005f007f80623a7f8b6
:10fd0800503007f15001134b00934ff478434ff6ee
:10fd1800ff72cc2004f0dbfe024b01221a7001f0c6
:10fd2800f5ba00bfec010020e4510200c809002028
:10fd3800400000206805002000000020105202004a
:10fd4800385202005c500200645202006c520200f9
:10fd5800745202007c520200a94b5a68a94b9b6856
:10fd68009a4265d009f0aef81e23a7f84e30a64b8c
:10fd78009c88a64b1b68a64a82fb03121213db174a
:10fd8800d11aa24b1a68a24b83fb02031813d3178c
:10fd9800c31a42f2107000fb03f3d31a002bb8bf4a
:10fda8005b42b7f88e2007f14e0002930191994b00
:10fdb800009323460146002004f089fe924b9c885c
:10fdc800924b5b68924a82fb03121213db17d11a1b
:10fdd8008e4b5a688e4b83fb02031813d317c31a32
:10fde80042f2107000fb03f3d31a002bb8bf5b423a
:10fdf800b7f88e2007f14e0002930191864b0093cd
:10fe080023460146002004f062fe7f4b98887f4b12
:10fe18001b69b7f88e2007f14e0101937f4b0093c1
:10fe28000346002004f053fe764b9b68744a5360e7
:10fe38000bf054fc744b5b78012b40f01e8282233c
:10fe4800a7f84c303c23a7f8c430754b1b78013b0e
:10fe580087f88d30734a07f1400307ca83e8070023
:10fe680097f88d309b00d03307f10802134453f8fc
:10fe7800983cc7f8883097f88d306b4a1344c7f818
:10fe88008430614b988897f88d30684a52f833303f
:10fe9800b7f88e2007f14c0100930346002004f0c8
:10fea80016fe97f88d30614adb0013449b88a7f84b
:10feb800c4300023a7f8c23083e08223a7f84c306f
:10fec800d7f884301b781a46b7f8c230934202d06c
:10fed8004d4b9b8801e04ff47843a7f87a30b7f888
:10fee800c230002b12d197f88d30514ad35c1c4692
:10fef800b7f87a30b7f88e2007f14c01b7f8c4008c
:10ff080001944c4c009404f0e2fd27e097f88d3002
:10ff1800494ad35c1a46b7f8c23093421ed28223ac
:10ff2800a7f84c30002387f87930b7f8c230013b86
:10ff3800d7f8882013441b7887f8793097f87930f8
:10ff4800b7f87a40b7f88e2007f14c01b7f8c4002b
:10ff580001933a4b0093234604f0b9fdb7f8c43037
:10ff68000633a7f8c430364a07f13c031268114635
:10ff780019800233120c1a70b7f8c23097f88d2026
:10ff8800d03207f108010a4412f99c2c934213d18c
:10ff98008223a7f84c301c4b9b88b7f88e2007f1ba
:10ffa8004c01b7f8c400274c009404f090fdb7f852
:10ffb800c4300633a7f8c430b7f8c2300133a7f805
:10ffc800c23097f88d301c4ad35c1a46b7f8c23055
:10ffd8009a42bff672af1c4b9b883b2b05d897f80b
:10ffe8008d301a4a3721d15447e197f88d30124a9b
:10fff800d35c87f88330002387f8c13038e100bf2d
:020000040002f8
:10000800ec010020680a002068050020300a002062
:10001800ad8bdb68845202009c520200b45202008d
:10002800f801002058540200fc010020f0090020cb
:10003800200a002094510200240a00208c5102005a
:1000480064540200c452020044050020280a00201b
:1000580097f8c12013469b0013445b00ad4a134434
:100068000633fb67ac4b1a88fb6f1b889a42c0f0bb
:10007800fa80a94b1a88fb6f5b889a4280f0f3805c
:10008800a54b5a88fb6f9b889a42c0f0ec80a24b24
:100098005a88fb6fdb889a4280f0e58097f88d30ac
:1000a8009e4ad25cd7f884301b789a4200f0db80f5
:1000b8009b4b5b6801339a4a5360fb6f1b7a2f2b6b
:1000c80024d9fb6f1b7a392b20d8d7f884301b78ba
:1000d80097f883209a4235d9d7f884301b78002bbb
:1000e80030d0fb6f1a7ad7f884301b78013bd7f8e9
:1000f80088100b44303ad2b21a70d7f884301b7883
:100108000133dab2d7f884301a701be0d7f884309c
:100118001b78002b17d1fb6f1b7a2d2b03d0fb6f9d
:100128001b7a2b2b0fd1d7f884301b780133dab226
:10013800d7f884301a7097f88d30fa6f117a794aa7
:10014800d15400e000bfd7f884301b7897f883209b
:100158009a4243d1fb6f1b7a3e2b3fd197f88330ed
:10016800013bdbb21946d7f88800fef749fcc7f80f
:10017800bc0097f88d306c4a52f83330d7f8bc2061
:100188009a420bdd634b9b8807f14c01674a00924a
:100198004ff47842cc2004f09afc5ce097f88d305c
:1001a800604ad35c2d2b04d1d7f8bc305b42c7f82a
:1001b800bc3097f88d305c4adb0013445b68d7f895
:1001c800bc201a60534b9b8807f14c01584a009297
:1001d8004ff4fc62cc2004f07afc3ce0d7f8843081
:1001e8001b78002b0cd0fb6f1b7a3c2b08d1d7f85f
:1001f80084301b78013bdab2d7f884301a702ae0d1
:10020800fb6f1b7a782b26d197f883301a4600218a
:10021800d7f888000cf00efa97f88d30414a2b2158
:10022800d154d7f8843000221a7082237b87394b47
:100238009b88b7f88e2007f13a013e4800900020cd
:1002480004f045fc364b00221a70324b00225a70db
:10025800334b58225a6097f88d30d7f8842011789c
:100268002e4ad15409e097f8c130013387f8c130dc
:1002780097f8c1300f2b7ff6ebae4ff47a6340f658
:1002880074624ff44b71402009f03afc0346002b8e
:1002980010d0234b00221a70214b01221a721d4bd9
:1002a80000225a70244b00221a701d4b00225a60fb
:1002b80001f02cb84ff47a6340f674624ff4cb61c6
:1002c8004ff4537009f01cfc0346002b36d01a4b30
:1002d8001b78022b03d0184b1b78032b0ad1104b29
:1002e80000221a700b4b5b78002b0ad1094b0122b4
:1002f8005a7006e0074b5b7883f00103dab2054bce
:100308005a70074b00225a600b4b01221a7000f0fa
:10031800fdbf00bf6805002044050020280a002012
:10032800ec010020200a0020d8090020ac5102006e
:10033800a4510200b4510200f80100204ff47a637e
:1003480040f6746240f684114ff4cf6009f0d8fb90
:100358000346002b21d07f4b1b78012b03d07d4b0c
:100368001b78032b0ad17c4b00221a707b4b5b78dd
:10037800002b0ad1794b01225a7006e0774b5b7843
:1003880083f00103dab2754b5a70734b00225a603e
:10039800704b02221a7000f0b9bf4ff47a6340f62e
:1003a80074624ff44b6140f6a41009f0a9fb0346b0
:1003b800002b21d0674b1b78012b03d0654b1b7892
:1003c800022b0ad1644b00221a70644b5b78002b15
:1003d8000ad1624b01225a7006e0604b5b7883f0c9
:1003e8000103dab25d4b5a705b4b00225a60594bdd
:1003f80003221a7000f08abf4ff47a6340f67462e1
:100408004ff47a614ff44d6009f07afb0346002bf4
:1004180000f07c8782233b87514b1b78002b0bd144
:100428004e4b9b8807f138014e4a00924ff47842b0
:10043800642004f04cfb24e0494b9b684a4a82fb49
:1004480003129211db17d31a484a1360444b1b69f5
:10045800454a82fb03129211db17d31a434a5360b1
:100468003f4b1b8c1bb21a46404b1a613b4b9b8877
:1004780007f138013e4a00924ff4fc62642004f010
:1004880026fb364b00225a70334b00225a60314b00
:1004980004221a7000f03abf4ff61b73a7f89e307b
:1004a8002d4b1b7883f00103dbb2002b68d02b4b5c
:1004b8000b229a80294b9b88184604f074f9012373
:1004c800019300230093142330220021002004f01c
:1004d8001cfc0623fb8607f13601264b00930023fc
:1004e8004ff6ff72122004f0f2fa012301934ff63f
:1004f800e0730093142330220021302004f005fc1f
:100508000623fb8607f136011b4b00934ff6e07379
:1005180000223c2004f0dbfa012301934ff4fc6332
:100528000093142330220021602004f0eefb062300
:10053800fb8607f13601114b00934ff4fc634ff42f
:1005480078426c2004f0c3fa034b01221a7000f0c1
:10055800dfbe00bff8010020ec0100206805002084
:1005680000000020c8520200d34d6210300a00205b
:10057800d85202005c500200e0520200e852020029
:10058800bc4b5a68bc4b9b689a4200f05f8208f0eb
:1005980099fc1e23bb86b94bc7f89830b84b98888e
:1005a800d7f898305b78b7f89e2007f134010193ab
:1005b800b44b00930346052004f089fab04b9888a1
:1005c800d7f898301b8c1c46d7f8983093f822300f
:1005d8001d46d7f8983093f823301e46d7f8983040
:1005e80093f82430bb60d7f8983093f825307b60b7
:1005f800d7f8983093f82630b7f89e2007f13401e1
:1006080006937b680593bb6804930396029501944f
:100618009d4b00930346052004f059fabb8e0c331a
:100628009bb2bb86964b9b8807f13401974a009290
:100638004ff47842052004f04afa914b9888d7f88d
:1006480098309b88924aa2fb03235b099bb21c4605
:10065800d7f898309b888e4aa2fb0312520964216e
:1006680001fb02f29b1a9bb2b7f89e2007f13401f6
:1006780002930194874b00930346052004f027fa60
:100688007f4b9888d7f89830db88814aa2fb0323f0
:100698005b099bb21c46d7f89830db887c4aa2fbe2
:1006a80003125209642101fb02f29b1a9bb2b7f8ac
:1006b8009e2007f1340102930194774b009303467f
:1006c800052004f004fabb8e0c339bb2bb866c4b3e
:1006d8009b8807f13401714a00924ff47842052053
:1006e80004f0f5f9664b9888d7f898301b896c4a5e
:1006f800a2fb0323db089bb21c46d7f898301a8963
:10070800674ba3fb0213d9080b469b000b445b0005
:10071800d31a9bb2b7f89e2007f1340102930194d3
:10072800604b00930346052004f0d1f9544b988898
:10073800d7f898305b89564aa2fb03235b099bb222
:100748001c46d7f898305b89514aa2fb031252091c
:10075800642101fb02f29b1a9bb2b7f89e2007f1b5
:10076800340102930194504b00930346052004f092
:10077800aef9d7f89830db6803f59c5308334b4a39
:10078800a2fb03235b0bc7f894303d4b9c88d7f83a
:1007980094303f4aa2fb03235909d7f894203c4bd5
:1007a800a3fb02035b09642000fb03f3d31ab7f829
:1007b8009e2007f13400029301913d4b009323469c
:1007c8000146052004f083f9bb8e0c339bb2bb862f
:1007d8002b4b9b8807f13401364a00924ff478423c
:1007e800052004f074f9264b9888d7f898301b8aae
:1007f8002b4aa2fb0323db089bb21c46d7f8983090
:100808001a8a274ba3fb0213d9080b469b000b44fb
:100818005b00d31a9bb2b7f89e2007f1340102930c
:100828000194254b00930346052004f050f9144b1e
:100838009888d7f898305b8a154aa2fb03235b098e
:100848009bb21c46d7f898305b8a114aa2fb031268
:100858005209642101fb02f29b1a9bb2b7f89e2051
:1008680007f13401029301940f4b009303460520ce
:1008780024e000bfec010020680a00200c030020df
:1008880068050020ec520200fc5202000c500200e5
:100898001f85eb51285302003c53020054530200b9
:1008a800cdcccccc64530200785302005917b7d191
:1008b8008c530200a0530200b053020004f007f961
:1008c800d7f898305b690533874aa2fb0323db0816
:1008d800c7f89030854b9c88d7f89030844aa2fba3
:1008e80003235909d7f89020814ba3fb02035b0926
:1008f800642000fb03f3d31ab7f89e2007f13400f5
:10090800029301917b4b009323460146052004f096
:10091800def8bb8e0c339bb2bb86744b9b8807f109
:100928003401754a00924ff47842052004f0cff85c
:100938006e4b9888d7f898301b8b6b4aa2fb032321
:10094800db089bb21c46d7f898301a8b664ba3fb82
:100958000213d9080b469b000b445b00d31a9bb2c9
:10096800b7f89e2007f1340102930194634b00937a
:100978000346052004f0abf85c4b9888d7f898300c
:100988005b8b5b4aa2fb03235b099bb21c46d7f82f
:1009980098305b8b564aa2fb03125209642101fb73
:1009a80002f29b1a9bb2b7f89e2007f1340102931a
:1009b8000194534b00930346052004f088f8d7f8b8
:1009c8009830db690533484aa2fb0323db08c7f8e4
:1009d8009030464b9c88d7f89030454aa2fb0323b9
:1009e8005909d7f89020424ba3fb02035b09642006
:1009f80000fb03f3d31ab7f89e2007f134000293e3
:100a080001913c4b009323460146052004f05ff812
:100a1800364b9b883b4a128810463a4a52881446fd
:100a2800384a92881546374ad28807f13401049229
:100a3800039502940190344a00924ff61f02052054
:100a480004f045f8314b9b68314a53604ff47a63a0
:100a580040f674624ff44b71402009f051f8034698
:100a6800002b0dd02a4b00221a70294b01221a7232
:100a78001e4b00225a70264b00225a6000f048bcd8
:100a88004ff47a6340f674624ff4cb614ff45370bd
:100a980009f036f80346002b0bd0144b5b7883f033
:100aa8000103dab2114b5a70194b00225a6000f058
:100ab8002fbc4ff47a6340f6746240f684114ff409
:100ac800cf6009f01df80346002b00f02184074b86
:100ad8005b7883f00103dab2044b5a700c4b0022a6
:100ae8005a6000f015bc00bfcdcccccc6805002006
:100af8001f85eb51c4530200d8530200b0530200c3
:100b0800785302004405002034500200680a00208f
:100b1800ec0100204ff61b73a7f8b430be4a07f16a
:100b280030031268114619800233120c1a70bb4b3d
:100b38001b7883f00103dbb2002b6bd0b84b0b2280
:100b48009a80b74b01229a70b54b9b88184603f0e0
:100b58002afe012301930023009314233c22002141
:100b6800002004f0d2f80623fb8507f12e01ad4bd7
:100b7800009300234ff6ff721b2003f0a8ff012308
:100b880001934ff6e073009314233c2200213c208c
:100b980004f0bbf80623fb8507f12e01a24b009356
:100ba8004ff6e0730022422003f091ff01230193e6
:100bb8004ff4fc63009314233c220021782004f0b6
:100bc800a4f80623fb8507f12e01984b00934ff4f8
:100bd800fc634ff478427e2003f079ff01230193f0
:100be8004ff62053009314233c220021b42004f034
:100bf8008cf80623fb8507f12e018d4b00934ff6e9
:100c0800205340f2ff72b72003f061ff834b0122ab
:100c18001a707fe3814b5a68864b9b689a4237d09b
:100c280008f050f91e23bb857d4b9b88b7f8b4208c
:100c380007f12c01f12001907f480090052003f076
:100c480046ff774b9b88b7f8b42007f12c017b4807
:100c580001907b480090052003f039ff704b9b887a
:100c6800b7f8b42007f12c01764801907648009037
:100c7800052003f02cff6a4b9b88b7f8b42007f1d6
:100c88002c017248019072480090052003f01fff64
:100c98000af024fd8723a7f8ba300223a7f8b23058
:100ca800b7f8ba30a7f8b8305d4b5b78012b40f045
:100cb800ed81684a07f1200307ca83e80700664afe
:100cc80007f1140307ca83e80700644b1b78013b4c
:100cd80087f8b13097f8b130d03307f108021344e0
:100ce80013f8a83c87f8b03097f8b03027335c4a3f
:100cf80082fb03121211db17d31a9bb27b827b8a09
:100d0800a7f8b8307b8a1a469b00d31a9b009ab280
:100d1800b7f8ba3013449bb224339bb27b827b8ae8
:100d2800a7f8ba3097f8b1309b00d03307f1080222
:100d3800134453f8b83cc7f8ac3097f8b1309b006f
:100d4800d03307f10802134453f8c43cc7f8a8305d
:100d580097f8b130434a1344c7f8a430424b9b88f4
:100d68003b2b05d897f8b130404a0021d15453e1c4
:100d7800002387f8b7304ae197f8b72013469b005d
:100d880013445b00a033264a13440633c7f8a03047
:100d9800354b1a88d7f8a0301b889a42c0f03281a8
:100da800314b1a88d7f8a0305b889a4280f02a81a4
:100db8002d4b5a88d7f8a0309b889a42c0f02281e0
:100dc800294b5a88d7f8a030db889a4280f01a81dc
:100dd80097f8b130254ad25cd7f8a0301b7a9a42ee
:100de80000f00881d7f8a0301b7a0e2b50d10c4b9d
:100df8001b78002b3cd00a4b00221a700023019369
:100e08004ff6ff7300931a23162240f20d110120aa
:100e180003f07bffeee000bf68540200ec01002005
:100e2800680500205c500200ec530200f8530200f1
:100e380004540200680a002010540200bd08002073
:100e48001c540200e5080020285402000d09002067
:100e58003c5402006c54020078540200ff01002048
:100e68006766666600020020440500202c0a002000
:100e7800af4b01221a70002301934ff4784300937b
:100e88001a23162240f20d11012003f03effb1e0b3
:100e9800d7f8a0301b7a3e2b2fd1a64b00221a7010
:100ea800a34b00225a70a24b00221a70a14b0022b9
:100eb8005a6097f8b0301a46d7f8ac10d7f8a8009f
:100ec8000bf0d9fa0346002b00f0948097f8b03065
:100ed8001a46d7f8ac10d7f8a8000bf067fb97f8bc
:100ee800b130954a32f81330184697f8b0301a46a0
:100ef800d7f8a81007f0e0fd7ce0d7f8a0301b7aff
:100f08003c2b16d1d7f8a4301b78002b72d0d7f819
:100f1800a4301b78013bdab2d7f8a4301a70d7f89e
:100f2800a4301b781a46d7f8ac30134400221a7044
:100f380060e0d7f8a0301b7a7f2b28d1d7f8a430ef
:100f48001b78002b56d097f8b0301a460021d7f8f6
:100f5800ac000bf06ffbd7f8a43000221a70744b6a
:100f680098887b8a033b99b2b7f8b8301a46520082
:100f780013449b009ab27b8a13449bb20f339bb2f3
:100f880000930b46ef22002103f029fc32e0d7f84a
:100f9800a4301b781a4697f8b030013b9a4229daf8
:100fa800d7f8a0301b7a87f8b630614b1b78002b36
:100fb8000ed0d7f8a0301b7a602b09d9d7f8a0300b
:100fc8001b7a7a2b04d897f8b630203b87f8b630ce
:100fd800d7f8a4301b781a46d7f8ac30134497f8e2
:100fe800b6201a70d7f8a4301b780133dab2d7f8d4
:100ff800a4301a7097f8b130d7f8a020117a4f4a68
:10100800d15409e097f8b730013387f8b73097f82b
:10101800b730362b7ff6b0ae454b9a88d7f8a43058
:101028001b78184697f8b030013b07f1120102937c
:101038000190434b009313464ff47842c62003f0c7
:1010480046fd7b8a033b99b2b7f8b8301a4652007e
:1010580013449b009bb203339bb2002201924ff6cc
:10106800e0720092ef22002003f04ffe304b9c8884
:10107800b7f8b42007f11201b7f8b200d7f8ac30ce
:101088000193304b0093234603f021fd4ff47a631c
:1010980040f674624ff44b71402008f031fd03466e
:1010a800002b12d0284b00221a70224b00221a70f3
:1010b800204b01221a721e4b00225a701c4b002230
:1010c8001a701c4b00225a6024e14ff47a6340f6f0
:1010d800746240f28c714ff47e7008f011fd034683
:1010e800002b5bd0134b00225a60174b1b78012b47
:1010f8002cd00f4b5b78002b28d00d4b9888b7f875
:10110800ba300f3b99b2b7f8b8301a4652001344b8
:101118009b009ab2b7f8ba3013449bb20f339bb214
:1011280000930b46ef22002103f059fb32e000bf89
:1011380068050020ec010020845402002c0a0020dd
:101148004c54020054540200ff010020744b5b7899
:10115800002b18d0724b9888b7f8ba300f3b99b269
:10116800b7f8b8301a46520013449b009ab2b7f841
:10117800ba3013449bb20f339bb200930b46ef2255
:10118800002103f02cfb664b5b7883f00103dab295
:10119800634b5a70634b01221a70bbe04ff47a63b9
:1011a80040f6746240f684314ff4fe6008f0a8fc03
:1011b8000346002b4cd05c4b00225a60594b1b78dd
:1011c800022b1dd0564b5b78002b19d0544b9888b6
:1011d800b7f8ba300f3b99b2b7f8b8301a46520090
:1011e80013449b009ab2b7f8ba3013449bb20f333a
:1011f8009bb200930b46ef22002103f0f0fa23e0a4
:10120800474b5b78002b18d0454b9888b7f8ba3015
:101218000f3b99b2b7f8b8301a46520013449b00f6
:101228009ab2b7f8ba3013449bb20f339bb200930b
:101238000b46ef22002103f0d2fa394b5b7883f09a
:101248000103dab2364b5a70364b02221a7061e04b
:101258004ff47a6340f6746240f67c7140f6e830e9
:1012680008f04efc0346002b54d02f4b00225a6046
:101278002c4b1b78032b1dd0294b5b78002b19d0e6
:10128800274b9888b7f8ba300f3b99b2b7f8b830ff
:101298001a46520013449b009ab2b7f8ba30134466
:1012a8009bb20f339bb200930b46ef22002103f051
:1012b80096fa23e01a4b5b78002b18d0184b9888c5
:1012c800b7f8ba300f3b99b2b7f8b8301a4652009f
:1012d80013449b009ab2b7f8ba3013449bb20f3349
:1012e8009bb200930b46ef22002103f078fa0c4bd7
:1012f8005b7883f00103dab2094b5a70094b032279
:101308001a7007e000bf06e000bf04e000bf02e07b
:1013180000bf00e000bf00bfdc37bd46bde8f08f6e
:0c13280068050020ff010020ec010020ff
:020000040000fa
:020000040002f8
:1013340080b485b000af78600023fb810023bb81bb
:101344002ee0fb897a6813441b780d2b05d0fb89aa
:101354007a6813441b780a2b12d1bb89002b1bd04b
:10136400bb89013b7a6813441b78202b14d0bb89ba
:101374005a1cba811a467b68134420221a700be067
:10138400fb897a681a44bb89591cb98119467b6860
:101394000b4412781a7000e000bffb890133fb8113
:1013a400fb897a6813441b78002bcad1bb89002bb4
:1013b40009d0bb89013b7a6813441b78202b02d1e6
:1013c400bb89013bbb81bb897a68134400221a7034
:1013d40000bf1437bd465df8047b704790b585b0f7
:1013e40000af78603960396878680af0b1fef86057
:1013f400fb68002b14d038680bf0e6f8b860fa6884
:10140400bb68d418fa68bb68134418460bf0dcf8c0
:10141400034601331a46214678680af0dffd00e0ee
:1014240000bf1437bd4690bd80b588b000aff860ea
:10143400b9601346fb71b968f8680af089fe7861ef
:101444007b69002b01d1002335e07b69fb6100231c
:10145400fb7611e0fb691b780d2b0ad1fb69013384
:101464001b780a2b05d1fb7e0133fb76fb69013324
:10147400fb61fb690133fb61fb691b78002b04d022
:10148400fa7efb795b009a42e4dbfa7efb795b002f
:101494009a4201da00230ee0fa697b69d31a3b61b0
:1014a4003a697969f8680af099fdfa683b69134466
:1014b40000221a70012318462037bd4680bd80b52e
:1014c40084b002af78603960002003f06ef97b6865
:1014d40000221a803b680193064b009300234ff4cb
:1014e40078427968412003f0f4fa00bf0837bd461a
:1014f40080bd00bfc094020080b58eb000aff8601c
:10150400b9607a60bb681968bb685b791a46786809
:10151400fff78affbb681b6819467868fff75eff10
:101524007868fff705ffbb681b6818460bf04cf89a
:1015340078637b6b002b02d07b6b013b7b63bb68c6
:101544001b687b624ff6e0733b8500237b857b68d9
:10155400fb624ff4fc633b8600237b8607f1240285
:101564000223f968012003f063fb00bf3837bd464e
:1015740080bd80b584b000af7860202178680bf01e
:1015840065f8f860fb68002b18d0fb680133fb603a
:101594000d21f8680bf05af8b860bb68002b0fd027
:1015a400bb6800221a70f8680bf00ef8034601338a
:1015b4001a46f96878680af011fd02e000bf00e0fd
:1015c40000bf1037bd4680bd80b485b000af7860e1
:1015d4000023fb600de0fa6813469b0013445b0094
:1015e4001a467b681b78303b1344fb607b680133ed
:1015f4007b607b681b782f2b03d97b681b78392b86
:10160400e9d9fb6818461437bd465df8047b70477a
:1016140080b487b000af786000237b610de07a6905
:1016240013469b0013445b001a467b681b781344e3
:10163400303b7b617b6801337b607b681b782f2b9d
:1016440003d97b681b78392be9d97b691c4a02fbd7
:1016540003f37b617b681b782e2b29d17b680133d4
:101664007b6000233b61174bfb6012e07b681b78b7
:10167400303b1a46fb6802fb03f33a6913443b61af
:10168400fb68114aa2fb0323db08fb607b68013380
:101694007b607b681b782f2b06d97b681b78392be2
:1016a40002d8fb68002be1d17a693b6913447b6162
:1016b4007b6918461c37bd465df8047b704700bf44
:1016c4008096980040420f00cdcccccc80b483b03f
:1016d40000af0346fb71fb79dbb203f00303dbb21b
:1016e400002b0cd1fb79dbb2124aa2fb0312520984
:1016f400642101fb02f29b1adbb2002b0fd1fb79b0
:10170400dbb21a460b4b83fb0213d911d317cb1a46
:101714004ff4c87101fb03f3d31a002b01d1012349
:1017240000e00023dbb218460c37bd465df8047bad
:10173400704700bf1f85eb5180b582b000af0346f0
:101744000a46fb711346bb71fb79dbb2022b09d14c
:10175400bb79dbb21846fff7b9ff0346002b01d073
:101764001d2304e0fb79dbb2013b034ad35c18463a
:101774000837bd4680bd00bf3095020080b485b0f7
:1017840000af0346fb710b46bb7113467b71fb79bb
:101794009bb203f5fa63fb81bb79022b94bf01234f
:1017a4000023dbb21a46fb899b1afb81fb89fa8969
:1017b400920892b21344fa891249a1fb0212520907
:1017c40092b29b1afa890f49a1fb0212d20992b272
:1017d4001344ba79013a0c498a5c1a447b791a4455
:1017e4000a4b83fb021313449910d317c91a0b46ef
:1017f400db005b1ad11acbb218461437bd465df82c
:10180400047b70471f85eb51cc0900209324499237
:1018140080b584b000af03460a46fb711346bb8013
:10182400fb79dbb2ba8892b2d2b211461846fff7fe
:1018340083ff0346bb73bb7bfb7310e0bb889bb287
:10184400dbb2fa79d1b2fa7b1846fff797ff034669
:10185400002b01d1fb7b06e0fb7b013bfb73fb7b95
:10186400002bebd1012318461037bd4680bd90b53f
:1018740085b000af0446084611461a462346fb715c
:101884000346bb710b467b7113463b71fb79dbb29c
:1018940019460320fff7bcff0346fb73fb79dbb259
:1018a40019460a20fff7b4ff0346bb73bb79dbb2ca
:1018b400032b05d9bb79dbb2092b01d8012330e016
:1018c400bb79dbb2032b13d17b79dbb2fa7b9a426f
:1018d40001d2012325e07b79dbb2fa7b9a4205d160
:1018e4003b79dbb2002b01d001231ae0002318e07e
:1018f400bb79dbb20a2b13d17b79dbb2ba7b9a4278
:1019040001d901230de07b79dbb2ba7b9a4205d180
:101914003b79dbb2002b01d1012302e0002300e07c
:10192400002318461437bd4690bd90b583b000af70
:101934000446084611461a462346fb710346bb710a
:101944000b467b7113463b71fb79d8b2bb79d9b294
:101954007b79dab23b79dbb2fff789ff0346002bd0
:1019640004d03b7e0133dbb25bb201e097f918305f
:1019740018460c37bd4690bdb0b588b002aff860cc
:10198400b9607a603b603b681b78dbb21cb2fb68d1
:101994001b78d8b2bb681b78d9b27b681b78dab2e3
:1019a4003b681b78ddb297f9283000932b46fff78c
:1019b400bcff03462344fb82b7f91630172b34ddf2
:1019c400fb8a183b9bb2fb827b681b78dbb201333a
:1019d400dab27b681a707b681b78dcb2bb681b7850
:1019e400dab2fb681b78dbb219461046fff7a4fe97
:1019f40003469c4251d97b6801221a70bb681b784c
:101a0400dbb20133dab2bb681a70bb681b78dbb295
:101a14000c2b42d9bb6801221a70fb681b78dbb21d
:101a24000133dab2fb681a7037e0b7f91630002bcd
:101a340033dafb8a18339bb2fb827b681b78dbb2f8
:101a4400013bdab27b681a707b681b78dbb2002b2f
:101a540023d1bb681b78dbb2013bdab2bb681a70d6
:101a6400bb681b78dbb2002b09d1bb680c221a704f
:101a7400fb681b78dbb2013bdab2fb681a70bb6807
:101a84001b78dab2fb681b78dbb219461046fff705
:101a940053fe03461a467b681a70fb8adab23b6827
:101aa4001a7000bf1837bd46b0bd90b583b000af03
:101ab4000446084611461a462346fb710346bb7189
:101ac4000b467b7113463b71bb79002b02d0bb796b
:101ad4000c2b01d900231fe03b79172b01d90023dc
:101ae4001ae03b7e3b2b01d9002315e03b7f3b2bc7
:101af40001d9002310e07b79002b0ad0fa79bb7955
:101b040011461846fff718fe03461a467b7993429e
:101b140001d9002300e0012318460c37bd4690bdcf
:101b2400b0b588b002af786039600023fb757b687c
:101b34003b61c8e0fb7d112b00f2b38001a252f897
:101b440023f000bf911b0200a11b0200b11b020085
:101b5400c11b0200d11b0200e11b0200ef1b0200ab
:101b6400f91b0200071c0200111c0200211c0200c8
:101b7400311c0200411c0200511c0200611c0200c5
:101b84006f1c02007d1c02008b1c02003869fff7e9
:101b94001bfd0346dab23b681a707ee03869fff732
:101ba40013fd0346dab23b685a7076e03869fff7f2
:101bb4000bfd0346dab23b689a706ee03869fff7b2
:101bc40003fd0346dab23b68da7066e03869fff772
:101bd400fbfc0346dab23b681a715ee03869fff732
:101be40017fd02463b689a6057e03b691a783b68e8
:101bf4001a7352e03869fff70bfd02463b681a611d
:101c04004be03b691a783b681a7546e03869fff780
:101c1400dbfc03461a463b689a613ee03869fff7ed
:101c2400d3fc03461a463b68da6136e03869fff7ad
:101c3400cbfc03469ab23b681a842ee03869fff75e
:101c4400c3fc03469ab23b685a8426e03869fff71e
:101c5400bbfc03469ab23b689a841ee03869fff7de
:101c6400d7fc02463b689a6217e03869fff7d0fc5c
:101c740002463b68da6210e03869fff7c9fc0246a5
:101c84003b681a6309e03869fff79efc0346dab241
:101c94003b6883f8342000bf03e002e03b69013372
:101ca4003b613b691b78002b03d03b691b782c2bd1
:101cb400f4d13b691b78002b0bd03b6901333b61aa
:101cc400fb7d0133fb753b691b78002b7ff432af3e
:101cd40000e000bf3b689a69444ba3fb02135b0915
:101ce400642101fb03f3d31afb733b689b693f4aee
:101cf400a2fb03235a093d4ba3fb02135b09642196
:101d040001fb03f3d31abb733b689b69384aa2fbfc
:101d140003235b0b7b733b68db69354aa2fb03231c
:101d24005b0b3b733b68db69304aa2fb03235a0914
:101d34002e4ba3fb02135b09642101fb03f3d31aab
:101d4400fb723b68da69294ba3fb02135b0964212c
:101d540001fb03f3d31abb723c7b7a7bb97bf87b20
:101d6400bb7a0193fb7a00932346fff79efe03465a
:101d7400002b37d01f4afb7b13701e4abb7b53706a
:101d84001c4a7b7b93701b4a3b7bd370194afb7aba
:101d94001371184abb7a53713b681b78002b1ed011
:101da400154b93f900300093144b154a154911480b
:101db400fff7e2fd0f4b18780e4b59780d4b9c78ca
:101dc4000c4bdd780b4b1b790a4a52790192009334
:101dd4002b46224607f0b2f80346064a9360054ba9
:101de40001221a7300bf1837bd46b0bd1f85eb51e1
:101df4005917b7d140000020680a00204300002092
:101e04004200002041000020b0b58ab002af7860e3
:101e14007b681b78a3f1300213469b0013445b00dc
:101e24001a467b6801331b78303b1344fb617b68a3
:101e340003331b78a3f1300213469b0013445b0069
:101e44001a467b6804331b78303b1344bb617b68c0
:101e540006331b78a3f1300213469b0013445b0046
:101e64001a467b6807331b78303b13447b617b68dd
:101e740009331b78a3f1300213469b0013445b0023
:101e84001a467b680a331b78303b13443b617b68fa
:101e94000c331b78a3f1300213469b0013445b0000
:101ea4001a467b680d331b78303b1344fb607b6818
:101eb4000f331b78a3f1300213469b0013445b00dd
:101ec4001a467b6810331b78303b1344bb60fb69b4
:101ed400d8b2bb69d9b27b69dcb23b69ddb2fb68bd
:101ee400dbb2ba68d2b2019200932b462246fff7c6
:101ef400dcfd0346002b2fd0fb69dab2184b5a7372
:101f0400bb69dab2164b9a737b69dab2144bda7393
:101f14003b69dab2124b1a74fb68dab2104b5a748a
:101f2400bb68dab20e4b9a74fb69d8b2bb69d9b2fa
:101f34007b69dcb23b69ddb2fb68dbb2ba68d2b262
:101f4400019200932b46224606f0f8ff0346044a0a
:101f54005361034b01221a7600bf2037bd46b0bd42
:101f64004000002080b584b000af786022217868fa
:101f74000af06cfbf860fb68002b18d0fb68013397
:101f8400fb602221f8680af061fbb860bb68002b93
:101f94000fd0bb6800221a70f8680af015fb0346dc
:101fa40001331a46f96878680af018f802e000bfad
:101fb40000e000bf1037bd4680bd80b584b000afdf
:101fc400f860b9607a603e4b9b78022b37d0022bc5
:101fd40072dc002b02d0012b21d06de0384b0022a3
:101fe4001a708022002137480af026fbf968364827
:101ff40004f046f801228021324806f0d5fa012186
:10200400012006f017fb7b684ff47a7202fb03f39e
:10201400184606f09ff92a4b01229a704ce02b4b8c
:102024001b78dbb2002b46d00121002006f002fb16
:10203400264b00221a70224b02229a703be0204b5e
:102044005b78012b04d10222b9681e48fff7ecf932
:10205400b9681c48fff7c2f9194b5b78012b12d100
:102064001848fff765f91748fff77cff1548fff795
:10207400cbfe06f0d3ff164b1b7e002b17d0104b64
:1020840001221a7013e00e4b5b78002b0fd10d4820
:10209400fff76ffa0f490b48fff742fd06f0beff4a
:1020a4000b4b1b7b002b02d0054b01221a70044bf7
:1020b40000229a7000e000bf00bf1037bd4680bd0b
:1020c400c809002068000020c094020057050020c1
:1020d400400000200000002080b582b000af1f4bfc
:1020e400db78042b2fd11e4b5b78022b2dd0fa23e7
:1020f400fb801c4b1b7b012b02d14ff4fa73fb803a
:10210400174b5b78002b02d0012b0ed022e0fb880a
:102114001a4615491548fff750ff114b1b78002b41
:1021240015d00f4b02225a7011e0fb881a46104951
:102134000f48fff742ff0a4b1b78002b09d0084bce
:1021440000225a7005e000bf04e000bf02e000bfb7
:1021540000e000bf0837bd4680bd00bf3800002046
:10216400c8090020680a0020c4940200e094020018
:10217400f094020080b584b000af786007f10803e2
:102184000a22194678680af07ffa0346fb73124b59
:1021940000229a70fb7b1f2b08d8fb7b5b00dbb211
:1021a400713bdbb25ab20c4b1a7002e00a4b0122ab
:1021b4009a70bb681b782c2b0ad1bb6801330a22a6
:1021c400002118460af060fa0346dab2024b5a704c
:1021d40000bf1037bd4680bd6000002080b584b0cc
:1021e40000af786007f10c030a22194678680af0f8
:1021f4004bfa0346dab20a4b1a71fb681b782c2b94
:102204000ad1fb6801330a22002118460af03cfa7d
:102214000346dab2024bda7000bf1037bd4680bd08
:102224006000002080b584b000aff860b9607a60c7
:102234002d4b9b78022b37d0022b50dc002b02d085
:10224400012b21d04be0284b00221a708022002160
:1022540026480af0f1f9f968254803f011ff012234
:102264008021224806f0a0f90121012006f0e2f9bc
:102274007b684ff47a7202fb03f3184605f060fea4
:10228400194b01229a702ae01a4b1b78dbb2002bff
:1022940024d00121002006f0cdf9164b00221a703b
:1022a400114b02229a7019e0b9681048fff796f8aa
:1022b4000d4b5b78002b03d10c48fff75bff06e066
:1022c400094b5b78012b02d10848fff787ff064bc7
:1022d40000229a70044b01221a7000e000bf00bf74
:1022e4001037bd4680bd00bf5c000020e800002020
:1022f400c0940200dd03002080b582b000af1c4b07
:10230400db78042b29d11b4b1b7b002b27d04ff4ec
:10231400fa63fb80184b5b78002b02d0012b0ed0a4
:1023240022e0fb881a4615491548fff77bff124b3c
:102334001b78002b15d0104b01225a7011e0fb883a
:102344001a4610491048fff76dff0b4b1b78002b02
:1023540009d0094b00225a7005e000bf04e000bf19
:1023640002e000bf00e000bf0837bd4680bd00bfeb
:1023740038000020680a00205c000020fc94020061
:102384005c9302000c9502006493020080b586b051
:1023940002af78603960234b1b79002b02d0012bec
:1023a40017d03ae01f4b00225a701f497868fff794
:1023b40086f801228021386806f0f6f80121012010
:1023c40006f038f9194805f023ff164b01221a715b
:1023d40023e00c23fb8107f10e013b680193144bae
:1023e400009300234ff4fc62012002f072fb114bb6
:1023f4001b78dbb2002b0fd00121002006f01af964
:102404000c4b00221a70074b00221a71054b012253
:102414005a707b6800221a8000bf00bf1037bd4687
:1024240080bd00bf380000202095020040787d0167
:10243400c09402005605002080b586b000aff86055
:10244400b9607a607b681a68364b1b78db001344ea
:102454007b61344b1b79022b41d0022b5edc002bb9
:1024640002d0012b2ed059e02e4b1b78002b08d123
:102474002c4b00225a707b689b681946f868fff75a
:102484001ef880220021b8680af0d6f87b691b6820
:102494001946254803f0f4fd7b691b791a46234b42
:1024a40002fb03f3184605f0b3fe01228021b8684d
:1024b40006f07af80121012006f0bcf8194b01223c
:1024c4001a712be01a4b1b78dbb2002b25d00121ab
:1024d400002006f0aff8134b02221a711de0ba680f
:1024e4007969f868fff708f80e4b1b780133dab204
:1024f4000c4b1a700b4b1a787b681b799a4208d1e3
:10250400084b01225a70074b00221a70fb68002204
:102514001a80044b00221a7100e000bf00bf183774
:10252400bd4680bd38000020c094020040420f0028
:102534005605002080b500af244bdb78042b3cd03b
:10254400224bdb78032b3fd801a252f823f000bfc3
:10255400652502007d25020097250200b1250200b1
:102564001b491c48fff712ff184b5b78002b26d041
:10257400164b0122da7022e0174a15491548fff775
:102584005bff124b5b78002b1bd0104b0222da70de
:1025940017e0124a0e490f48fff74eff0b4b5b78ca
:1025a400002b10d0094b0322da700ce00c4b0122f3
:1025b4001a72064b0422da7006e000bf04e000bf82
:1025c40002e000bf00e000bf80bd00bf3800002073
:1025d4006c01002068010020b0090020bc09002023
:0425e400ec010020e6
:020000040000fa
:020000040002f8
:1025e80090b583b000af78600b46fb701c4b4ff47e
:1025f8008062c3f89420fb781bb243f480731ab24c
:102608004ff0864392b25a8400bf4ff08643db698d
:1026180003f01003002bf8d100bf4ff086431b7e58
:10262800dbb203f00103002bf7d04ff08644fb78b0
:102638001946786803f07efc0346a36200bf4ff09a
:1026480086431b7edbb203f00203002bf7d0044b5a
:102658004ff48062c3f8982000bf0c37bd4690bd88
:102668000080004190b585b000af78600b46fb70e4
:102678000023fb60214b4ff48062c3f89420fb7861
:102688009bb201339bb21bb2dbb21bb243f4807323
:102698001ab24ff0864392b25a8400bf4ff0864375
:1026a800db6903f01003002bf8d100bf4ff086431d
:1026b8001b7edbb203f00103002bf7d04ff08644fa
:1026c800fb781946786803f035fc0346a36200bf1f
:1026d8004ff086431b7edbb203f00403002bf7d0d8
:1026e8004ff086439b6afb60044b4ff48062c3f84b
:1026f8009820fb6818461437bd4690bd00800041fd
:1027080080b485b000af78600b46fb700023fb6097
:102718001d4b4ff48062c3f89420fb781bb243f43e
:1027280080731ab24ff0864392b25a8400bf4ff0ba
:102738008643db6903f01003002bf8d100bf4ff08c
:1027480086431b7edbb203f00103002bf7d04ff06a
:1027580086427b68936200bf4ff086431b7edbb2e4
:1027680003f00403002bf7d04ff086439b6afb600d
:10277800054b4ff48062c3f89820fb68184614375d
:10278800bd465df8047b70470080004180b483b08b
:1027980000af0346fb71fb7963f07f03dbb2184699
:1027a8000c37bd465df8047b704790b585b000af27
:1027b8000346fb71154b1b781a46fb799a4220d0c9
:1027c800fb79012b01d1124c01e04ff4e604732090
:1027d800fff7dcff03462343fb600321f868fff79c
:1027e80041ff03460421184603f0a4fb034603f007
:1027f8001003102b0cbf01230023dab2034b1a700d
:1028080000e000bf1437bd4690bd00bfe0030020c4
:102818000010730080b500af0c4b1b78002b02d062
:102828000020fff7c2ff5020fff7b0ff0346012149
:102838001846fff717ff03460221184603f07afbf4
:102848000346dab2014b9a7000bf80bde003002056
:1028580080b500af0a4b5b78002b0ed1084b1b7874
:10286800002b02d00020fff7a0ff02210548fff748
:10287800f9fe034b01225a7000e000bf80bd00bf83
:10288800e0030020b600600090b585b000af0346b5
:102898000a46fb711346bb71214bdb78fa799a42e1
:1028a80004d11f4b1b79ba799a4234d01c4b1b7840
:1028b80083f00103dbb2002b02d00120fff775ff84
:1028c800fb799a02bb791b0242ea03047520fff7e1
:1028d8005dff0346234343f4ea03fb600321f868e2
:1028e800fff7c0fe03460421184603f023fbb86037
:1028f800bb689b08dbb203f00703dab2084bda7057
:10290800bb6803f00103002b14bf01230023dab2d4
:10291800034b1a7100e000bf1437bd4690bd00bfdd
:10292800e003002090b585b000af0346fb710b466d
:10293800bb7113467b71284b5b79fa799a4209d1ae
:10294800254b9b79ba799a4204d1234bdb797a7962
:102958009a423cd0204b1b7883f00103dbb2002b5a
:1029680002d00120fff721fffb795a03bb799b02b4
:102978001a437b791b0242ea03047420fff706ff1f
:102988000346234343f4e803fb600321f868fff799
:1029980069fe03460421184603f0ccfab860bb6808
:1029a8005b09dbb203f00703dab20b4b5a71bb6861
:1029b8009b08dbb203f00703dab2074b9a71bb68d6
:1029c800dbb203f00303dab2034bda7100e000bfb5
:1029d8001437bd4690bd00bfe003002090b585b018
:1029e80000af03460a46fb711346bb71214b5b7a65
:1029f800fa799a4204d11f4b1b7aba799a4234d099
:102a08001c4b1b7883f00103dbb2002b02d00120a2
:102a1800fff7cbfebb799a03fb791b0242ea03045a
:102a28007220fff7b3fe0346234343f4e403fb603d
:102a38000321f868fff716fe03460421184603f041
:102a480079fab860bb68dbb203f00703dab2094b66
:102a58005a72bb689b0903f00103002b14bf0123c2
:102a68000023dab2034b1a7200e000bf1437bd46e8
:102a780090bd00bfe003002090b585b000af0346cd
:102a8800fb710b46bb7113467b71334b9b7afa790a
:102a98009a4209d1304b1b7bba799a4204d12e4b0a
:102aa800db7a7a799a4253d02b4b1b7883f0010357
:102ab800dbb2002b02d00120fff777fefb791a0367
:102ac8007b791b0242ea03047120fff75ffe03468d
:102ad800234343f4e203fb600321f868fff7c2fdd8
:102ae80003460421184603f025fab860bb68dbb238
:102af80003f00f03dab2184bda72bb681b0903f054
:102b08000103002b14bf01230023dab2124b9a727f
:102b1800bb79dc027020fff739fe0346234343f4f8
:102b2800e003fb600321f868fff79cfd03460421de
:102b3800184603f0fff9b860bb68db0803f001032f
:102b4800002b14bf01230023dab2034b1a7300e0f1
:102b580000bf1437bd4690bde003002090b585b096
:102b680000af78600023fb730023bb730fe0bb7bcf
:102b78007a6813441a78bb7b2a490b445b7b9a42d8
:102b880009d1fb7b0133fb73bb7b0133bb73bb7b7d
:102b9800092becd900e000bffb7b092b3dd0214b72
:102ba8001b7883f00103dbb2002b02d00120fff772
:102bb800fcfd00237b732ce07b7bc3f16d031a04bf
:102bc8007b7bc3f1090319467b680b441b781b0206
:102bd80042ea03047b7bc3f16d03dbb21846fff7bf
:102be800d5fd03462343bb600321b868fff73afdd0
:102bf80003460421184603f09df902467b7bc3f186
:102c08000903d1b2074a13440a465a737b7b01333e
:102c18007b737b7b092bcfd900e000bf1437bd46ff
:102c280090bd00bfe003002090b585b000af78608c
:102c38000023fb730023bb730fe0bb7b7a6813444c
:102c48001a78bb7b2a490b44db7d9a4209d1fb7b6e
:102c58000133fb73bb7b0133bb73bb7b092becd903
:102c680000e000bffb7b092b3dd0214b1b7883f094
:102c78000103dbb2002b02d00120fff796fd0023f1
:102c88007b732ce07b7bc3f163031a047b7bc3f16a
:102c9800090319467b680b441b781b0242ea0304ac
:102ca8007b7bc3f16303dbb21846fff76ffd034676
:102cb8002343bb600321b868fff7d4fc0346042113
:102cc800184603f037f902467b7bc3f10903d1b2fa
:102cd800074a13440a46da757b7b01337b737b7b97
:102ce800092bcfd900e000bf1437bd4690bd00bf07
:102cf800e003002090b585b000af78600023fb7337
:102d08000023bb7310e0bb7b7a6813441a78bb7b43
:102d18002b490b4493f821309a4209d1fb7b0133ac
:102d2800fb73bb7b0133bb73bb7b092bebd900e087
:102d380000bffb7b092b3ed0214b1b7883f001039e
:102d4800dbb2002b02d00120fff72ffd00237b739d
:102d58002de07b7bc3f159031a047b7bc3f1090384
:102d680019467b680b441b781b0242ea03047b7bf1
:102d7800c3f15903dbb21846fff708fd03462343a6
:102d8800bb600321b868fff76dfc034604211846b1
:102d980003f0d0f802467b7bc3f10903d1b2084a9d
:102da80013440a4683f821207b7b01337b737b7baa
:102db800092bced900e000bf1437bd4690bd00bf37
:102dc800e003002080b582b000af274b93f8323083
:102dd800002b45d1244b1b7883f00103dbb2002b79
:102de80002d00120fff7e1fc2a20fff7cffc0346c1
:102df8007b6002217868fff735fc034603211846fb
:102e080003f098f83860184b012283f832203b68a9
:102e1800dbb203f00f03dab2134b83f830203b68c0
:102e28001b0903f00103002b14bf01230023dab2ae
:102e38000d4b83f82f203b685b0903f00103002b3f
:102e480014bf01230023dab2074b83f82e203b6816
:102e58009b099bb2c3f309039ab2034b9a8500e01e
:102e680000bf0837bd4680bde003002080b582b0b2
:102e780000af164b93f83630002b23d1134b1b7839
:102e880083f00103dbb2002b02d00120fff78dfc99
:102e98002520fff77bfc03467b6003217868fff75a
:102ea8002ffc03460321184603f044f803469bb25f
:102eb8003b60064b012283f836203b689ab2034bed
:102ec8009a8600e000bf0837bd4680bde0030020b9
:102ed80080b582b000af174b93f83c30002b25d15a
:102ee800144b1b7883f00103dbb2002b02d00120c6
:102ef800fff75bfc2220fff749fc03467b600421b7
:102f08007868fff7fdfb03460421184603f012f822
:102f1800034623f07f433b60064b012283f83c20a5
:102f28003b681b091a46034b9a6300e000bf083749
:102f3800bd4680bde003002080b582b000af174bce
:102f480093f84430002b25d1144b1b7883f00103f0
:102f5800dbb2002b02d00120fff727fc1f20fff770
:102f680015fc03467b6004217868fff7c9fb03461c
:102f78000421184602f0deff034623f07f433b603e
:102f8800064b012283f844203b681b091a46034b71
:102f98001a6400e000bf0837bd4680bde00300208a
:102fa80080b582b000af294b93f84930002b49d146
:102fb800264b1b7883f00103dbb2002b02d00120e3
:102fc800fff7f3fb1d20fff7e1fb03467b600121c0
:102fd8007868fff747fb03460221184602f0aaff6c
:102fe80038601a4b012283f849203b68dbb203f0b2
:102ff8000f03dab2154b83f848203b685b0903f0ee
:103008000103002b14bf01230023dab20f4b83f80e
:1030180047203b689b0903f00103002b14bf0123e1
:103028000023dab2094b83f846203b68db0903f03a
:103038000103002b14bf01230023dab2034b83f8ea
:10304800452000e000bf0837bd4680bde0030020f2
:1030580080b400af00bfbd465df8047b704780b503
:1030680082b000af364b93f86d30002b64d1344bef
:103078001b78002b02d00020fff797fbe1237b6031
:1030880004217868fff73cfb03461b0a3b603b685a
:103098001b0c9bb21b019ab23b681b0a9bb203f044
:1030a8000f039bb213439ab2254ba3f864203b68e5
:1030b8009bb21b019bb203f47f639ab23b681b0b64
:1030c8009bb203f00f039bb213439ab21c4ba3f8b5
:1030d8006620e4237b6004217868fff711fb034630
:1030e8001b0a3b603b685ab2154b83f868203b6863
:1030f8001b0a5ab2124b83f869203b681b0c5ab260
:103108000f4b83f86a20e7237b6003217868fff779
:10311800f7fa03461b0a3b603b68dab2084b83f8b0
:103128006b203b681b0a5ab2054b83f86c20044b92
:10313800012283f86d2000e000bf0837bd4680bd3e
:10314800e003002080b582b000af1a4b93f85130ed
:10315800002b2bd1174b1b78002b02d00020fff738
:1031680024fbe9237b6003217868fff7c9fa3860fc
:103178003b681b0a9ab20f4ba3f84c208a237b604a
:1031880004217868fff7bcfa38603b681b0a1ab25a
:10319800084ba3f84e203b681b0e5ab2054b83f828
:1031a8005020044b012283f8512000e000bf08376b
:1031b800bd4680bde003002080b582b000af454b1e
:1031c80093f86330002b40f08180424b1b78002b32
:1031d80002d00020fff7e9fa8e237b607b68032189
:1031e8001846fff78dfa03463b603b681b129ab2fc
:1031f800384ba3f8522090237b607b680421184643
:10320800fff77efa03463b603b681b121ab2314b4c
:10321800a3f854203b681b165ab22e4b83f856204d
:1032280094237b607b6803211846fff769fa0346fd
:103238001b0a1ab2274ba3f8582096237b607b6899
:1032480003211846fff75cfa03461b0a1ab2214b02
:10325800a3f85a2098237b607b6803211846fff760
:103268004ffa03461b0a3b603b685ab2194b83f876
:103278005d203b681b125ab2164b83f85c209c23d6
:103288007b607b6803211846fff73afa03461b0a5e
:103298001ab2104ba3f85e209e237b607b68042142
:1032a8001846fff72dfa03463b603b681b121ab21b
:1032b800084ba3f860203b681b16dab2054b83f86d
:1032c8006220044b012283f8632000e000bf083726
:1032d800bd4680bde003002080b584b000affff795
:1032e80031fffff7f5fd1e4b9b6bda101c4bb3f853
:1032f8004c305b00d31afb60194bb3f94e301a46b9
:10330800fb6802fb03f3db12bb60fb685b10fa6827
:10331800521002fb03f31b13114a92f950201201b9
:1033280002fb03f39b137b60ba687b6813440c4a67
:10333800c2f880300a4bd3f8802013469b00134410
:1033480080331b12064ac2f88430054b002283f8ea
:103358003c20034b0022da7100bf1037bd4680bd08
:10336800e003002080b584b000affff725fffff72a
:10337800e3fd694bd3f880305b10a3f57a43fb601b
:10338800fb689b10fa68921002fb03f3db12624a97
:1033980092f95c2002fb03f39b10bb605e4bb3f910
:1033a8005a301a46fb6802fb03f35b00ba68134401
:1033b800bb60bb689a10584bb3f958301b041344d0
:1033c800bb60fb689b10fa68921002fb03f35b1367
:1033d800514a92f95620520102fb03f3da104e4b80
:1033e800b3f954301946fb6801fb03f35b1013442f
:1033f800fb60fb689b14fb60fb6803f50043464acf
:10340800b2f8522002fb03f3db13fb60424b1b6c48
:10341800c3f58013404ac2f888303f4bd3f8882060
:10342800bb681b13d31a1a4640f6354302fb03f355
:103438001a46394bc3f88820374bd3f88830b3f194
:10344800804f0bdb344bd3f888301a46fb68b2fb4d
:10345800f3f35b00304ac2f888300ae02e4bd3f809
:1034680088305a00fb68b2fbf3f31a462a4bc3f8bc
:103478008820294bb3f960301946274bd3f8883098
:10348800db10254ad2f88820d21002fb03f35b1325
:1034980001fb03f31b13fb601f4bd3f888309b1011
:1034a8001d4ab2f95e2002fb03f35b13bb601a4ba3
:1034b800d3f888301b12184ad2f88820121202fb5f
:1034c80003f3154ad2f88820121202fb03f3124aba
:1034d80092f8622002fb03f35b147b600e4bd3f877
:1034e8008820f968bb6819447b6819440a4b93f92a
:1034f8005d30db010b441b111344074ac2f88830c6
:10350800054b002283f84420034b0022da7100bfe8
:103518001037bd4680bd00bfe003002090b589b0dc
:1035280000affff79cfdfff7a1fc444bd3f88430b4
:10353800fb61424b9b8e1a46404bb3f864301b012b
:10354800d21a3e4b93f968301946fb6901fb03f325
:103558003b4981fb03014911db17cb1a5b10d31ad6
:10356800bb61364bb3f866301846344b93f9693073
:103578001a46fb6902fb03f3314a82fb031252111c
:10358800db17d21a2d4b93f96a301946fb6901fbf8
:1035980003f32b4981fb03414911db17cb1af96966
:1035a80001fb03f39b11264981fb03414911db17fa
:1035b800cb1a134403f5804300fb03f39b127b6192
:1035c800bb697a6902fb03f33b611c4b93f86b30d0
:1035d800da011a4b93f96c301946fb6901fb03f3c6
:1035e800174981fb03014911db17cb1a13441b113f
:1035f800fb603b699b133a69921302fb03f39b122e
:10360800bb60fb68ba6802fb03f35b107b603a6936
:103618007b6813449b124ff47a7202fb03f31b136b
:10362800064ac2f88c30054b002283f83620034b3b
:103638000022da7100bf2437bd4690bde0030020a8
:103648001f85eb5180b500af00210520fff7c6f9b3
:10365800012205210520fff765f900210720fff762
:1036680013f9fff75bfffff737fefff77bfe00bf9d
:0436780080bd00bf52
:020000040000fa
:020000040002f8
:04367c000020704773
:020000040000fa
:020000040002f8
:1036800090b484b000af0446084611461a4623465b
:10369000fb8003467b710b463b711346fb70fa8837
:1036a00013469b001344002b00da03339b101a1db2
:1036b0002e4b83fb021313449910d317c91a0b46e0
:1036c000db005b1ad11acbb2c3f11f03fb73fa887c
:1036d00013469b001344002b00da03339b105a1c43
:1036e000224b83fb021313449910d317c91a0b46bc
:1036f000db005b1ad11acbb2c3f11f03bb737b791a
:10370000032b04d97b79092b01d8012328e07b798d
:10371000032b10d13a79fb7b9a4201d901231fe098
:103720003a79fb7b9a4204d1fb78002b01d001232c
:1037300016e0002314e07b790a2b10d13a79bb7b89
:103740009a4201d201230be03a79bb7b9a4204d121
:10375000fb78002b01d1012302e0002300e00023cd
:1037600018461037bd4690bc704700bf932449925d
:103770002de9b04386b000aff860b9607a603b6075
:10378000bb68022b05dcfb68013bfb60bb680c33ac
:10379000bb60fb685c4a82fb03125211db17d31a31
:1037a0007b617b69c3f102027b69002b00da033382
:1037b0009b1013443b61fb6803f593530c3318468d
:1037c00008f06efe48a3d3e9002306f0dfff0246af
:1037d0000b4643ec172bb0ee470af0ee670a07f0f2
:1037e0000bfe55ec104bbb680133184608f058fe31
:1037f0003fa3d3e9002306f0c9ff02460b4643ec82
:10380000172bb0ee470af0ee670a07f0f5fd53ec10
:10381000102b2046294605f091fe02460b46144621
:103820001d46786808f03cfe02460b4620462946b5
:1038300005f084fe02460b4614461d46386908f022
:103840002ffe02460b462046294605f077fe02462b
:103850000b461046194628a3d3e9002308f05cff65
:1038600002460b4690469946386808f019fe044611
:103870000d46386b08f014fe4ff00002234b05f0a4
:103880007cff02460b462046294605f057fe0246bd
:103890000b4614461d46786b08f002fe18a3d3e9c8
:1038a000002305f06aff02460b462046294605f034
:1038b00045fe02460b46104619464ff00002144bd7
:1038c00005f05bff02460b464046494605f036fed2
:1038d00002460b4643ec172bb0ee470af0ee670aa0
:1038e0001837bd46bde8b0830000000000d4764024
:1038f00061545227a0993e400000000000d297403a
:10390000000000000020ac401f85eb5100004e403d
:103910000000384080b582b000af87ed000b1ea3d9
:10392000d3e90023d7e9000106f030ff02460b4639
:103930001ba1d1e9000108f0effe02460b4610463c
:103940001946d7e9002306f021ff02460b46104630
:10395000194615a3d3e9002305f0f0fd02460b46f6
:1039600043ec172b9fed0a1bb0ee470af0ee670af7
:1039700006f02efdb0ee407af0ee607ab0ee470a27
:10398000f0ee670a0837bd4680bd00bfaff3008088
:1039900000000000008076400cdb60f25025243fe0
:1039a0002ac6f99be193e140c91f0c3c7758764049
:1039b0002de9b04386b000af87ed020b87ed001b09
:1039c0004ca3d3e90023d7e9020106f0dffe02464b
:1039d0000b46c7e9042397ed040b07f001f855ecfb
:1039e000104b46a3d3e90023d7e9000106f0cefe31
:1039f00002460b461046194642a3d3e9002305f0c0
:103a00009dfd02460b4610461946d7e9002306f0f5
:103a1000bdfe02460b463da1d1e9000108f07cfe47
:103a200002460b462046294606f0b0fe02460b46eb
:103a300014461d46d7e9040102460b4605f07efdfb
:103a400002460b4643ec172bb0ee470af0ee670a2e
:103a500006f0c6ff59ec108b2ea3d3e90023d7e95b
:103a6000000106f093fe02460b462ca1d1e90001ad
:103a700008f052fe02460b464046494606f086fed6
:103a800002460b462046294605f058fd02460b46e5
:103a900014461d464ff00002154bd7e9040106f00d
:103aa00075fe02460b4643ec172bb0ee470af0eecc
:103ab000670a06f095ff51ec100b0ba3d3e9002326
:103ac00006f064fe02460b462046294605f036fd08
:103ad00002460b4643ec172bb0ee470af0ee670a9e
:103ae0001837bd46bde8b0832c616d8c9df0323f28
:103af00000000840399d52a246df913fb75f3e5912
:103b0000315ced3eaef36f97fdba733ff6b2edb4a4
:103b100035a2fe3fe31a9fc9fe791a3f958098842b
:103b20000b79943fb0b586b000af87ed020b87edff
:103b3000001b23a3d3e90023d7e9000106f026feea
:103b400002460b4620a1d1e9000108f0e5fd02463e
:103b50000b46c7e904231ea3d3e90023d7e90201da
:103b600008f0dafd02460b4614461d461aa3d3e9b7
:103b70000023d7e9040106f009fe02460b4643ec98
:103b8000172bb0ee470af0ee670a06f029ff51ec5a
:103b9000100b13a3d3e9002306f0f8fd02460b46f1
:103ba0002046294608f0b8fd02460b4643ec172b89
:103bb000b0ee470af0ee670a1837bd46b0bd00bf49
:103bc000068195438b389e40c3f5285c8f425f4049
:103bd0001fbaa0be654e773f399d52a246df913f86
:103be000f94ecc7a3194733f80b584b000af87ed45
:103bf000000b27a3d3e90023d7e9000106f0c6fd97
:103c000002460b4624a1d1e9000108f085fd0246d9
:103c10000b4610461946d7e9002306f0b7fd0246c9
:103c20000b46104619461ea3d3e9002305f086fc77
:103c300002460b4610461946d7e9002306f0a6fdba
:103c400002460b4618a1d1e9000108f065fd0246c5
:103c50000b46c7e9022316a3d3e90023d7e90201e3
:103c600005f08bfd02460b461046194612a3d3e918
:103c7000002305f063fc02460b4643ec172bb0ee25
:103c8000470af0ee670a1037bd4680bdaff30080eb
:103c9000d61a4aed45b45d3fbea4315a4755433f5d
:103ca000b81e85eb51684740a69bc420b0723540d2
:103cb000000000000020ac40efeeeeeeee6e37406c
:103cc000b0b588b000af87ed020b87ed001b22a3d3
:103cd000d3e90023d7e9020106f058fd02460b465e
:103ce000c7e906231ca3d3e90023d7e9000106f0a6
:103cf0004dfd02460b46c7e9042397ed040b06f081
:103d00006ffe55ec104b97ed060b06f069fe53ec79
:103d1000102b2046294606f039fd02460b4643ec9f
:103d2000172bb0ee470af0ee670a06f0a1fa51ec45
:103d3000100b0ba3d3e9002306f028fd02460b4627
:103d400043ec172bb0ee470af0ee670a2037bd466a
:103d5000b0bd00bfaff30080399d52a246df913f56
:103d6000f8c1631adca54c402de9b04390b000af18
:103d700087ed080b87ed061b87ed042b87ed023bd3
:103d800087ed004b9ba3d3e90023d7e9000106f0a0
:103d9000fdfc02460b46104619464ff000024ff05c
:103da000804305f0eafc02460b4643ec172bb0eecd
:103db000470af0ee670a05f0ffff87ed0e0bd7e923
:103dc0000e23d7e90e0106f0e1fc02460b46c7e9d7
:103dd0000e2388a3d3e90023d7e9060106f0d6fc19
:103de00002460b46c7e90c2382a3d3e90023d7e997
:103df000020106f0cbfc02460b46c7e90a23d7e9cd
:103e00000c0102460b4605f099fb02460b4643ecbb
:103e1000172bb0ee470af0ee670a06f0e1fd51ec11
:103e2000100bd7e90e2306f0b1fc02460b461446f0
:103e30001d46d7e9040102460b4605f07ffb02460a
:103e40000b469046994697ed0a0b06f0c9fd53ecd8
:103e5000102b4046494606f099fc02460b46204688
:103e6000294608f059fc02460b4614461d464ff001
:103e700000025d4bd7e9040106f088fc02460b46c0
:103e800010461946d7e90e2306f080fc02460b4681
:103e90009046994697ed0a0b06f0a2fd53ec102bc5
:103ea0004046494606f072fc02460b46904699464b
:103eb000d7e90c0102460b4605f040fb02460b46d3
:103ec00043ec172bb0ee470af0ee670a06f028fb2a
:103ed00053ec102b4046494606f058fc02460b4670
:103ee0002046294605f02afb02460b4614461d468d
:103ef0004ff000023d4bd7e90e0106f047fc0246a9
:103f00000b4610461946d7e90e2306f03ffc024641
:103f10000b46904699464ff00002334bd7e90c010f
:103f200006f034fc02460b4643ec172bb0ee470a72
:103f3000f0ee670a06f054fd53ec102b404649465c
:103f400006f024fc02460b462046294608f0e4fb16
:103f500002460b4614461d464ff00002244bd7e99b
:103f6000040106f013fc02460b4610461946d7e939
:103f7000042306f00bfc02460b4690469946d7e90f
:103f80000a0102460b4605f0d9fa02460b4643ecfd
:103f9000172bb0ee470af0ee670a06f021fd53ec4e
:103fa000102b4046494606f0f1fb02460b462046e0
:103fb000294608f0b1fb02460b461046194608a3f5
:103fc000d3e9002306f0e2fb02460b4643ec172b35
:103fd000b0ee470af0ee670a4037bd46bde8b08351
:103fe000f8c1631adca56c40000010400000e03fff
:103ff0000000f43f399d52a246df913f2de9b043c6
:104000002ded028baab002af0a4b5b7803f5fa6381
:10401000a7f88e30074b9978064bda78054b1b7959
:10402000b7f88e00fff72cfb0346002b04d00323c8
:1040300003e000bf680a00200223c7f88830d24b93
:104040001b791a46d7f88830d31ac7f88430b7f8e6
:104050008e00cd4b9b781946cb4bdb781c46ca4b68
:104060005b791a46c84b9b7901930092d7f884304c
:104070002246fff77dfb87ed1e0bada3d3e900239e
:10408000d7e91e0108f048fb02460b4610461946c8
:10409000a9a3d3e9002305f070fb02460b46c7e94c
:1040a0001c23a7a3d3e90023d7e91c0106f06efb6c
:1040b00002460b4610461946a3a3d3e9002305f098
:1040c0003dfa02460b4610461946d7e91c2306f076
:1040d0005dfb02460b46104619469da3d3e900231b
:1040e00005f02cfa02460b4643ec172b9fed9a1b6a
:1040f000b0ee470af0ee670a06f06af987ed260b84
:104100004ff000024ff00003d7e9260108f094f8c1
:104110000346002b0ad04ff000029c4bd7e9260142
:1041200005f00cfa02460b46c7e9262397ed1c0b57
:10413000fff7f0fb87ed1a0b97ed1c1b97ed1a0ba1
:10414000fff736fc87ed180bd7e91823d7e92601ce
:1041500005f0f4f902460b46c7e9162397ed1c1b40
:1041600097ed160bfff7defc87ed140b97ed1c0b9c
:10417000fff73afd87ed120b97ed121b97ed140b2d
:10418000fff79efd87ed100b75a3d3e90023d7e958
:104190001c0106f0fbfa02460b461046194672a3b4
:1041a000d3e9002305f0caf902460b46104619462a
:1041b000d7e91c2306f0eafa02460b466ca1d1e9c6
:1041c000000108f0a9fa02460b46c7e90e2397ed55
:1041d000124b97ed1a3b97ed0e2b97ed261b97eda3
:1041e0001c0bfff7c1fd87ed0c0b674b1b791a46c3
:1041f00013461b019b1a9b001a46634b5b791344c1
:10420000184608f04df904460d465f4b9b79184659
:1042100008f0c2f94ff000025d4b05f0aefa02461d
:104220000b462046294605f089f902460b46104602
:104230001946d7e90c2305f081f902460b461446ce
:104240001d46544b5b68184608f02af94aa3d3e987
:10425000002305f092fa02460b46104619464ff02d
:1042600000024d4b06f092fa02460b4620462946c4
:1042700005f064f902460b4614461d46d7f888003f
:1042800008f00ef94ff00002414b06f07ffa0246ab
:104290000b462046294608f03ffa02460b461046d8
:1042a00019464ff000023a4b05f067fa02460b46fa
:1042b000c7e90a234ff00002384bd7e90a0108f09a
:1042c0002bfa02460b46104619464ff00002344bbb
:1042d00006f05cfa02460b46c7e9082328a3d3e997
:1042e0000023d7e9080106f051fa02460b46c7e958
:1042f0000623284b1b68184608f0d2f81ea3d3e902
:10430000002305f03afa02460b46104619461ca354
:10431000d3e9002306f03afa02460b46c7e9042324
:1043200017a3d3e90023d7e9100106f02ffa39e0eb
:10433000000000802cb4424100000000a0d5e14004
:10434000c0ab8a15dade333f2f8672a21894e140a3
:1043500046cec29e76877140000000000080764005
:1043600000d864fc6001813e03e35f521c0a063ff3
:1043700080035d72111c913f000000000088c34063
:10438000399d52a246df913f680a002000807640a6
:1043900000004e40300a002000001040000028407d
:1043a00000002e4002460b46c7e9022397ed040b9e
:1043b00006f016fb55ec104b97ed020b06f010fbc8
:1043c00053ec102b2046294606f0e0f902460b4636
:1043d00014461d4697ed040b06f0a2f859ec108b1d
:1043e00097ed020b06f09cf853ec102b4046494623
:1043f00006f0ccf902460b469046994697ed060b1f
:1044000006f08ef853ec102b4046494606f0bef9f4
:1044100002460b462046294605f090f802460b4618
:10442000c7e9002397ed000b05f022ff51ec100bbc
:1044300053a3d3e9002306f0a9f902460b465249db
:10444000c1e9022397ed060b06f0cafab0ee408ae6
:10445000f0ee608a97ed060b06f062f855ec104b13
:1044600097ed040b06f0bcfa53ec102b20462946be
:1044700006f08cf902460b4614461d4697ed020bda
:1044800005f09afc59ec108b97ed040b06f048f8f8
:1044900053ec102b4046494606f078f902460b468d
:1044a0002046294608f038f902460b4643ec172b04
:1044b000b0ee471af0ee671ab0ee480af0ee680a5e
:1044c00005f072fb51ec100b2da3d3e9002306f08d
:1044d0005df902460b46c7e924234ff000022b4b3f
:1044e000d7e9240105f02af802460b46c7e9242340
:1044f0004ff000024ff00003d7e9240107f09cfec3
:104500000346002b0ad04ff00002214bd7e92401cb
:1045100005f014f802460b46c7e924234ff00002c9
:104520001b4bd7e9240107f0d9fd0346002b0ad025
:104530004ff00002164bd7e9240108f0edf80246cf
:104540000b46c7e924231049d7e92423c1e90a23ec
:104550004ff000020f4bd7e9240106f017f902468d
:104560000b461046194607f066ff03469ab2064b03
:104570001a8600bfa037bd46bdec028bbde8b083f4
:10458000f8c1631adca54c40300a00200080664068
:08459000008076400000594054
:020000040000fa
:020000040002f8
:1045980080b582b000af78600b46fb70094b4ff4d2
:1045a80000725a61074b40225a61fb7819467868b5
:1045b80001f01afc034b40229a6100bf0837bd4640
:1045c80080bd00bf0080004180b582b000af786038
:1045d8000b46fb70094b4ff400729a61074b40225f
:1045e8005a61fb781946786801f0fefb034b4022bc
:1045f8009a6100bf0837bd4680bd00bf00800041fa
:1046080080b500af1a4b4ff480725a61082006f04b
:104618006ffb174b4ff480729a61102006f068fb0d
:1046280001210120fff7b4ff102006f061fb0121f2
:104638001120fff7adff102006f05afb01213a20a8
:10464800fff7a6ff01215520fff7beff0121362005
:10465800fff79eff01214820fff7b6ff012129201f
:10466800fff796ff042006f043fb00bf80bd00bfa4
:104678000080004180b586b000af0346fb80012171
:104688002a20fff785ff0421ef20fff79dff012176
:104698002b20fff77dff042140f23f10fff794ff26
:1046a80001212c20fff774fffb885bba7b827a8a92
:1046b80013461b041344fb600e4b4ff400729a61bf
:1046c8000c4b40225a61042001f0c2fb4ff4164300
:1046d8007b6102e0f86801f0d9fb7b695a1e7a61b8
:1046e800002bf7d1034b40229a6100bf1837bd4613
:1046f80080bd00bf0080004180b584b000af786005
:1047080001212a20fff744ff0421ef20fff75cff77
:1047180001212b20fff73cff042140f23f10fff757
:1047280053ff01212c20fff733ff114b4ff4007288
:104738009a610f4b40225a61042001f089fb7b6883
:10474800fb604ff41643bb6006e0fb681a1dfa6075
:104758001b68184601f09afbbb685a1eba60002b0a
:10476800f3d1034b40229a6100bf1037bd4680bd8c
:104778000080004180b588b002af78604ff496336e
:104788003b6100233b757b68fb6007f10c0040f23e
:104798003f130093ef230022002103f053fe00bfd4
:1047a8001837bd4680bd80b588b002af0346fb8090
:1047b8004ff496333b6101233b75fb885bba9bb290
:1047c800bb8107f10c0040f23f130093ef23002256
:1047d800002103f037fe00bf1837bd4680bd90b5f5
:1047e80089b002af0446084611461a462346fb80a4
:1047f8000346bb800b467b8013463b804ff49633c1
:104808003b6101233b75fb885bba9bb2bb817c880b
:104818003a88b98807f10c003b8d0093234603f0d2
:1048280011fe00bf1c37bd4690bd90b583b000afe8
:104838000446084611461a462346fb800346bb80b9
:104848000b467b8013463b8001212a20fff7a0fe00
:10485800fb881a047b88134304211846fff7b4fe2b
:1048680001212b20fff794febb881a043b881343d1
:1048780004211846fff7a8fe01212c20fff788fe27
:1048880000bf0c37bd4690bd80b582b000af03466f
:10489800fb800b46bb8013467b80fb88ef2b0fd831
:1048a800bb88b3f5a07f0bd2bb88fa88b988f88893
:1048b800fff7bbff7b8802211846fff785fe00e063
:1048c80000bf0837bd4680bd80b588b000aff8602e
:1048d800b96011461a460b46fb711346bb80fb793b
:1048e8001f2b07d997f90730002b03dbfb79203bf7
:1048f800fb770fe0fb79b02b03d1fb79503bfb77bb
:1049080008e0fb79bf2b03d9fb795f3bfb7701e01c
:104918000023fb77fa7f13469b0013441c4a134479
:10492800bb610023bb772ae0bb7fba6913441b78bd
:10493800fb7500237b771ce0bb7f9ab2fb689bb2b8
:10494800134498b27b7f9ab2bb689bb2134499b266
:10495800fa7d7b7f42fa03f303f00103002b01d0b9
:10496800bb8800e03b8d1a46fff78eff7b7f013343
:104978007b777b7f062bdfd9bb7f0133bb77bb7f80
:10498800042bd1d900bf00bf2037bd4680bd00bf72
:10499800547b020080b586b002aff860b9607a60d7
:1049a8007b800ee07b685a1c7a601a7879883b8b8a
:1049b80000930b46b968f868fff786fffb68063373
:1049c800fb607b681b78002becd100bf00bf103761
:1049d800bd4680bd80b588b002aff860b9607a6026
:1049e8007b80fb687b612ee07b681b780d2b05d1f3
:1049f8007b69fb607b6801337b6024e07b681b7804
:104a08000a2b08d17b69fb60bb680c33bb607b68f1
:104a180001337b6017e0fb680633f02b04d97b6910
:104a2800fb60bb680c33bb607b685a1c7a601a78e1
:104a380079883b8c00930b46b968f868fff744ff08
:104a4800fb680633fb607b681b78002bccd100bf6a
:104a580000bf1837bd4680bd80b485b000af786010
:104a68007b68fb6026e07b681b780d2b0dd17b688b
:104a780001331b780a2b08d1fb685a1cfa600a22fa
:104a88001a707b6802337b6014e07b681b780d2bff
:104a980008d1fb685a1cfa600a221a707b68013335
:104aa8007b6007e07a68531c7b60fb68591cf960df
:104ab80012781a707b681b78002bd4d1fb6800220f
:104ac8001a7000bf1437bd465df8047b704790b577
:104ad800cbb002af044607f59070a0f58c7001606a
:104ae8001046194607f59073a3f5897322461a8074
:104af80007f59073a3f58a7302461a8007f5907339
:104b0800a3f58d730a461a8007f59a7207f5907314
:104b1800a3f588731a6007f59073a3f5887307f1f6
:104b280014001b68d7f830214ff4807106f0f4ffa9
:104b380007f114031846fff78fff07f59073a3f5e5
:104b48008973188807f59073a3f58c731b681b8805
:104b58001c4607f59073a3f58a73198807f11402a8
:104b680007f59073a3f58d731b8800930b462146b8
:104b7800fff730ff2823a7f816310123a7f81e31c5
:104b88000023a7f81c3107f11403c7f818312ee0e9
:104b9800d7f818311b780d2b03d10023a7f81c3147
:104ba80020e0d7f818311b780a2b08d1b7f81e3146
:104bb8000133a7f81e310023a7f81c3112e0b7f81b
:104bc8001c310133a7f81c31b7f81c21b7f816318e
:104bd8009a4207d3b7f81e310133a7f81e310023d4
:104be800a7f81c31d7f818310133c7f81831d7f8ae
:104bf80018311b78002bcbd107f59073a3f58c7374
:104c08001b681a88b7f81e31194649000b449b00e7
:104c18009bb213449ab207f59073a3f58c731b6883
:104c28001a8000bf07f59277bd4690bd90b58db04c
:104c380002afb9607a603b600346fb8128237b831f
:104c48000123fb84fb89bb8400233b6249e03b6a68
:104c5800db007a6813441b68fb613b6adb007a68f7
:104c680013449b883b833b6adb007a681344db88e8
:104c7800fb822fe0fb691b780a2b08d1fb8c0133e0
:104c8800fb84fb89bb84fb690133fb6122e0b88ca0
:104c9800bb681b881946fb8c5a1e13465b001344dd
:104ca8009b001944fb691a783c8bfb8a00932346c6
:104cb800fff70afebb8c0633bb84ba8cfb89d31a78
:104cc800ef2b04d9fb8c0133fb84fb89bb84fb6984
:104cd8000133fb61fb691b78002bcbd13b6a0133a5
:104ce8003b623a6a3b689a42b1d3bb681a88fb8c2c
:104cf800194649000b449b009bb213449ab2bb6807
:104d08001a8000bf2c37bd4690bd90b585b000af66
:104d18000446084611461a462346fb800346bb80d4
:104d28000b467b8013463b807b88002b6ad03b88f0
:104d3800002b67d097f82430002b20d00023fb816c
:104d480018e00023bb810ee0fa88bb89134498b2af
:104d5800ba88fb8913449bb23a8c1946fff794fd35
:104d6800bb890133bb81ba897b889a42ecd3fb8922
:104d78000133fb81fa893b889a42e2d343e000235e
:104d88007b8119e0fa887b8913449bb23a8cb988f5
:104d98001846fff779fdfa887b89134498b2ba88d8
:104da8003b8813449bb2013b9bb23a8c1946fff7f0
:104db8006bfd7b8901337b817a897b889a42e1d3b9
:104dc80000233b8119e0ba883b89134499b23a8c95
:104dd800fb881846fff758fdfa887b8813449bb276
:104de800013b98b2ba883b8913449bb23a8c194666
:104df800fff74afd3b8901333b813a893b889a4258
:0c4e0800e1d300e000bf1437bd4690bdb0
:020000040000fa
:020000040002f8
:104e14004c617469747564653a0000004c6f6e6788
:104e240069747564653a0000416c746974756465ed
:104e34003a0000002534642d253032642d253032ab
:104e44006420253032643a253032643a25303264a5
:104e540000000000474e53532066697800000000ac
:104e64004d616e75616c20200000000047534d2099
:104e740066697820000000004e6f206669780000a3
:104e8400257300005765617468657220446174611c
:104e94003a00000053756e20446174613a0a0000c0
:104ea40054656d70657261747572653a2533644337
:104eb400b0200000417a696d7574683a2025332e5c
:104ec400303266200000000050726573737572659d
:104ed4003a2025346468506120000000456c6576f2
:104ee4006174696f6e3a2025332e303266200000db
:104ef40048756d69646974793a2025336425200006
:104f040053756e206c2e6c2e3a2025646d5600006d
:104f140057696e643a2025646d2f732025730a0047
:104f24004c6f636174696f6e20446174613a000070
:104f340047534d2f474e535320446174613a0a003e
:104f44004c61742e3a202532642e25303464b0002e
:104f540047534d3a204e6f205369676e616c2100b0
:104f640047534d207369676e616c3a20253364643e
:104f7400426d20004c6f6e672e3a202533642e2537
:104f8400303464b00000000047534d205265676917
:104f94007374726174696f6e3a20256400000000b6
:104fa400416c7469747564653a202534646d00003d
:104fb400334400004e4f000032440000474e535328
:104fc400206c6f636b65643a20257300546f7765ba
:104fd400727320446174613a0a000000546f77656b
:104fe4007273203a0000000025336400546f74612a
:104ff4006c20505620506f7765723a002534642e29
:10500400253032646b570000547261636b65722003
:105014004672616d653a00002533642e2530326492
:10502400b041202532642e25303264b045000000a2
:105034000a546f75636820583a253034642c20591b
:105044003a253034642c205a313a253034642c20eb
:105054005a323a25303464003c0000004d414e0081
:1050640047534d00474e5353000000005254432011
:1050740074696d653a202534642d253032642d25fc
:1050840030326420253032643a253032643a253097
:1050940032640000542e5a2e3a2025326420000037
:1050a40059455300442e532e543a202573000000d2
:1050b400474e5353204d6f64756c6520000000000b
:1050c4004d616e75616c20696e707574000000002e
:1050d40047534d204d6f64756c652020000000001f
:1050e4004e4f4e452020202020202020000000008c
:1050f400446174652f74696d6520736f757263659f
:105104003a2025730000000047534d206c6f636bf9
:105114002061743a202534642d253032642d2530e5
:10512400326420253032643a253032643a253032f4
:1051340064000000474e5353206c6f636b2061740e
:105144003a206e6f20474e5353206c6f636b000000
:10515400474e5353206c6f636b2061743a2025349f
:10516400642d253032642d2530326420253032649c
:105174003a253032643a2530326400004d414e20e5
:1051840054494d453a2000002530316400000000a8
:10519400256300002d000000200000003a000000fc
:1051a40053415645440000004552524f52000000fe
:1051b40020202020202020202020202020202020eb
:1051c40020202020202020202020202020202020db
:1051d400202020202020202020202020200000002b
:1051e400202020202020202020202047534d2074e0
:1051f400696d65207265736574212020202020204c
:10520400202020202020202000000000202020201a
:1052140020202020202020474e53532074696d65a0
:1052240020726573657421202020202020202020f6
:10523400202020002020202020202020202020208a
:1052440020204e4f20474e5353206c6f636b212018
:1052540020202020202020202020202020000000aa
:105264004c415449000000004c4f4e4700000000e0
:10527400414c5449000000004155544f00000000c7
:105284004c617469747564653a202532642e253046
:105294003464b020000000004c6f6e67697475645c
:1052a400653a202533642e25303464b02000000094
:1052b400416c7469747564653a202534646d20000a
:1052c4002c0000004e4f20474e5353204c4f434b6d
:1052d4002100000055504441544544005669657707
:1052e4000000000053455400546f77657220494410
:1052f4003a202530326400004c6173742075706468
:105304006174653a20253034642d253032642d25ae
:1053140030326420253032643a253032643a253004
:1053240032640000417a696d7574683a20253364eb
:105334002e25303264b00000456c65766174696f67
:105344006e3a202532642e25303264b0000000000d
:10535400536f6c61722063656c6c733a00000000db
:10536400566f6c746167653a202533642e2530319d
:105374006456000043757272656e743a2025326477
:105384002e25303264410000506f7765723a202533
:1053940034642e253032646b57000000417a696d05
:1053a400757468204d6f746f723a0000566f6c7498
:1053b4006167653a202532642e2530316456000039
:1053c400506f7765723a202533642e253032645746
:1053d40000000000456c65766174696f6e204d6f46
:1053e400746f723a0000000041504e206e616d658a
:1053f4000000000041504e207061737300000000f3
:105404005365722e2055524c000000006479646983
:10541400733a20257500000041504e3a2025730a46
:105424000000000041504e2070617373776f726406
:105434003a2025730a000000536572766572207560
:10544400726c3a2025730a002533642f25336400d7
:105454002573200004030020fc020020f402002035
:105464000203ff002828a000cc020020a402002090
:1054740004020020bd080020e50800200d090020da
:06548400010029005100a7
:020000040000fa
:020000040002f8
:02548a00fee73b
:020000040000fa
:020000040002f8
:10548c00880a002004000000010000000000000059
:10549c00280500201c000000000000007004002003
:1054ac006800000000000000440500200c00000013
:1054bc000000000068050020cc0200000100000084
:1054cc000000000000f87e0480078101a00230007b
:1054dc00c8000004e002000431007e048007e002f2
:1054ec00000432003408220be00200043300c80030
:1054fc0000046004800534007e048007600480058d
:10550c0035003408220b600480053600c800000406
:10551c00c005000737007e048007c005000738006f
:10552c003408220bc00500073900e00b0a0f81017b
:10553c00a0023e00e00b0a0fe00200043c00c80091
:10554c0000048101a0027800e00b0a0f60048005c2
:10555c002b00e00b0a0fc00500072d003408220bae
:10556c008101a0022c00a000f401dc050807310029
:10557c00f4014803dc050807320048039c04dc05f1
:10558c00080733009c04f005dc0508073400f0051f
:10559c004407dc050807350044079808dc050807b4
:1055ac0036009808ec09dc0508073700ec09400bbd
:1055bc00dc0508073800400b940cdc0508073900a3
:1055cc00940ce80ddc0508073000e80d3c0fdc05f9
:1055dc0008073a00a000f401b004dc057100f401e6
:1055ec004803b004dc05770048039c04b004dc05d8
:1055fc0065009c04f005b004dc057200f00544075e
:10560c00b004dc05740044079808b004dc0579008c
:10561c009808ec09b004dc057500ec09400bb004eb
:10562c00dc056900400b940cb004dc056f00940c95
:10563c00e80db004dc057000e80d3c0fb004dc058f
:10564c002f00a000f4018403b0046100f4014803ae
:10565c008403b004730048039c048403b004640006
:10566c009c04f0058403b0046600f0054407840331
:10567c00b0046700440798088403b00468009808d5
:10568c00ec098403b0046a00ec09400b8403b004f9
:10569c006b00400b940c8403b0046c00940ce80d6c
:1056ac008403b0043b00e80d3c0f8403b0042b00d2
:1056bc00a000f401580284030e00f40148035802c0
:1056cc0084037a0048039c045802840378009c04e9
:1056dc00f005580284036300f00544075802840364
:1056ec007600440798085802840362009808ec0975
:1056fc00580284036e00ec09400b580284036d00c1
:10570c00400b940c580284032c00940ce80d5802a6
:10571c0084032e00e80d3c0f580284032d00a000da
:10572c00f4012c0158027f00f40148032c015802ab
:10573c003c0048039c042c01580240009c04f005da
:10574c002c0158023f00f00544072c01580226009a
:10575c00440798082c0158023d009808ec092c01cc
:10576c0058022000ec09400b2c0158022300400b7e
:10577c00940c2c0158025f00940ce80d2c0158027b
:10578c002500e80d3c0f2c0158023e000b030020b5
:10579c00010000000000000056050020020000007f
:1057ac000000000034080020a401000001000000eb
:1057bc00f4920200090200000893020009020000a2
:1057cc00189302000101000028930200010100005f
:1057dc0038930200010100004c9302000502000006
:1057ec0058930200010100005c93020001020000ca
:1057fc006493020001020000709302000102000099
:10580c007c93020001010000a4930200010100003e
:10581c00b493020001010000c493020001010000d6
:10582c00d0930200010100007c94020001140000de
:10583c00909402000101000000696e7465726e653f
:10584c00742e74656c65322e6c74000000000000c0
:10585c00000000000000000000000000000000003c
:10586c00000000000000000000000000000000002c
:10587c00000000000000000000000000000000001c
:10588c00000000000000000000000000000000000c
:10589c0000000000000000000000000000000000fc
:1058ac0000000000000000000000000000000000ec
:1058bc0000000000000000000000000000000000dc
:1058cc0000000000000000000000000000000000cc
:1058dc0000000000000000000000000000000000bc
:1058ec0000000000000000000000000000000000ac
:1058fc00000000000000000000000000000000009c
:10590c00000000000000000000000000000000008b
:10591c00000000000000000000000000000000007b
:10592c0000000000000000000000000064080020df
:10593c0008000000a09402003408002006000000bb
:10594c00b0940200000100000003020500030501f1
:10595c000406020400000020ec010000000000001e
:10596c00680a00201400000001000000021a041054
:10597c000e05140000000000001a041c00071e0095
:10598c00e00300209000000000000000d809002077
:10599c005700000001000000a0bb0d00300a0020e1
:1059ac0040771b00340a00200f270000400a00201b
:1059bc00144e02003c000000204e02004200000089
:1059cc002c4e02003c00000002000000020000000f
:1059dc00000000000000000000002b000002370057
:1059ec002b2b2b00070805003700000037000000a8
:1059fc00ec0100201f01000000000000300a002014
:105a0c00380000000100000022ec0700821803009f
:105a1c006666666666a642407100000000000000e3
:105a2c006666666666a64240000000000000000044
:105a3c00cdcccccccc6c6540f442920e0000000076
:105a4c00500500200600000000000000dd030020cf
:105a5c0002000000000000000c030020d100000038
:105a6c00000000007c0a00200c0000000100000077
:105a7c0000000044000000440000004458050020d1
:105a8c000400000000000000d804002050000000ba
:105a9c00000000005c0500200c000000000000006d
:105aac008c0a00200400000001000000000000002f
:105abc0000000000000000006666666666666666aa
:020000040000fa
:020000040002f8
:105acc0080b400af174b184ada64164b27229a643d
:105adc0000bf144b1b6d03f00403002bf9d1114bc9
:105aec00022283f8442000bf0e4b1b6d03f002030f
:105afc00002bf9d100bf0b4b5b6d03f00103002ba6
:105b0c00f9d00a4b0a4a5a6200bf084b5b6803f093
:105b1c000803002bf9d100bf00bfbd465df8047b24
:105b2c00704700bf0010004060000800001c0040df
:105b3c000801010080b400af074b084a9a6200bf0d
:105b4c00054b5b6803f01003002bf9d100bf00bfbd
:105b5c00bd465df8047b7047001c0040010101004c
:105b6c0080b483b000af0346fb71fb79032b00f2ca
:105b7c001d8101a252f823f0995c0200955b020092
:105b8c00155d02001f5c02008b4b0022c3f89c20a9
:105b9c0000bf894bd3f89c3003f04003002bf8d1a5
:105bac00854b4122c3f89c2000bf834bd3f89c301b
:105bbc0003f04003002bf8d0804b5b697f4a43f421
:105bcc00805353617e4b00221a6000bf7c4bdb6913
:105bdc0003f00203002bf9d1794b4ff400325a60d9
:105bec0000bf774bdb6903f00403002bf9d1744b36
:105bfc004ff080729a60724b00221a73704b714a8c
:105c0c001a6000bf6e4bdb6903f00203002bf9d165
:105c1c00cce0694b0022c3f8dc2000bf664bd3f804
:105c2c00dc3003f04003002bf8d1634b4222c3f865
:105c3c00dc2000bf604bd3f8dc3003f04003002bba
:105c4c00f8d05e4b9b695d4a43f4007393615e4be5
:105c5c0000221a6000bf5c4bdb6903f00203002bcf
:105c6c00f9d1594b594a5a60574b594a9a60564b7d
:105c7c004ef657429a81544b564a1a6000bf524b0b
:105c8c00db6903f00203002bf9d18fe04a4b0022b1
:105c9c00c3f8e02000bf484bd3f8e03003f04003da
:105cac00002bf8d1444b4222c3f8e02000bf424bfa
:105cbc00d3f8e03003f04003002bf8d03f4b9b6946
:105ccc003e4a43f480639361434b00221a6000bf49
:105cdc00414bdb6903f00203002bf9d13e4b3b4aed
:105cec005a603d4b4ff040729a603b4b4ef6574218
:105cfc009a81394b394a1a6000bf374bdb6903f084
:105d0c000203002bf9d151e02b4b0022c3f80821e0
:105d1c0000bf294bd3f8083103f04003002bf8d116
:105d2c00254b4122c3f8082100bf234bd3f808317f
:105d3c0003f04003002bf8d0204b1b6a1f4a43f0a2
:105d4c00010313624ff0864300221a6000bf4ff02c
:105d5c008643db6903f00203002bf8d14ff0864336
:105d6c004ff400325a6000bf4ff08643db6903f0fa
:105d7c000403002bf8d14ff086434ff080729a60e9
:105d8c004ff0864302221a734ff086430d4a1a6075
:105d9c0000bf4ff08643db6903f00203002bf8d100
:105dac000f4b4ff48062c3f8982000bf00bf0c3734
:105dbc00bd465df8047b7047001c004000080040a5
:105dcc00003000400e0002300020014100020300b0
:105ddc000100000306003340004001410600204052
:105dec000080004190b583b000af78600b46fb702b
:105dfc00fb781bb243f480731ab2134b92b25a84e1
:105e0c0000bf114bdb6903f01003002bf9d100bf6d
:105e1c000d4b1b7edbb203f00103002bf8d00a4cb8
:105e2c00fb781946786800f083f80346a36200bf3c
:105e3c00054b1b7edbb203f00203002bf8d000bf36
:105e4c0000bf0c37bd4690bd0030004080b483b01d
:105e5c0000af0346fb71fb791bb243f480731ab29b
:105e6c00084b92b25a8400bf064bdb6903f0100357
:105e7c00002bf9d100bf00bf0c37bd465df8047b89
:105e8c00704700bf0030004080b483b000af786032
:105e9c0000bf0c4b1b7edbb203f00103002bf8d0d0
:105eac00084a7b68936200bf064b1b7edbb203f093
:105ebc000203002bf8d000bf00bf0c37bd465df8c5
:105ecc00047b70470030004080b483b000af786032
:105edc00154b1b68144a23f00203136000bf124bce
:105eec00db6903f00203002bf9d17b685b000f4ade
:105efc00b2fbf3f3dbb20c4a013bdbb213730a4b7c
:105f0c001b68094a43f00203136000bf064bdb69b0
:105f1c0003f00203002bf9d100bf00bf0c37bd46c4
:105f2c005df8047b704700bf00300040008793038e
:105f3c0080b485b000af78600b46fb707b681bbaf1
:105f4c00fb60fb78c3f10403db00bb60fa68bb6841
:105f5c0022fa03f318461437bd465df8047b7047ec
:105f6c0080b483b000af03460a46fb711346bb7185
:105f7c00bb79012b0fd1fb791bb243f440731ab2de
:105f8c00114b92b25a8400bf0f4bdb6903f0100324
:105f9c00002bf9d111e0bb79022b0ed1fb791bb28e
:105fac0043f440731ab2094b92b25a8400bf074ba8
:105fbc00db6903f01003002bf9d100bf0c37bd4691
:105fcc005df8047b704700bf004001410020014197
:105fdc0080b485b000af78600023fb7302e0fb7bdc
:105fec000133fb73fb7b7a6813441b78002bf6d1cf
:105ffc00fb7b1bb243f440731ab21e4b92b25a8411
:10600c0000bf1c4bdb6903f01003002bf9d17b683c
:10601c00bb60fb7b03339b10fb73164b02221a767f
:10602c000de000bf134b1b7edbb203f00103002b12
:10603c00f8d0bb681a1dba600e4a1b689362fb7bd2
:10604c005a1efa73002becd100bf0a4b1b7edbb23d
:10605c0003f00203002bf8d0064b5b8c9bb2054a75
:10606c0023f440739bb2538400bf1437bd465df8d4
:10607c00047b7047004001410fb480b5a2b000af63
:10608c0007f194037b6007f108007b68d7f8902038
:10609c00802105f03ffd07f108031846fff798ff34
:1060ac0000bf8837bd46bde8804004b0704700bfd4
:020000040000fa
:020000040002f8
:1060bc0080b483b000af0023fb7115e0fa790f496f
:1060cc0013469b001344db000b4400221a70fa7930
:1060dc000a4913469b001344db000b440133fa7945
:1060ec001a70fb790133fb71fb79012be6d900bfe8
:1060fc0000bf0c37bd465df8047b70470c030020d5
:10610c0080b485b000af78600b46fb700023fb8138
:10611c0000237b733ce07b7b7a6813441b783b73d6
:10612c00fb891b01fb813b7b2f2b0dd93b7b392b37
:10613c000ad83b7b9bb2303b9bb21ab2b7f90e30fc
:10614c0013431bb2fb8120e03b7b402b0dd93b7be7
:10615c00462b0ad83b7b9bb2373b9bb21ab2b7f9a2
:10616c000e3013431bb2fb810fe03b7b602b0cd931
:10617c003b7b662b09d83b7b9bb2573b9bb21ab23d
:10618c00b7f90e3013431bb2fb817b7b01337b735e
:10619c007a7bfb789a42bed3fb8918461437bd46ee
:1061ac005df8047b704780b58eb000af78600b460d
:1061bc00fb70002387f8373004e097f83730013351
:1061cc0087f8373097f93730002b06db97f83730e4
:1061dc007a6813441b785b2befd197f93730002b7f
:1061ec00c0f2448197f83730013387f837300023f9
:1061fc0087f8363017e097f836305b0001337a6851
:10620c00134402211846fff77bff03461a4697f802
:10621c003630d2b238333b4403f82c2c97f8363056
:10622c00013387f8363097f836300e2be3d997f8d0
:10623c0037307a68134402211846fff761ff034692
:10624c0087f8353097f83730023387f8373097f8be
:10625c0037307a68134404211846fff751ff034680
:10626c007b8697f83730043387f8373097f8373018
:10627c007a68134404211846fff742ff03463b8615
:10628c0097f83730043387f8373097f837307a6817
:10629c00134404211846fff733ff0346fb8597f898
:1062ac003730043387f8373097f837307a6813442f
:1062bc0003211846fff724ff0346bb8597f83730b8
:1062cc00033387f8373097f837307a681344012155
:1062dc001846fff715ff034687f82b3097f8373031
:1062ec00013387f8373097f837307a681344032135
:1062fc001846fff705ff03463b8597f83730033305
:10630c0087f8373097f837307a68134403211846ea
:10631c00fff7f6fe0346fb8497f83730033387f814
:10632c00373097f837307a68134403211846fff753
:10633c00e7fe0346bb8497f83730033387f83730d2
:10634c0097f837307a68134403211846fff7d8fec4
:10635c0003467b8497f83730033387f8373097f848
:10636c0037307a68134402211846fff7c9fe0346fa
:10637c0087f8213097f83730023387f8373097f8a1
:10638c003730033bda0f13445b10d9b297f8212056
:10639c0007f10c03184603f07bfe034687f8203008
:1063ac0097f8203083f00103dbb2002b5bd1fa7835
:1063bc0097f835309a4258d1fa7813469b0013441b
:1063cc00db002c4a1344fb61fb697a8e9a80fb69d3
:1063dc003a8eda80fb69fa8d1a81fb69ba8d5a8183
:1063ec00fb8dba8d03fb02f2fb69da60fb6997f84f
:1063fc002b209a70fb693a8d1a82fb69fa8c5a82af
:10640c003b8dfa8c03fb02f2fb695a61fb69ba8c77
:10641c001a83fb697a8c5a83bb8c7a8c03fb02f24d
:10642c00fb69da61144b5b7803f5fa639ab2fb698a
:10643c001a84114b9a78fb6983f822200e4bda7878
:10644c00fb6983f823200c4b1a79fb6983f8242011
:10645c00094b5a79fb6983f82520074b9a79fb691c
:10646c0083f8262002e000bf00e000bf3837bd46ad
:10647c0080bd00bf0c030020680a00202de9f0430a
:10648c008bb004af0346fb71fa79454913469b0068
:10649c001344db000b441b78022b6bd0022b79dcf2
:1064ac00002b02d0012b4fd074e007f1080300221f
:1064bc001a605a609a60da6080220021394806f02e
:1064cc00b7f8fc79384b1b8e9846374bb3f9323002
:1064dc009bb29946354b1b881d46344b5b881e4638
:1064ec00334b1b883b6007f10802fb7911461846b9
:1064fc0003f02efd03461a4607f108031146184611
:10650c0003f0a0fd034603933b68029301960095ac
:10651c004b4642462146274804f05efbfa79204957
:10652c0013469b001344db000b4401221a702248d3
:10653c0001f0b2fd022280211a4802f031f802214a
:10654c00012002f073f825e01c4b1b78dbb2002b0a
:10655c001fd00221002002f069f8184b00221a709b
:10656c00fa790f4913469b001344db000b440222bb
:10657c001a700ee0fb7919460a48fff714fefa79f7
:10658c00074913469b001344db000b4403221a708b
:10659c0000e000bf00bf1c37bd46bde8f08300bf64
:1065ac000c0300205c030020300a00205005002062
:1065bc005405002004c5020040420f00de030020f9
:1065cc0080b500af174bdb78042b28d1164b1b780a
:1065dc001946164a0b469b000b44db0013441b78f0
:1065ec00032b16d1104b1b780133002b03f0010346
:1065fc00b8bf5b42dab20c4b1a700b4b1b781946c6
:10660c000a4a0b469b000b44db00134400221a7011
:10661c0006e0054b1b781846fff730ff00e000bf83
:10662c0080bd00bf38000020dc0300200c030020dc
:020000040000fa
:020000040002f8
:04663c0006f012b89a
:020000040000fa
:020000040002f8
:106640002de9f04f2ded028b99b0cde90e130b68bb
:106650000893d1e901a392ed007b0a930b69cd6801
:106660001490159351ec170b002200238ded027b43
:1066700005f0e2fd48b9089b580737d4089b13f092
:106680000803099334d0202306e0dde9022101f15b
:106690000043cde902232d232b700a9b013b079376
:1066a00001230993dde9021323f00042a84b0026e1
:1066b0009a4208bfb1421ed10f9b0998413b192b4a
:1066c00094bfa449a449284406f00bf8284605f0d5
:1066d0007dff089b009302460a9b1498294605f00b
:1066e00095f819b0bdec028bbde8f08f2b23d3e7f2
:1066f0000a9b0793d6e78e42934108d20f9b0998d5
:10670000413b192b94bf954995492844dce7dde9c5
:1067100002010022002305f0f9fd9fed8b7b04466a
:106720008ded047b002800f00a8134460f9805f0b7
:10673000caffbaf1000fc3b20b93c0f2dd81672b21
:1067400040f04081baf1000f08bf4ff0010a211d4f
:10675000c0f23b81544580f23881002c4ff0660b2b
:106760000fdabbf1660f0af1010a0ad1002c04da34
:106770009fed757b8ded047b00240b9b672b00d078
:10678000a2449ded047bdde902678ded0c7b4ff0ab
:106790000008dde90c233046394602f0eeff41ecfb
:1067a000100b04f029fe07f10043109611939deda4
:1067b0000c1b9ded102b8ded160b05f083fe53ec9d
:1067c000102bdde90c01164603f100470022654b52
:1067d00002f0d3ff08f1010802460b46c245cde99d
:1067e0000c23d6d1604b002203f0d0ff32463b464b
:1067f0008046894605f004fd002840f0e9803246d5
:106800003b464046494605f081fd30b1dde91601c1
:1068100005f036fbc20740f1db80dde902014246ac
:106820004b4602f08bfe4f4bcde902010022dde921
:10683000040103f0abff02460b46cde90c23dde972
:10684000022305f02dfc002800f0c780bbf1660f85
:1068500004f1010440f0c5800af1010aa0460027b6
:10686000099ea8eb0a0ab946d04540f0e380b9f189
:10687000000f00f02a81a8190022bbf1650f0270f9
:1068800028d1159b013b9442ea54bcbf64420122cb
:1068900002274ff00a0e591e002c40f01d81002fd8
:1068a00000f31a81002a0cbf2b222d226a540f9a62
:1068b000023b413a192a05eb030198bf4ff0450b03
:1068c0009e4281f800b001da05f00bff079b1f44e0
:1068d0003b1f0793089b03f00303022b7ff4f6aee4
:1068e000079b002b7ff7f2ae284605f06ffe079b53
:1068f000eb18099a824240f3fb800998079a3021ed
:10690000284405f09bfe00230a93dfe6cde90467e7
:10691000013442464b46dde9040103f037ff0646e9
:106920000f4602460b46dde9020105f085fc002812
:10693000ecd0dff8389000264ff0000836e0dff8a2
:1069400024904ff00008e4e7000000000000f03f52
:106950000000f07f2bc502002fc5020033c50200e6
:1069600037c50200000024400000144000005043de
:1069700014f5967f11da86b9dde9020142464b46ed
:1069800003f004ff4246cde902014b46dde9040174
:1069900003f0fcfecde904010126dde904015a4bb8
:1069a000002202f0eafecde90401013cdde9042306
:1069b000dde9020105f040fc0028d9d1b6e64ff030
:1069c000060ac4e6ddf82cb0cbe64ff0650bd8e63e
:1069d0004ff000084ff000091fe79ded047b8ded9f
:1069e0000c7bbbf1650f14bfa0464ff0000836e7e3
:1069f000b9f1000f0bd1b8f1000f08da04992e227b
:106a00006a54079a013a013607924ff00109ea19d0
:106a1000a9193244302001e001f8010b9142fbd169
:106a20000799ba193033cf1bab547b1e561c079302
:106a3000002728e00e9b04961b69053bb3427ff6b6
:106a400016afdde90c23dde9020102f096fe41ec10
:106a5000100b04f0d1fc51ec100bb0ee408af0eebc
:106a6000608a05f00dfa089a092802f01002034620
:106a7000a8bf09230243bbd10b9a672ab8d1b8f14a
:106a8000000fb5da0137029b1293039bb0ee481a50
:106a9000f0ee681a03f1004313939ded122b9ded68
:106aa0000c0b05f00ffd53ec102b03f10043dde957
:106ab0000c0103930022144b8ded020a02f05dfedf
:106ac00008f1ff38cde90c01cee6089bdb0642bf9a
:106ad0002e23ab550136cee60b4694fbfefc0ceba9
:106ae0008c01a4eb41013031e9546446013fd2e608
:106af0002a5c1a540138fce60b9b672b3ff45faf0e
:0c6b00009b464ff0060a2ce600002440e3
:020000040000fa
:020000040002f8
:046b0c0005f076bd5d
:020000040000fa
:020000040002f8
:106b1000b0b596b000afb64bd3f8843007ee903adc
:106b2000f8eee77a9fedb37ac7ee876a16ee900a21
:106b300005f0d2fb02460b46c7e9122396a3d3e920
:106b40000023d7e9120102f018fe02460b4694a179
:106b5000d1e9000105f0e0fd02460b4614461d4652
:106b600091a3d3e90023d7e9120102f0e7fc024622
:106b70000b46d7e9120102f000fe02460b46204602
:106b8000294603f003fe02460b461046194605f05f
:106b90002cf9034600ee103a04f0caf8f0ee407a01
:106ba0009fed957a67ee877a17ee900a05f094fbd1
:106bb00002460b46c7e910238d4bd3f88c3007ee05
:106bc000903af8eee77a9fed8d7ac7ee876a16ee77
:106bd000900a05f081fb02460b46d7e9100103f04d
:106be000d5fd02460b46c7e90e2371a3d3e9002366
:106bf000d7e9120102f0a2fc02460b46c7e90c23ba
:106c00007b4bd3f8883007ee903af8eee77a9feda9
:106c10007c7ac7ee876a16ee900a05f05dfb0446a3
:106c20000d46d7e90c2362a1d1e9000102f0a5fdd0
:106c300002460b462046294603f0a8fd02460b46b5
:106c4000c7e90a235ca3d3e90023d7e90e0102f0c8
:106c500094fd02460b4614461d46d7e90c2358a165
:106c6000d1e9000102f089fd02460b462046294683
:106c700003f08cfd02460b46c7e90823d7e9082339
:106c8000d7e90a0105f048fd02460b46c7e906238d
:106c90005c4bd3e902455b4bd3e902014aa3d3e93c
:106ca000002302f04bfc02460b4649a1d1e900014a
:106cb00002f063fd02460b462046294602f03efce8
:106cc00002460b461046194643a3d3e9002303f0be
:106cd0005dfd02460b46c7e90423d7e9040105f030
:106ce00084f8034600ee103a04f0acfa10ee103ac5
:106cf000184605f0f1fa02460b46c7e91423d7e916
:106d0000140105f072f807ee900af0eee77a9fedb5
:106d10003e7af4eec77af1ee10fa04d530a3d3e947
:106d20000023c7e91423d7e914234ff000003749a3
:106d300002f023fd02460b46c7e90223d7e90623ea
:106d4000d7e9020103f022fd02460b461046194620
:106d500025a3d3e9002303f019fd02460b46c7e93a
:106d600000234ff000022a4bd7e9000102f005fd95
:106d700002460b4610461946224bd3e9022302f085
:106d8000ddfb02460b461f49c1e9062300bf583709
:106d9000bd46b0bdaff300800000000000506d4064
:106da0000000006091ad3240000000803d12704054
:106db00000000060661271400000000000aa8f40d1
:106dc000000000803d8a2640000000a099991140f3
:106dd000000000a0703d1d40399d52a246df913f4a
:106de000000000a0f7c6b03e00000080eb51f03f6d
:106df000e00300200000c8425396c3400050c34740
:106e000080e6c547300a0020bd3786350000f03fd8
:106e100000004e40b0b588b000af54a3d3e90023c2
:106e2000c7e90423504b1b69002b3adb4e4b1b690f
:106e3000184605f035fbd7e9042302f07ffb024634
:106e40000b46d7e9040102f098fc02460b4643ecde
:106e5000172bb0ee470af0ee670a03f04df987ed05
:106e6000000b414bd3e906453ba3d3e90023d7e907
:106e7000000103f08bfc02460b461046194604f055
:106e8000b4ff0346184605f027fa02460b46204693
:106e9000294602f053fb02460b463349c1e9082359
:106ea00056e0314b1b69184605f0fafa02460b46cc
:106eb0001146b96123f00043fb61d7e90423d7e908
:106ec000060105f09df90346002b0ad024a3d3e95f
:106ed0000023d7e9040103f059fc02460b46c7e939
:106ee0000623d7e90623d7e9040102f027fb02466f
:106ef0000b46d7e9040102f040fc02460b4643ec86
:106f0000172bb0ee470af0ee670a03f0f5f887edad
:106f1000020b154bd3e906450fa3d3e90023d7e9ac
:106f2000020103f033fc02460b461046194604f0fa
:106f30005cff0346184605f0cff902460b46204693
:106f4000294605f0e9fb02460b460749c1e908233b
:106f500000bf2037bd46b0bdf8c1631adca54c4068
:106f6000ae47e17a14aeef3f300a0020d0f33c0f79
:106f70000ff75c4180b500affff7cafdfff74aff8e
:106f8000094bd3e908014ff00002084b03f0fefb68
:106f900002460b461046194604f072ff03461ab229
:106fa000014b5a8600bf80bd300a002000005940c6
:020000040000fa
:020000040002f8
:106fb0002de9f04f95b0d2e900ab12930b68059321
:106fc0004b680a938b6807930b69cc680e900f93fc
:106fd000002200235046594605f02ef940b9059b82
:106fe00058072dd4059b13f008052bd0202303e070
:106ff0000bf100439b462d232370079b0125013b8a
:10700000b74a50462bf000410027914208bfb842d2
:107010001ad1129b413b192b94bfb249b249601956
:1070200005f05ffbb04805f0d1fa059b00930246de
:10703000079b0e98214604f0e9fb15b0bde8f08fe0
:107040002b23d9e7079bdbe757458a41129aa2f128
:1070500041020b9208d2192a94bfa449a44960198d
:1070600005f03ffba248dee7302161550b996a1c11
:1070700019298cbf78215821023ba1540693002284
:107080000023594605f042f902350646002800f073
:107090007a819fed917b8ded027b3e460a9b002b12
:1070a000b8bf1823dde90289cde908ab0c930133a1
:1070b0001393002742464b46dde9080102f05dfbd1
:1070c00041ec100b04f098f9424651ec100b4b4682
:1070d0008ded100b03f05afb02460b46dde908016b
:1070e00005f01afb834bcde90801002240464946d2
:1070f00003f04cfb0a9b002b8046894607f10107f1
:1071000006dadde908010022002305f0fff820b9c6
:10711000139b9f42ced10c9f0137774b00224046f4
:10712000494603f033fb8046894602460b46dde9bb
:10713000080105f081f8002840f02a81dde9080106
:1071400042464b4605f0e2f830b1dde9100104f0ab
:1071500097fec10740f11c8142464b4650465946b6
:1071600002f0ecf9cde90801dde9081323f0004253
:107170005b4b4ff000089a4208bf41453ff449afce
:107180000f9b053bab42109340f24e817b42129322
:107190002f46ab46c246c146dde90223dde90801c0
:1071a00002f0ebfa41ec100b04f026f951ec100b55
:1071b0008ded0c0b04f064fe002840f0ee80b9f178
:1071c000000f00f0ea8008f10108dde90223dde9a3
:1071d0000c0103f0dbfa02460b46dde9080105f07d
:1071e0009bfa444bcde908010022dde9020103f0de
:1071f000cdfa129b09f1ff399945cde9020103d07f
:10720000109b9f42bb46c7d3baf1000f1dd1b8f106
:10721000000f40f30a810a9b002b40f30681059b77
:10722000da0700f10281e3192e221a7008eb070237
:107230002244302103f8011f9342fbd1069b4744af
:107240006fea08084344013706930f9b0022e019b8
:10725000013b96420270b8bf7642e2544ff00108fb
:10726000b8bf01224ff00a0e591e002e40f0cb800d
:10727000b8f1010f00f0c780002a0cbf2b222d228d
:1072800062540b9a023b192a04eb03018cbf702253
:1072900050229f420a7001da05f023fa059b03f0a1
:1072a0000303022b15d1069b4344a3f10308b8f155
:1072b000000f0edd204605f089f904eb0803a84213
:1072c00080f2ae8042463021601905f0b7f9002304
:1072d00007932046a7e600bf000000000000f03f33
:1072e0000000f07f2bc502002fc5020033c502004d
:1072f00037c502000000b03f00002040cde9028900
:107300000136dde902231046194602f017f98046de
:10731000894602460b465046594604f08dff002828
:10732000ecd0dff828914ff00008dde90223504649
:10733000594604f081ff00283ff4b0ae424b0022d2
:10734000dde9020103f022fa0022002304f0deff4f
:1073500078b1dde9020142464b4603f017fa424696
:10736000cde902014b465046594603f00ffa8246da
:107370008b46dde90201344b002203f007fa013e9f
:10738000cde90201d1e79fed2e7b8ded027bb8e7c1
:107390004ff000084ff00009dee6baf1000f0bd104
:1073a000b9f1000f08d02e2304f80b30069b013be7
:1073b000013706934ff0010a04eb0803e2193b443e
:1073c000302101e002f8011b9a42fbd1069b07eb3a
:1073d000080ba3eb08080b9b0928d4bf30305730ab
:1073e000192b06d840f02003613b192b01d805f07a
:1073f00071f908f1ff3304f80b000bf10107069354
:107400004ff00008e1e60b4696fbfefc0ceb8c010e
:10741000a6eb41013031e154664608f1ff3823e71d
:10742000225c1a5401384ae72f46059bdb067ff59c
:107430000caf2e23e355013707e700bfaff3008001
:10744000000000000000f03f0000e03f000050435b
:020000040000fa
:020000040002f8
:107450002de9f04f242985b0dde90e8a05460e4658
:10746000144601d8012903d1a14b16221a6048e025
:10747000eb6bea6c93424bd25a1cea6318782028d3
:10748000f6d0a0f10903042bf2d92b2801d02d2826
:1074900046d1eb6bea6c2d284ff0ff3b18bf4ff045
:1074a000000b934238d25a1cea631878ea6cdff872
:1074b0004892002e00f09f81102e40f0a0813028cd
:1074c00040f09d81eb6b93422dd25a1cea631878f1
:1074d00040f02003782b35d1eb6bea6c934226d237
:1074e0005a1cea63187809eb00035b780f2b40f213
:1074f000e580eb6c002b00f07581eb6bdcb1023b9f
:10750000eb63002427462046394605b0bde8f08fde
:10751000284604f093fbb2e7284604f08ffbc5e74a
:107520004ff0000bc2e7284604f088fbd0e728465e
:1075300004f084fbd7e7013beb630021284605f00c
:1075400051f8dee7002e14bf10260826741e3440c2
:1075500040f0168117237343c3f342134b4493f84f
:10756000013100bf09eb00025278964203d9b4f111
:10757000006fc0f0a5804ff0ff32c3f1200e22fa59
:1075800003f102fa0efea3f1200c22fa0cfc41eaf0
:107590000e01da40002741ea0c01019209eb000cd0
:1075a0009cf801c0664555d9019aa14272eb070ebd
:1075b00050d3a3f1200e04fa0efec3f120009f4029
:1075c00024fa00f047ea0e07ea6b0743e86c9c4098
:1075d00082424cea040480f08380501ce8631078f7
:1075e000dce70a2eb2d1434f00240ce0ea6beb6ccf
:1075f00004eb840400eb44049a42a4f1300449d221
:10760000531ceb631078a0f13003092b01d8bc4266
:10761000ecd30027a0f13003092b21d84ff0993289
:10762000a24202f10042ba4114d34ff00a0ca4fb6b
:107630000c210cfb07110191991801994feae37c89
:107640005ceb01014ff0000e28bf4ff0010ebef1c0
:10765000000f23d009eb00035b78b342c0f09d809c
:10766000eb6c13b1eb6b013beb63444577eb0a0327
:10767000c0f0b08018f0010f40f0a280bbf1000f05
:1076800040f0b4801a4b222218f1ff341a604af1fc
:10769000ff3738e7284604f0d1fab4e7d418019b45
:1076a000ea6b4ceb0307eb6c9a4203d2531ceb637f
:1076b0001078afe7284604f0c1faabe7102645e79b
:1076c0009c40e96b1443ea6c914203d24a1cea6382
:1076d000087847e72846019304f0b0fa019b41e798
:1076e0002846cde9023104f0a9fadde9023155e777
:1076f00060050020999999193cae0200ea6c04fbe0
:107700000634eb6b934237d25a1cea63187809ebc4
:1077100000035b789e4202d9404a9442eed900278a
:1077200009eb00035a78964294d9002357b1a6fb7f
:10773000043ca6fb071311eb0c0143f10003003bd3
:1077400018bf0123002b85d1a6fb041c06fb07cc28
:1077500012eb010e5cf1000e28bf0123002b7ff419
:1077600079af8c18eb6cea6b4cf100079a4209d2a6
:10777000531ceb631078d3e7284604f05ffac6e7a2
:107780000024c4e7284604f059fac9e7eb6bea6c19
:10779000934211d25a1cea63187848444378b342a2
:1077a000f4d31f4b222218f0010f1a6044465746ab
:1077b00018bf4ff0000b53e7284604f03ffaece700
:1077c000a0457aeb070305d2154b22221a604446e6
:1077d000574698e6bbf1000f3ff495ae644267eb65
:1077e000470790e6002c7ff48caea6e6a0457aeb26
:1077f0000703f3d2e8e730283ff464ae0a2609eb2a
:1078000000035b78b342fff4ecae12b1eb6b013bcb
:10781000eb630021284604f0e5fe25e6c6711c074f
:0478200060050020df
:020000040000fa
:020000040002f8
:107824002de9f047aeb00746164605914ff0000823
:10783400059d2b78002b00f0e08000244ff0ff33ef
:10784400cde909430eab0c9380230b940d932b5d70
:107854000bb1252b30d134b1294622463846254474
:1078640004f0c1fd0595059b1a78252a40f0bc80db
:1078740003f10109cdf814904a46002113782b2b0b
:10788400104602f1010223d02ed8202b24d0232b22
:1078940026d001b105902a2b2ed004f039fb059a8d
:1078a4000b900020114601320b78303b092b79d91b
:1078b400002830d005912ee00134c8e7099b43f03d
:1078c400010309930121d9e7099b43f00203f8e777
:1078d400099b43f00403f4e7099b43f00803f0e732
:1078e400099b43f01003ece72d2be7d0302bebd0b2
:1078f4000029d2d00590d0e733681a1d1b68326086
:107904000130002b05900b9305da099a5b4282f053
:10791400010209920b93099bda0744bf23f0020387
:107924000993059b1a782e2a0fd14ff0000acdf83f
:1079340028a05a785d1c2a2a059535d1023305936f
:1079440033681a1d1b6832600a9305a804f01cfcf6
:10795400059d0390287804f0b4fe2528039900f0cf
:10796400da806138172800f2e080172800f2dd8001
:10797400dfe810f02b00db00b6004700a700a700eb
:10798400a700db004700db00db00db00db009e0020
:1079940065008300db00db00c700db005600db0072
:1079a400db00740001207de7284604f0b1fa534659
:1079b4000a90294601350a78303a092a03d9002b5e
:1079c400c3d00591c1e70123f3e7324606a804f0ca
:1079d400cdfc002872d06b1c059306aa2b7809a94c
:1079e4003846fff7e3fa04444444a04540f3a78033
:1079f400544b4f221a604ff0ff3840462eb0bde87a
:107a0400f0873346012206a803f090fc002855d0e5
:107a1400013506aa09a93846059503f00ffee2e7e9
:107a24003346002206a803f081fc002846d0013525
:107a340006aa09a93846059504f056f9d3e7334652
:107a4400002206a803f072fc002837d0013506aaec
:107a540009a93846059503f051ffc4e733460022cf
:107a640006a803f063fc48b36b1c05932b7806aaa5
:107a740009a9384602f020ffb5e733460022f02179
:107a840006a803f053fcc8b1dde9063201351343ff
:107a940005950bd12c4804f097fd099b00932a49c6
:107aa4000b9b0246384603f0affe9ce77823dee7e3
:107ab400334608eb040206a803f059ff0135059587
:107ac40092e7324606a804f051fc0028f6d06b1c5d
:107ad400059306aa2b7809a93846fef7affd82e77d
:107ae4008029ebd1336801351a1d1b6832608df88b
:107af40018300595012306aa09a9384604f0c8f8e8
:107b040071e78029dad13268131d336001351268b8
:107b140005950023f0e78029d0d1099b0093013516
:107b24000b9b059509490122bce700234ff0ff3266
:107b3400cdf8149009930b930a920093f2e7a046b0
:107b440076e600bf6005002023c5020029c50200b7
:020000040000fa
:020000040002f8
:107b5400000000000000005f0000000700070014a0
:107b64007f147f14242a7f2a12231308646236495f
:107b74005522500005030000001c22410000412250
:107b84001c0014083e081408083e08080050300081
:107b940000080808080800606000002010080402bb
:107ba4003e5149453e00427f4000426151494621d1
:107bb40041454b311814127f1027454545393c4a3d
:107bc400494930017109050336494949360649498d
:107bd400291e0036360000005636000008142241e3
:107be400001414141414004122140802015109064b
:107bf400324979413e7e1111117e7f494949363e11
:107c0400414141227f4141221c7f494949417f0929
:107c14000909013e4149497a7f0808087f00417fec
:107c240041002040413f017f081422417f404040f1
:107c3400407f020c027f7f0408107f3e4141413e99
:107c44007f090909063e4151215e7f0919294646eb
:107c54004949493101017f01013f4040403f1f2014
:107c640040201f3f4038403f6314081463070870e6
:107c740008076151494543007f414100020408104f
:107c8400200041417f000402010204404040404082
:107c9400000307000020545454787f484444383883
:107ca40044444420384444487f3854545418087e8b
:107cb400090102081454543c7f0804047800447dec
:107cc40040002040443d007f1028440000417f4094
:107cd400007c041804787c0804047838444444384c
:107ce4007c14141408081414187c7c080404084830
:107cf40054545420043f4440203c4040207c1c20e9
:107d040040201c3c4030403c44281028440c505037
:107d1400503c4464544c44000836410000007f0049
:107d240000004136080008082a1c08081c2a080814
:107d340006090906007e1111917e00417fc1007e73
:107d44001111917e3e414141227e1111917e7e119d
:107d540011917e7f4949c9417f4949c97f3c4342ca
:107d640043247e4a4b4a4162534a47427e4a4b4a25
:107d7400423e4149497a7f0814224100417f410033
:107d84007f40404040444b4a4b327f0408107f7f81
:107d94000408107f3e4141413e3e4141413e3e4147
:107da40041413e3e4141413e44281028443f404029
:107db400c03f7f40404040444b4a4b323c414141ec
:107dc4003c3c4141413c62534a474262534a474228
:107dd4003649494936205454d47800447dc00020a3
:107de40054545478384444442020545454782054ef
:107df400545478385454d418385455541838454683
:107e0400452038545554184465564d4438545554f7
:107e140018081454543c7f1028440000447d40004a
:107e240000417f400048555655207c080404787c66
:107e340008040478384444443838444444383844c2
:107e4400444438384444443800363600003840400e
:107e5400a07800417f4000485454542038424222c4
:107e64007838424222784465564d444465564d4420
:057e7400000503000001
:020000040000fa
:020000040002f8
:107e7c0080b400af214b0022c3f8e42000bf1f4b9d
:107e8c00d3f8e43003f04003002bf8d11c4b1b68f3
:107e9c001b4a23f00203136000bf194b9b6803f0cd
:107eac000203002bf9d1174b9b69164a43f400636c
:107ebc009361124b4322c3f8e42000bf0f4bd3f85d
:107ecc00e43003f04003002bf8d00d4b00221a6075
:107edc0000bf0b4b9b68002bfbd1094b0222da63d2
:107eec0000bf074b9b6803f04003002bf9d100bf88
:107efc0000bfbd465df8047b704700bf001c00400e
:107f0c00006001410008004080b400af094b1b68c1
:107f1c00084a23f00203136000bf064b9b6803f072
:107f2c000203002bf9d100bf00bfbd465df8047bf6
:107f3c00704700bf0060014180b582b000af78602f
:107f4c00fff7e2ff154b00221a70154b0122da6283
:107f5c00134b00225a6300bf114b9b6803f01003b4
:107f6c00002bf9d10e4a7b68136400bf0c4b9b6845
:107f7c0003f08003002bf9d1094b1b68084a43f02e
:107f8c000203136000bf064b9b6803f00203002b37
:107f9c00f9d100bf00bf0837bd4680bddd0300200e
:107fac000060014180b500af074bdb6a03f00103b1
:107fbc00002b07d0044b0122da62044b01221a7009
:107fcc00fff7a2ff00bf80bd00600141dd03002070
:107fdc0080b400af214b0022c3f8e42000bf1f4b3c
:107fec00d3f8e43003f04003002bf8d11c4b1b6892
:107ffc001b4a23f00203136000bf194b9b6803f06c
:10800c000203002bf9d1174b9b69164a43f480539a
:10801c009361124b4322c3f8e42000bf0f4bd3f8fb
:10802c00e43003f04003002bf8d00d4b00221a6013
:10803c0000bf0b4b9b68002bfbd1094b0222da6370
:10804c0000bf074b9b6803f04003002bf9d100bf26
:10805c0000bfbd465df8047b704700bf001c0040ac
:10806c00008001410008004080b400af094b1b6840
:10807c00084a23f00203136000bf064b9b6803f011
:10808c000203002bf9d100bf00bfbd465df8047b95
:10809c00704700bf0080014180b582b000af7860ae
:1080ac00fff7e2ff154b00221a70154b0122da6222
:1080bc00134b00225a6300bf114b9b6803f0100353
:1080cc00002bf9d10e4a7b68136400bf0c4b9b68e4
:1080dc0003f08003002bf9d1094b1b68084a43f0cd
:1080ec000203136000bf064b9b6803f00203002bd6
:1080fc00f9d100bf00bf0837bd4680bdde030020ac
:10810c000080014180b500af074bdb6a03f001032f
:10811c00002b07d0044b0122da62044b01221a70a7
:10812c00fff7a2ff00bf80bd00800141de030020ed
:020000040000fa
:020000040002f8
:10813c0080b400af074b084ada6200bf054b5b689e
:10814c0003f02003002bf9d100bf00bfbd465df842
:10815c00047b7047001c00400101180080b400af84
:10816c001a4b0022c3f8a42000bf184bd3f8a4303c
:10817c0003f04003002bf8d1154b1b68144a23f075
:10818c000203136000bf124b1b6903f00203002ba8
:10819c00f9d1104b5b690f4a43f4404353610b4bcd
:1081ac004322c3f8a42000bf084bd3f8a43003f03b
:1081bc004003002bf8d0064b01221a73044b082203
:1081cc001a6000bfbd465df8047b7047001c004080
:1081dc00003800400008004080b400af094b1b6819
:1081ec00084a23f00203136000bf064b1b6903f01f
:1081fc000203002bf9d100bf00bfbd465df8047b24
:10820c00704700bf0038004080b582b000af786086
:10821c00fff7e2ff144b00221a70144a7b68d361fb
:10822c0000bf124b1b6903f04003002bf9d10f4b1d
:10823c0000225a6100bf0d4b1b6903f01003002b89
:10824c00f9d10a4b1b68094a43f00203136000bfc3
:10825c00064b1b6903f00203002bf9d100bf00bfd2
:10826c000837bd4680bd00bf5605002000380040d1
:10827c0080b500af084b9b7adbb203f01003002be8
:10828c0007d0054b10229a72044b01221a70fff78b
:10829c00a3ff00bf80bd00bf003800405605002082
:1082ac0080b400af1a4b0022c3f8e82000bf184b73
:1082bc00d3f8e83003f04003002bf8d1154b1b68c2
:1082cc00144a23f00203136000bf124b1b6903f026
:1082dc000203002bf9d1104b9b690f4a43f4c043a6
:1082ec0093610b4b4322c3f8e82000bf084bd3f833
:1082fc00e83003f04003002bf8d0064b01221a7330
:10830c00044b08221a6000bfbd465df8047b704721
:10831c00001c004000a001410008004080b400afe8
:10832c00094b1b68084a23f00203136000bf064b7d
:10833c001b6903f00203002bf9d100bf00bfbd463f
:10834c005df8047b704700bf00a0014180b582b08e
:10835c0000af7860fff7e2ff144b00221a70144a4a
:10836c007b68d36100bf124b1b6903f04003002be9
:10837c00f9d10f4b00225a6100bf0d4b1b6903f062
:10838c001003002bf9d10a4b1b68094a43f0020376
:10839c00136000bf064b1b6903f00203002bf9d1dd
:1083ac0000bf00bf0837bd4680bd00bf5705002089
:1083bc0000a0014180b500af084b9b7adbb203f003
:1083cc001003002b07d0054b10229a72044b01228c
:1083dc001a70fff7a3ff00bf80bd00bf00a00141d2
:0483ec005705002011
:020000040000fa
:020000040002f8
:1083f00080b400af0a4b1b69094a43f40073136150
:10840000084b094a5a63074b084a9a63054b4ff4d5
:1084100081721a8000bfbd465df8047b704700bfc3
:108420000008004000a0004170040020a0040020cb
:1084300080b400af034b044a1a6400bfbd465df828
:10844000047b704700a000410005200080b586b085
:1084500000aff860084611461a4603467b810b467a
:108460003b811346fb80fb685b687b613b8cfa8831
:1084700039897889fcf7ddf9354b1b6c344a23f0d8
:10848000020313647b695b089ab2324b5a80314b0a
:10849000314a9a602f4b0022da60fb681b7a002b6e
:1084a0000fd0fb681b881a4613461b0413442b4a43
:1084b0001360284b40f201221a80284a254b5a604b
:1084c0000be0244b40f201621a80fb681b681a46dd
:1084d0007b695b0013441f4a5360214b5b8c9bb24a
:1084e0001f4a23f480739bb253841e4b4ff40072d7
:1084f0009a611c4b40225a61154b1b6c144a43f085
:1085000002031364124b93f84430dbb2104a43f079
:108510000203dbb282f8443000bf0d4b93f84e30bb
:10852000dbb203f00203002bf7d0094b022283f8e1
:108530004e2000bf0a4b1b7edbb203f00203002b70
:10854000f8d0084b40229a6100bf1837bd4680bd65
:1085500000a000417004002028300040d404002016
:10856000003000400080004180b483b000af03467b
:10857000fb71fb79002b0cd0fb79012b01d1084a50
:1085800000e0084a0849fb7904331b010b441a60d8
:1085900000e000bf0c37bd465df8047b704700bfac
:1085a000000a20000008200000a0004180b582b031
:1085b00000af78600b467b8013467b707b78002b86
:1085c0002fd07b7819460120fdf7d0fc7b78174a25
:1085d0001b01134440f601021a807b78134a1b01e9
:1085e000134402337a881a807b78012b01d1104a18
:1085f00000e0104a7b780d491b010b4404331a60dc
:1086000079887a687b780a4408491b010b4408334f
:108610001a607b78054a1b0113440c3300221a6050
:1086200000e000bf0837bd4680bd00bf70040020d9
:10863000284001412820014180b483b000af0346a7
:108640000a46fb711346bb71bb79002b20d0fb7926
:10865000002b0ed0114abb7904331b0113441a6856
:108660000e49bb7942f0020204331b010b441a602d
:108670000fe00a4abb7904331b0113441a68074907
:10868000bb7922f0020204331b010b441a6000e0a4
:1086900000bf0c37bd465df8047b704700a0004169
:020000040000fa
:020000040002f8
:1086a0002de9f04786468c460846089e15467446d6
:1086b0001946002b40f0c2808242b2fa82f245d9bc
:1086c0004ab1c2f1200300fa02fc2efa03f39540ee
:1086d00043ea0c0c94404fea154ea8b2bcfbfef8de
:1086e000230c0efb18cc08fb00f943ea0c43994518
:1086f00028d9eb1808f1ff3704d2994502d9a8f11f
:1087000002072b44a3eb0903a4b2b3fbfefc0efb50
:108710001c330cfb00f044ea0344a04214d92c198a
:108720000cf1ff3304d2a04202d9acf102032c4475
:10873000241a43ea07401eb1d4400023346073601a
:10874000bde8f0874746dde76346f1e792bb431b90
:1087500001214fea154eafb2b3fbfefc200c0efb1d
:108760001c330cfb07f840ea0343984562d9eb1829
:108770000cf1ff3004d2984502d9acf102002b4431
:10878000a3eb0803a4b2b3fbfefc0efb1c330cfbf3
:1087900007f744ea0344a7424ed92c190cf1ff33e2
:1087a00004d2a74202d9acf102032c44e41b43eaf1
:1087b0000040c0e7c2f1200320fa03f19540904049
:1087c0002efa03f303434fea154eafb2b1fbfefca2
:1087d0000efb1c10190c0cfb07f841ea0041884500
:1087e00004fa02f422d969180cf1ff3004d288454a
:1087f00002d9acf102002944a1eb08019bb2b1fb04
:10880000fefc0efb1c110cfb07f743ea01439f42e1
:108810000ed9eb180cf1ff3104d29f4202d9acf112
:1088200002012b44db1b41ea004192e76046e3e78b
:108830006146f7e76046a3e76346b7e7834206d998
:1088400016b9002108467be7c6e900e0f9e7b3fa6c
:1088500083f78fb9834201d3724508d8beeb020477
:1088600060eb030301209c461eb9002168e73846ef
:10887000fae7c6e9004cf8e7c7f1200cbb4022fa42
:108880000cf41c432efa0cf120fa0cf3b84001430f
:108890004fea14490efa07f5b3fbf9f81ffa84fe04
:1088a00009fb18300b0c08fb0efa43ea00439a450b
:1088b00002fa07f240d9e31808f1ff3004d29a45d2
:1088c00002d9a8f102002344a3eb0a0389b2b3fb47
:1088d000f9f809fb183308fb0efe41ea03418e4507
:1088e0002cd9611808f1ff3304d28e4502d9a8f1c2
:1088f0000203214443ea0040a0fb0298a1eb0e01d1
:108900004145ce46434602d306d14d4504d2b9eb8c
:10891000020e68eb04030138002ea6d0b5eb0e0260
:1089200061eb030101fa0cfc22fa07f34cea0303a2
:10893000f940c6e9003198e74046c5e74346d9e724
:020000040000fa
:020000040002f8
:1089400080b483b000af78600b46fb7000bf0c4b67
:10895000db6a03f00403002bf9d1094bdb6a03f057
:108960000803002b05d1074b1a687b681344fa787b
:108970001a7000bf0c37bd465df8047b704700bf1e
:10898000004000417c0a002080b483b000af7860d2
:1089900000bf094bdb6a03f00403002bf9d1074b3e
:1089a0001a687b6813441b78dbb218460c37bd4647
:1089b0005df8047b704700bf004000417c0a002046
:1089c00080b483b000af78600b467b8000bf0c4b57
:1089d000db6a03f00403002bf9d1094bdb6a03f0d7
:1089e0000803002b06d1074b1a687b685b00134411
:1089f0007a881a8000bf0c37bd465df8047b70474b
:108a000000400041800a002080b483b000af78604d
:108a100000bf094bdb6a03f00403002bf9d1074bbd
:108a20001a687b685b0013441b889bb218460c379e
:108a3000bd465df8047b704700400041800a00207d
:108a400080b483b000af7860396000bf0c4bdb6a44
:108a500003f00403002bf9d1094bdb6a03f0080390
:108a6000002b06d1074b1a687b689b0013443a68b9
:108a70001a6000bf0c37bd465df8047b704700bf2d
:108a800000400041840a002080b483b000af7860c9
:108a900000bf094bdb6a03f00403002bf9d1074b3d
:108aa0001a687b689b0013441b6818460c37bd4648
:108ab0005df8047b704700bf00400041840a00203d
:108ac00080b487b000aff860b9607a6000bf154b22
:108ad000db6a03f00403002bf9d1124bdb6a03f0cd
:108ae0000803002b17d14ff088433b6100237b61c3
:108af0000ce0ba687b691a44f9687b690b443969f0
:108b00000b4412781a707b6901337b617a697b6848
:108b10009a42eed300e000bf1c37bd465df8047bef
:108b2000704700bf0040004180b487b000aff860dc
:108b3000b9607a6000bf124bdb6a03f00403002bbc
:108b4000f9d14ff088433b6100237b610de0fa6867
:108b50007b6913443a691a44b9687b690b441278fb
:108b6000d2b21a707b6901337b617a697b689a4261
:108b7000edd300bf00bf1c37bd465df8047b7047d6
:108b80000040004180b5beb000af3b1df122194648
:108b90000020fff7c9ff3b79002b07d1084b18468f
:108ba0003b1df122194603f005fd04e0f1220449c2
:108bb0000020fff785ff00bff837bd4680bd00bf2e
:048bc000bc080020cd
:020000040000fa
:020000040002f8
:108bc40080b400af074b084a1a6300bf054b5b68cb
:108bd40003f04003002bf9d100bf00bfbd465df890
:108be400047b7047001c004001010c0080b400affe
:108bf400264b0022c3f8202100bf244bd3f8203198
:108c040003f04003002bf8d1204b4422c3f8202169
:108c140000bf1e4bd3f8203103f04003002bf8d0e3
:108c24001b4b1b6a1a4a43f080031362194b1b88bf
:108c34009bb2184a23f002039bb2138000bf154b6a
:108c44001b6b03f00203002bf9d1124b0022da80d4
:108c5400104b03221a720f4b00229a720d4b0522fd
:108c6400da720c4b1b889bb20a4a43f002039bb294
:108c7400138000bf074b1b6b03f00203002bf9d1d9
:108c840000bf00bfbd465df8047b7047001c004078
:108c940000080040001c004380b400af144b5b8804
:108ca400013b062b1ed801a252f823f0cd8c020002
:108cb400d18c0200d58c0200d98c0200dd8c02001c
:108cc400e18c0200e58c02000a4b0ce00a4b0ae03e
:108cd4000a4b08e00a4b06e00a4b04e00a4b02e0a8
:108ce4000a4b00e00a4b1846bd465df8047b70470a
:108cf40050050020e4c40200e8c40200ecc40200f1
:108d0400f0c40200f4c40200f8c40200fcc402006f
:108d140000c5020080b582b000af0346fb71fb7949
:108d2400002b02d041f6010201e04ff4c052254b62
:108d34009a8000bf234b1b6b03f00403002bf9d173
:108d4400204b02221a7500bf1e4b93f82e30dbb263
:108d540003f00103002bf7d01a4b93f82e30dbb24b
:108d6400184a43f00103dbb282f82e30fb79002b62
:108d74000dd0144bb3f840309bb20133002b01da11
:108d840003f2ff135b129ab20f4b5a8015e00d4b9e
:108d9400b3f840309bb2184603f080fb4ff000025a
:108da4000a4b01f0f1fc02460b461046194603f04b
:108db40040fb03469ab2044b1a8000bf0837bd46f5
:108dc40080bd00bf001c00435005002000007e3f12
:108dd40080b400af154b41f60b029a8000bf134bd1
:108de4001b6b03f00403002bf9d1104b02221a75fc
:108df40000bf0e4b93f82e30dbb203f00103002bbf
:108e0400f7d00a4b93f82e30dbb2084a43f0010343
:108e1400dbb282f82e30054bb3f840309ab2044be3
:108e24001a8000bfbd465df8047b7047001c0043f8
:048e340054050020c1
:020000040000fa
:020000040002f8
:108e380080b400af1a4b1b889bb2194a23f0020377
:108e48009bb2138000bf164b1b6903f00203002b73
:108e5800f9d1144b00221a74114b134a9a6100bfbe
:108e68000f4b1b6903f40043002bf9d10c4b48f658
:108e780008321a800a4b1b889bb2094a43f0020346
:108e88009bb2138000bf064b1b6903f00203002b43
:108e9800f9d100bf00bfbd465df8047b704700bf35
:108ea80000240040001400408f6b1f0980b400affd
:108eb800034b9b691846bd465df8047b704700bfad
:108ec8000024004080b582b000affff7efff786064
:108ed8007b689b0edbb21833dab2164b5a707b688c
:108ee8009b0ddbb203f00f03dab2124b9a707b686a
:108ef8005b0cdbb203f01f03dab20e4bda707b684f
:108f08001b0bdbb203f01f03dab20a4b1a717b6842
:108f18009b09dbb203f03f03dab2064b5a717b6858
:108f2800dbb203f03f03dab2024b9a7100bf083795
:108f3800bd4680bd680a002090b482b000af0446e8
:108f4800084611461a462346fb710346bb710b4679
:108f58007b7113463b71fb79192b01d800231ae06a
:108f6800fb79183b9a06bb799b0503f070731a438b
:108f78007b795b0403f478131a433b791b0303f4ee
:108f8800f8331a433b7c9b0103f47c631a433b7d13
:108f980003f03f03134318460837bd4690bc70479b
:108fa80080b483b000af78600b46fb70184b1b8809
:108fb8009bb2174a23f002039bb2138000bf144be5
:108fc8001b6903f00203002bf9d1114a7b689361f6
:108fd80000bf0f4b1b6903f40043002bf9d10c4b66
:108fe8001b889bb20a4a43f002039bb2138000bf5e
:108ff800074b1b6903f00203002bf9d1054afb78e4
:10900800137300bf0c37bd465df8047b704700bf83
:1090180000240040680a002080b500af194b5b7837
:10902800022b2dd0184b9a68184b9b689a420ed089
:10903800174b1b78002b0ad0124b5b78002b06d1fc
:10904800114b9b6802211846fff7aaff19e00e4b47
:109058005a690e4b9b689a4213d00a4b5b78012bd6
:1090680003d00a4b1b7b002b0bd1074b5b7b002be0
:1090780007d0054b5b6901211846fff791ff00e017
:1090880000bf80bdc809002040000020680a0020f9
:0490980000000020b4
:020000040000fa
:020000040002f8
:04909c0003f002b922
:020000040000fa
:020000040002f8
:1090a0002de9f04753ec102b2ded028b12eb02084b
:1090b000dff838c223f000414ff0000741eb010e0a
:1090c00047457ceb0e0c82b0c0f095801e46804b6d
:1090d00097428b41144610460d46c0f091809fed9b
:1090e000707b0ff2c419d9e900898ded007b4ff038
:1090f000010a784a784b82428b410ddbdff8f0c1e0
:10910000764b21f0004284459341c0f08d80002fc2
:109110006ad0dde900895ee065a3d3e9002320463b
:10912000294601f033fb6e4b002203f0f5fa6c4b3d
:10913000002203f0f1fa22462b4600f0fff9024626
:109140000b462046294614461d465ba3d3e900235f
:1091500000f0f4f902460b462046294600f00dfbcc
:10916000dff88cc15d4b21f00042844593410446f9
:109170000d462dd202460b4601f008fb41ec180bc0
:109180005848b0ee480af0ee680a042102f096f959
:109190005548b0ee407af0ee607a0421b0ee480a0d
:1091a000f0ee680a8ded007b02f0ecfadde90001db
:1091b00053ec102b00f0e1fa22462b4601f0e6fac0
:1091c00002460b462046294600f0b8f904460d46f3
:1091d000baf1010f02d005f100431d4642464b464d
:1091e0002046294600f0aaf906f00046024686ea23
:1091f000010343ec102b02b0bdec028bbde8f087fd
:1092000022462b463249002000f0b7fa9fed2c7b16
:109210000ff2b409d9e900898ded007b04460d46b3
:109220004ff0030a022764e722462b4620462946d0
:1092300001f0acfa41ec180b2a48b0ee480af0ee07
:10924000680a042102f03af92748b0ee407af0eebd
:10925000607a0421b0ee480af0ee680a59ec178be8
:1092600002f090fa404653ec102b494600f085fa84
:1092700022462b4601f08afa02460b462046294632
:1092800000f05cf904460d46002f7ff442af06f073
:109290000046024686ea010343ec102babe700bf11
:1092a000000000000000000065732d3852c1e03f4f
:1092b0005499b0d0f56ce73faa4c58e87ab6fb3f1a
:1092c000182d4454fb21f93f66732d3852c1f03fed
:1092d0000000f03f58cd9e5e1426d13fdf7cdb3d81
:1092e0000000e03fa0bb0200c0bb02000000e0ffa6
:0492f000bbbdd7d952
:020000040000fa
:020000040002f8
:1092f40041542b43474e53535057523d312c312c3c
:10930400310d000041542b43474e535350524f44a8
:109314000d00000041542b43475053434f4c440d20
:109324000000000041542b43474e53534d4f4445d6
:109334003d330d0041542b434750534e4d4541524c
:109344004154453d310d000041542b434147505396
:109354000d00000041540d0041542b4353510d00a6
:1093640041542b435245473f0d00000041542b43c9
:109374005053493f0d00000041542b434744434f91
:109384004e543d312c224950222c22696e74657250
:109394006e65742e74656c65322e6c74220d00003b
:1093a40041542b43474143543d312c310d000000bf
:1093b40041542b48545450494e49540d0000000068
:1093c40041542b43545a553d310d000041542b4810
:1093d400545450504152413d2255524c222c226843
:1093e400747470733a2f2f6170692e7468696e6794
:1093f400737065616b2e636f6d2f75706461746536
:109404003f6170695f6b65793d384b45594e463114
:109414004b484645534131314e266669656c64318b
:109424003d3138312e38266669656c64323d3235fb
:109434002e3539266669656c64333d313426666998
:10944400656c64343d34266669656c64353d35313c
:1094540038266669656c64363d3130323526666976
:10946400656c64373d32322e37266669656c643824
:109474003d3631220d00000041542b4854545041d4
:109484004354494f4e3d300d0000000041542b48d9
:109494005454505445524d0d000000005345544956
:1094a4004e472055502048545450000053455449c9
:1094b4004e472055502047505300000025730000ac
:1094c40041542b43474e5353494e464f0d0d0a2bdf
:1094d40043474e5353494e464f3a000041542b43a1
:1094e400474e5353494e464f0d00000041542b4301
:1094f400434c4b3f0d00000041542b4353510d0d81
:109504000a2b4353513a200041542b435245473fc1
:109514000d0d0a2b435245473a200000494e495449
:1095240049414c495a4154494f4e00001f1c1f1ecb
:089534001f1e1f1f1e1f1e1f3a
:020000040000fa
:020000040002f8
:10953c0030b591ea030f00f18280841a71eb030cb1
:10954c0005d2121953eb0c03001b71eb0c0140f20a
:10955c00000ccff6e07c1cea430f52d0bceb410f61
:10956c005fd90c0da4eb135e5ff0010c6cf31f5173
:10957c006cf31f53def1200c2ad303fa0cf54019bf
:10958c0041f1000122fa0ef5401923fa0ef569415a
:10959c0012fa0cf2cd0208d349085fea30005feaf8
:1095ac00320228bf42f001020134013c5fea500c48
:1095bc0072f1004250f1000051eb04514ff40013d2
:1095cc0013eb410f38bf30bd6ff31301002030bdda
:1095dc00bef1200ebef1200f1ed223fa0ef540195b
:1095ec0041f10001cef1200c124218bf012203fa06
:1095fc000cf52a43cee711ea5c0f04bf00200021d2
:10960c0030bd1cea410f04bf01f00041002030bd09
:10961c0001f00041002030bd21f4801101eb045118
:10962c0030bd004218bf41f00101bceb410f08bf37
:10963c0030bd4ff0fe4141f47801002030bd83f085
:10964c000043841a71eb030e07d28ef0004e001b00
:10965c0071eb0e01121953eb0e0340f2000ccff616
:10966c00e07c1cea430fc6d0bceb410f72d90c0d49
:10967c00a4eb135ec90241ea5051c00241f0004113
:10968c00db0243ea5253d20243f00043def1200cda
:10969c0041d312fa0cf522fa0ef203fa0cf542ea57
:1096ac00050218bf42f0010223fa0ef3801a994109
:1096bc00e30ac4f30a0411f0404f03d418d0013c60
:1096cc0040004941013c23d44205c00a40ea4150c4
:1096dc00c90a51eac3715fea500c72f1004250f1b1
:1096ec00000051eb045130bd01002fd00020203c74
:1096fc000029f9d0b1fa81fcdcf1200e11fa0cf141
:10970c0030fa0ef510fa0cf02943a4eb0c04d9e74f
:10971c000020d90730bdaef1200ebef1200f0dd2c6
:10972c00cef1200c03fa0cf533fa0ef32a4318bfd2
:10973c0043f00103c01a61f10001b9e721f00041c7
:10974c00c00a40ea4150c90a01eb045130bd002067
:10975c00002130bd004218bf41f00101bceb410fac
:0e976c007ff467afbceb430f3ff463af30bd3b
:020000040000fa
:020000040002f8
:10977a00f0b581ea030e0ef0004e40f20007cff674
:10978a00e07717ea41051ebf95ea070f17ea430477
:10979a0094ea070f00f0c5806d0da5eb545707f545
:1097aa0080674ff0004646eac12444ea5054c0029a
:1097ba0046eac32343ea5253d202801a9c4104d296
:1097ca000018644180185c41013f5b084fea32028d
:1097da000025002140f001004ff0070604e0801a3e
:1097ea009c4136d340416441801a9c4136d3404162
:1097fa006441801a9c4136d340416441801a9c419d
:10980a0036d340416441801a9c4136d34041644179
:10981a00013e17d0801a9c4136d340416441801ad8
:10982a009c4136d340416441801a9c4136d3404121
:10983a006441090201eb156190ea052520f0ff0059
:10984a004540cce7801a9c4156d335e080185c41ec
:10985a00c8d20018644180185c41c8d2001864411b
:10986a0080185c41c8d20018644180185c41c8d293
:10987a000018644180185c41c8d200186441013e56
:10988a0017d080185c41c8d20018644180185c4126
:10989a00c8d20018644180185c41c8d200186441db
:1098aa00090201eb156190ea052520f0ff00454009
:1098ba00cce780185c411fd3420918bf44f0010469
:1098ca00490101ebd56100f01f0000eb451021f4be
:1098da00801141ea0e01013041f10001244208bf22
:1098ea0020f00100b7f5006f3eda013f49dd01ebd8
:1098fa000751bde8f0407047490101ebd56100f01e
:10990a001f0000eb451021f4801141ea0e01b7f562
:10991a00006f29da013f34dd01eb0751bde8f04061
:10992a007047004218bf41f00101124218bf43f0cc
:10993a000103b7eb410f2cbfb7eb430f1ce0b7ebaa
:10994a00410f04bfb7eb430f16e017ea410f04bffc
:10995a0017ea430f10e017ea410f12d017ea430f34
:10996a0002d0b7eb430f0cd04ef0fe4141f4700128
:10997a000020bde8f04070474ff0fe4141f4780105
:06998a00f6e77146f4e768
:020000040000fa
:020000040002f8
:1099900080b485b000af7860164b40f203125a8451
:1099a00000bf144bdb6903f01003002bf9d100bf9b
:1099b000104b1b7edbb203f00103002bf8d00d4ae5
:1099c0007b68936200bf0b4b1b7edbb203f004038a
:1099d000002bf8d0074b9b6afb60fb68db089bb24f
:1099e000c3f30b039bb218461437bd465df8047be6
:1099f000704700bf0030004080b500af3b4bdb78c4
:109a0000042b71d13a48fcf765fa3a4b4ff4806267
:109a10005a61394b5b7a022b46d0022b54dc002b67
:109a200002d0012b08d04fe041f28830fef7f2fb64
:109a3000314b01225a7247e0304b1b78dbb2002bce
:109a400041d02d4b1b7a002b07d1d020fff7a0ff70
:109a500003461a46284b1a8022e0274b1b7a012b1b
:109a600007d19020fff794ff03461a46224b5a80f5
:109a700016e0214b1b7a022b07d1b020fff788ff9d
:109a800003461a461c4b9a800ae01b4b1b7a032b99
:109a900006d1c020fff77cff03461a46164bda803a
:109aa000154b02225a720ee0134b1b7a5a1cd1b28c
:109ab000114a1172042b02d10f4b00221a720e4b65
:109ac00000225a7200e000bf0a4b4ff480629a6194
:109ad0000b48fcf7fff90b4b5b8c9bb2094a23f454
:109ae00080739bb2538400e000bf80bd380000202b
:109af00080841e000080004144050020560500209f
:109b000080c3c9010030004090b484b000af044667
:109b1000084611461a462346fb800346bb800b4687
:109b20007b8013463b801e4b1b88fa889a4210d8d4
:109b30001b4b1b88ba889a420bd9194b5b887a88d1
:109b40009a4206d8164b5b883a889a4201d901237b
:109b500000e00023fb73fb7b03f00103fb73104b5e
:109b60009b7a83f00103dbb2002b0bd00c4b9b885c
:109b70003b2b0ed9fb7b002b0bd0094b01229a7299
:109b8000012307e0064b9b883b2b02d8044b0022a5
:109b90009a72002318461037bd4690bc704700bf2c
:049ba0004405002058
:020000040000fa
:020000040002f8
:049ba40000207047e6
:020000040000fa
:020000040002f8
:109ba8002de9f04f57ec116b2ded028bc7f30a53db
:109bb800013b40f2fd7283b0934255ec104b8deda2
:109bc800011ab9464fd8c5f30a53013b9342a84638
:109bd80049d8a24625f0004b019852465b4629f029
:109be800004102f025fb70b122462b46304639462b
:109bf800fff7bffd69a3d3e9002321f0004102f07c
:109c080017fb002865d132463b4620462946fff718
:109c1800b0fd41ec100bfff73ffa0022002330465d
:109c28003946b0ee408af0ee608a02f001fb40b996
:109c3800b0ee480af0ee680a03b0bdec028bbde84e
:109c4800f08f51ec180b0022002302f0d5fa0028ff
:109c58004fd054a3d3e9002351ec180bfff76afc4b
:109c680041ec180be4e7019b4548d9184ff0000375
:109c780049eb09028b4270eb02023ed314eb040c51
:109c880045eb0502634570eb0202a84653d33d4af3
:109c980025f0004b934508bf9c42a2463dd00022c8
:109ca80000232046294602f02dfb48bb019b354a7c
:109cb800914508bf834258d019f5801f08bf8342d9
:109cc80021d0002200233046394602f01bfb002831
:109cd80082d027a3d3e9002308f0004848f07f5337
:109ce80043f4641343f4075343f03b0343ec182b4a
:109cf8009ee721a3d3e90023aee747ec186b97e76b
:109d08005fead97031d02048204908f0004802465f
:109d180088ea010343ec182b8ae7019a194929f0cc
:109d28000049894508bf9a4205f0004806d010a3ab
:109d3800d3e90023d2e745ec184b79e7002200234a
:109d48003946304602f074fa114b1249124d0e4c46
:109d5800002818bf19464ff0000281ea080314bf13
:109d68002a46224643ec182b62e70146cde700bf9e
:109d7800182d445400000000182d4454fb210940bc
:109d88000000e0ff0000f07f182d4454fb2109403b
:109d98007cd90240fb21e93fd221337f2342920c38
:0c9da800a19cc73b182d4454fb2109c0ae
:020000040000fa
:020000040002f8
:049db40000207047d4
:020000040000fa
:020000040002f8
:109db8002de9f04155ec104bc5f30a51013940f239
:109dc800fd77b9422ded028b2e46224625f0004341
:109dd80000f28a8043ec102b012001f0afff55a35d
:109de800d3e9002351ec100bfff7a4fb53a3d3e9ed
:109df8000023fff7befc02f03ff8804602f04cfb60
:109e080005f0004383ea010739464ea3d3e900234e
:109e1800064600f0b7fc22462b46fff78bfb4ba308
:109e2800d3e9002304460d463046394600f0aafc23
:109e380002460b4620462946fff77cfb364f374b38
:109e480021f000428742934104460d4613d318f08f
:109e5800010f33494ff000003ad02b462246fff756
:109e680088fc01f1004300ee100a00ee903abdecc8
:109e7800028bbde8f08102460b4600f083fc41ec02
:109e8800180b2848b0ee480af0ee680a032101f0e2
:109e980011fb204653ec102b294600f073fc0246b8
:109ea8000b4620462946fff745fbb0ee480af0ee80
:109eb800680a04460d461c48042101f0fbfa184bb9
:109ec80051ec100b0022fff735fb18f0010fc4d13d
:109ed80002460b4620462946fff74bfcbdec028b99
:109ee80041ec100bbde8f0811049994208bf002ce5
:109ef80007d02046001845eb060616f5001fb6d316
:109f080002e00b4b21221a609fed010bafe700bf67
:109f1800000000000000f87fbbbdd7d9df7cdb3d27
:109f28000000f03fc8c10200e0c102000000f07f5d
:109f380060050020182d4454fb21f93f182d445486
:109f4800fb210940000000000022f9bf9ee59e4b5e
:049f5800efaed23e58
:020000040000fa
:020000040002f8
:109f5c0080b485b000af03463960fb710023fb73fe
:109f6c00fb7b5a1cfa731a463b681344fa791a7035
:109f7c00314b1b8e1b0a9ab2fb7b591cf973194689
:109f8c003b680b44d2b21a702b4b1a8efb7b591cbc
:109f9c00f97319463b680b44d2b21a70264bb3f9cd
:109fac0032301b121ab2fb7b591cf97319463b68f1
:109fbc000b44d2b21a70204bb3f93220fb7b591ce4
:109fcc00f97319463b680b44d2b21a701b4b1a88b2
:109fdc00fb7b591cf97319463b680b44d2b21a70bf
:109fec00164b5b881bb21b031bb203f4e0431ab283
:109ffc00134b1b881bb2c3f30b031bb213431bb2d3
:10a00c00bb81bb891b0a9ab2fb7b591cf97319469d
:10a01c003b680b44d2b21a70fb7b5a1cfa731a467b
:10a02c003b681344ba89d2b21a70fb7b18461437ba
:10a03c00bd465df8047b7047300a002050050020b7
:10a04c005405002080b485b000af78600b46fb70df
:10a05c00ff23fb730023bb730de0bb7b7a681344b7
:10a06c001a78fb7b5340dbb21a46084b9b5cfb73a4
:10a07c00bb7b0133bb73ba7bfb789a42edd3fb7b82
:10a08c0018461437bd465df8047b704748af020094
:10a09c0080b485b000af78600b46fb701346bb7084
:10a0ac00ff23fb730023bb600de07a68bb6813448d
:10a0bc001a78fb7b5340dbb21a460b4b9b5cfb7351
:10a0cc00bb680133bb60fb78ba689a42edd3fa7b6c
:10a0dc00bb789a420cbf01230023dbb2184614371d
:0ca0ec00bd465df8047b704748af0200e1
:020000040000fa
:020000040002f8
:10a0f8002de9f84355ec104b514914eb040c25f0ad
:10a1080000434ff0000843eb0300e04581412ded8b
:10a11800028b20d34b484c49a0429941a94622467c
:10a1280026461f461bd34ff00108b9f1000f27db65
:10a13800464901ebc808d8e9004532463b46204667
:10a14800294602f0e5fa02460b4620462946fff763
:10a15800f1f941ec100bbdec028bbde8f8833c49ea
:10a16800a045994118d23b49a045994145d2bdec3b
:10a17800028b394b21229fed300b1a60bde8f88322
:10a18800324b03ebc803d3e904453046394622462f
:10a198002b46fff7cff9d6e72046194600f0f2fa2a
:10a1a80041ec180b4ff001082c48b0ee480af0eecd
:10a1b800680a052101f07ef92948b0ee407af0eef0
:10a1c800607a0521b0ee480af0ee680a55ec174ba4
:10a1d80001f0d4fa204653ec102b2946fff7c9fab0
:10a1e80032463b4600f0cefa02460b463046394628
:10a1f800fff7a0f906460f4697e71549002002f039
:10a2080087fa134b0022fff795f941ec100b4ff03a
:10a21800ff3001f093fdb0ee408af0ee608a00f066
:10a2280017fa012001f08afd53ec102b164603f1b2
:10a238000047b9e7aff30080000000000000f87f96
:10a248000000e0ffbabdd7d9df7cdb3de8b90200ea
:10a258000000e03f0000f03f6005002008ba02005f
:04a2680030ba020006
:020000040000fa
:020000040002f8
:04a26c000020704717
:020000040000fa
:020000040002f8
:10a270002de9f04751ec100b4d4e10eb000e21f084
:10a2800000434ff0000743eb030c774576eb0c06d9
:10a290002ded028b1bd30446024646488a464649aa
:10a2a000a04299411d4616d30026002732463b4660
:10a2b00020462946fff742f932463b46fff73ef972
:10a2c0000af0004a02468aea010343ec102bbdec77
:10a2d000028bbde8f0873949a74299410cd2384931
:10a2e000a742994139d2bdec028b364b21229fed1a
:10a2f0002c0b1a60bde8f0872046194600f046fa9c
:10a3000041ec180b002600272f48b0ee480af0ee6b
:10a31000680a052101f0d2f82c48b0ee407af0ee40
:10a32000607a0521b0ee480af0ee680a59ec178b06
:10a3300001f028fa404653ec102b4946fff71dfa6e
:10a3400022462b4600f022fa02460b4620462946ba
:10a35000fff7f4f804460d46a8e71849002002f07c
:10a36000dbf9164b0022fff7e9f841ec100b4ff038
:10a37000ff3001f0e7fcb0ee408af0ee608a00f0ba
:10a380006bf9012001f0defc53ec102b06a7d7e996
:10a390000067144603f10045b6e700bfaff3008045
:10a3a000000000000000f87f182d4454fb21e93f15
:10a3b0000000e0ffbabdd7d9df7cdb3d0000e03f05
:10a3c0000000f03f6005002008ba020030ba020029
:020000040000fa
:020000040002f8
:10a3d0002de9f04157ec106bb31947eb070313f568
:10a3e000001f6dd255ec114ba446241945eb050313
:10a3f00049494ff00008a3f50013a0459941ae4626
:10a400005ed325f0004127f00043b445444671eb8c
:10a410000308324607f000454ad21b0dc7f313006c
:10a42000b3eb115fcef3130740f4801047f48017ad
:10a430009e464fea115609dc4be053ea01023bd03d
:10a44000db184941b6451a4608460fd0b2eb0c035b
:10a4500060eb070100290ef1ff3eeeda1346db1830
:10a4600001464941b6451a460846efd1b3eb0c0cfc
:10a4700061eb0707002f04db5cea07031cd0624690
:10a480003846c70221d492184041c102334606f132
:10a49000ff36f8d5023b29d41b050021521840ebaa
:10a4a0000300161940eb050747ec106bbde8f0817f
:10a4b000994208bfb44501d145ec104bbde8f0818d
:10a4c0009fed130bbde8f0811e46731e1b05002196
:10a4d000e4e7b2eb0c0c60eb0707002ff4db5cea5f
:10a4e0000702e9d01e4662463846cce7c6f10103b2
:10a4f0001f36da4000fa06f6a3f1200120fa01f136
:10a5000032430a430021d8400b46c7e7aff300802f
:0ca51000000000000000f87f0000c0ff09
:020000040000fa
:020000040002f8
:04a51c000020704764
:020000040000fa
:020000040002f8
:10a5200053ec102b2de970431c46c3f30a53013b37
:10a5300040f2fd75ab42104624f0004157d8144656
:10a5400041a3d3e900230d46fef7f8ff40a3d3e96a
:10a55000002300f01bf9384b0022fef7efff01f05b
:10a560008ffc064601f09cff334b002202f0d4f82a
:10a5700029a3d3e900238046894600f007f9024663
:10a580000b462046294602f0c7f825a3d3e900234d
:10a5900004460d464046494600f0f8f802460b4690
:10a5a00020462946fef7caff02460b4604460d46e2
:10a5b00000f0ecf841ec100b2048082100f07eff81
:10a5c000204653ec102b294600f0e0f82b4622469b
:10a5d000fef7b4fff30741ec100b06d510ee901a0e
:10a5e000024601f1004343ec102bbde87083144b8d
:10a5f0008b4208bf002a07d09218644114f5001f4f
:10a6000005d29fed090bf0e70e4b21221a609fed5a
:10a61000080beae7aff300800000000000220940c9
:10a620009ee59e4befaee23e000000000000f03fd2
:10a63000000000000000f87f0000e03f20c00200a2
:10a640000000f07f60050020182d4454fb21f93fe5
:08a6500083c8c96d305fd43fdf
:020000040000fa
:020000040002f8
:10a658002de9f04155ec104b231945eb0503b3f5f3
:10a66800001f4ff000006bd3002d70db13f5001fa7
:10a678004ff0ff3862d23e4b3e4aa3eb5503c3f37b
:10a688008531064652f821209f1a3b460246394634
:10a6980000f078f822462b4600f074f841ec100bd5
:10a6a800404601f04bfb344953ec102b002002f0dc
:10a6b8002ff832463b4600f065f802460b46064640
:10a6c8000f4600f05ff822462b4600f05bf841ec9d
:10a6d800100b404601f032fb21a1d1e9000153ecf7
:10a6e800102b02f015f832463b4600f04bf80646b0
:10a6f8000f462046294632463b4600f043f80446ba
:10a708000d4622462b463046394600f03bf80246b5
:10a718000b460020194901f0fbff22462b4600f0aa
:10a7280031f841ec100b404601f008fb204653ec91
:10a73800102b2946fef7fefe41ec100bbde8f08118
:10a74800024605f0004343ec102bbde8f0810c4baa
:10a7580021229fed050b1a60f0e700bfaff30080e0
:10a768000000c0fffffff73f000000000000f87f77
:10a778000000e85f48b002000000f83f0000f03f2a
:04a788006005002048
:020000040000fa
:020000040002f8
:10a78c00f0b540f2ff7681ea030c16ea115e1ebfab
:10a79c00b64516ea1355b54252d021ea465141f45a
:10a7ac008011a1fb024723ea465343f48013ae44c5
:10a7bc00a0fb03650cf0004c36197d41a1fb03474f
:10a7cc0047f10003a0fb0217f619654153f1000392
:10a7dc00094218bf46f0010640f2fe74b3f5007f43
:10a7ec0013d2aef5806ea64523d24cea0331280372
:10a7fc0041ea155140ea16503203450872f1004205
:10a80c0050f1000051eb0e51f0bdaef2ff3ea645eb
:10a81c000fd24ceac321e80241ea555140ea5650a6
:10a82c00f202450872f1004250f1000051eb0e515a
:10a83c00f0bd1eea0e0f2dd50cf000410020f0bd2e
:10a84c0016ea115f04bf01f000410020004218bf5e
:10a85c0041f0010116ea135f04bf03f0004300222c
:10a86c00124218bf43f0010306ea1354b44218bf56
:10a87c00b64503d00cf000410020f0bd21f00041a2
:10a88c0023f00043b1eb065f0cd8b3eb065f09d89d
:10a89c0041b13bb10cf0004141f0fe4141f470017b
:10a8ac000020f0bd40f20001c7f6f8710020f0bda9
:020000040000fa
:020000040002f8
:10a8bc002de9f04f8bb00d460493d1e901132f68ad
:10a8cc00d5f80c9003900029a8bf27f002079246f8
:10a8dc00b8bf012117f010020592dae9006232d0fc
:10a8ec0056ea02002fd0a3f1020b2c69029617f046
:10a8fc00080004f1ff3418bf0bf1ff3b9046002217
:10a90c0009f8042006905a46012c1edc059a002af0
:10a91c0051d1069a1ab1013c202209f804202a6967
:10a92c0003980097013a121b09eb040100f068ff31
:10a93c00039b5b68db0503d56b689842b8bf184670
:10a94c000bb0bde8f08f9b46cfe7029850ea0800a9
:10a95c0008d1a1eb0b001044002803dc002ad5dd44
:10a96c00b807d3d50298049e00f00f000928a6f171
:10a97c00410cd4bf30305730bcf1190f04f1ff3407
:10a98c000ed840f0200cacf1610cbcf1190f07d8bb
:10a99c00cde90813079201f097fedde90813079a39
:10a9ac0009f804000298060946ea0870013a029078
:10a9bc004fea1818a8e7dae900210a43a9d009ebf5
:10a9cc000402049902f8011c023c302209f804200c
:02a9dc009fe7f3
:020000040000fa
:020000040002f8
:02a9de007047c0
:020000040000fa
:020000040002f8
:10a9e0002de9f84357ec106bc7f30a53013b40f2d3
:10a9f000fd729342b846b146344627f0004552d81e
:10aa00003da3d3e9002330462946fff7bffe364b6e
:10aa10000022fef793fd01f033fac3071fd408bbf1
:10aa200022462b4620462946fff7b0fe41ec100b8c
:10aa30002e48082100f042fd204653ec102b2946f9
:10aa4000fff7a4fe22462b46fef778fd08f00048eb
:10aa5000024688ea010343ec102bbde8f88307f1b6
:10aa60000043984601f01cfd19a3d3e900230646d4
:10aa70000f46fff78bfe02460b462046294601f0a3
:10aa80004bfe15a3d3e9002304460d463046394654
:10aa9000fff77cfe02460b4620462946fef74efd98
:10aaa00004460d46bce7124bab4208bf002e07d050
:10aab00019eb090947eb070818f5001fcdd302e091
:10aac0000c4b21221a609fed060bc6e7aff3008006
:10aad00000000000002209409ee59e4befaee23ee2
:10aae000000000000000f87f0000e03f20c00200ee
:10aaf0000000f07f6005002083c8c96d305fd43f3f
:020000040000fa
:020000040002f8
:10ab000080b483b000af0346fb71fb791bb243f402
:10ab100040731ab2084b92b25a8400bf064bdb69ed
:10ab200003f01003002bf9d100bf00bf0c37bd4666
:10ab30005df8047b704700bf0020014180b485b000
:10ab400000af78600023fb7302e0fb7b0133fb73f3
:10ab5000fb7b7a6813441b78002bf6d1fb7b1bb27e
:10ab600043f440731ab21e4b92b25a8400bf1c4b7e
:10ab7000db6903f01003002bf9d17b68bb60fb7b22
:10ab800003339b10fb73164b02221a760de000bfb5
:10ab9000134b1b7edbb203f00103002bf8d0bb6824
:10aba0001a1dba600e4a1b689362fb7b5a1efa7329
:10abb000002becd100bf0a4b1b7edbb203f002037b
:10abc000002bf8d0064b5b8c9bb2054a23f44073f4
:10abd0009bb2538400bf1437bd465df8047b7047b9
:10abe000002001410fb480b5a2b000af07f194037b
:10abf0007b6007f108007b68d7f89020802100f087
:10ac00008fff07f108031846fff798ff00bf88374a
:0cac1000bd46bde8804004b0704700bfa6
:020000040000fa
:020000040002f8
:10ac1c0080b400af0f4b02229a6100bf0d4b1b6931
:10ac2c0003f00203002bf9d00b4b0c4a1a6200bf45
:10ac3c00094b5b6803f00403002bf9d1084b042289
:10ac4c001a8000bf064b5b8a00bfbd465df8047bd3
:10ac5c00704700bf00100040001c004001010c00b8
:10ac6c000040004180b400af1b4b02229a6100bf30
:10ac7c00194b1b6903f00203002bf9d0164b174a32
:10ac8c009a63154b27225a6300bf134bdb6b03f0ff
:10ac9c000403002bf9d1104b022283f8302000bfa3
:10acac000d4bdb6b03f00203002bf9d10c4b0d4a5f
:10acbc001a6200bf0a4b5b6803f00403002bf9d146
:10accc00094b04221a8000bf074b5b8a00bfbd46ac
:10acdc005df8047b704700bf00100040600003006b
:10acec00001c0040070101000040004180b485b009
:10acfc0000af78607b684ff47a4202fb03f3bb60d1
:10ad0c000023fb6003e000bffb680133fb60fa68c3
:10ad1c00bb689a42f7d300bf00bf1437bd465df83d
:04ad2c00047b7047ed
:020000040000fa
:020000040002f8
:10ad3000b4ee400af1ee10fa55d1dfed337ab4eefd
:10ad4000e70af1ee10fa08b54edcdfed307ab4ee2a
:10ad5000e70af1ee10fa4dd4dfed2d7ab0eec07aad
:10ad6000b4eee77af1ee10fa4ad410ee103a03f09e
:10ad7000004383f07c539fed277a9fed276adfed38
:10ad8000273a9fed274adfed275adfed274a07eee6
:10ad9000903ae0ee077af5ee006afdeee77ab6ee5d
:10ada000005ab8eee77a17ee900aa7ee060a0130cd
:10adb000f0ee667aa7ee230a9fed1c6a20ee007a79
:10adc000e7ee045aa7ee246ae7ee257a60ee277aca
:10add00075ee676ae7ee066a87eea60a30ee050aa8
:10ade00001f09af908bd7047114b9fed120a22221b
:10adf0001a6008bd0e4b9fed100a22221a6008bd92
:10ae0000b7ee000a08bd00bf1372b14250acaec22b
:10ae100008e53c1e65a9b83f008031bf83805e39dc
:10ae200023958a372387e33bcbfc013a748c633d3f
:0cae3000600500200000807f0000000092
:020000040000fa
:020000040002f8
:10ae3c00ffffffffffffffffffffffffffffffff16
:10ae4c00ffffffffffffffffffffffffffffffff06
:10ae5c00fffffffffffffffffffffffffffffffff6
:10ae6c00ff00010203040506070809ffffffffffaf
:10ae7c00ffff0a0b0c0d0e0f1011121314151617e1
:10ae8c0018191a1b1c1d1e1f20212223ffffffff58
:10ae9c00ffff0a0b0c0d0e0f1011121314151617c1
:10aeac0018191a1b1c1d1e1f20212223ffffffff38
:10aebc00ffffffffffffffffffffffffffffffff96
:10aecc00ffffffffffffffffffffffffffffffff86
:10aedc00ffffffffffffffffffffffffffffffff76
:10aeec00ffffffffffffffffffffffffffffffff66
:10aefc00ffffffffffffffffffffffffffffffff56
:10af0c00ffffffffffffffffffffffffffffffff45
:10af1c00ffffffffffffffffffffffffffffffff35
:10af2c00ffffffffffffffffffffffffffffffff25
:0aaf3c00ff000102040703060500f0
:020000040000fa
:020000040002f8
:02af4600704752
:020000040000fa
:020000040002f8
:10af4800009bad36c15a6cf71982b42fd84375ee01
:10af580032a99f04f3685ec52bb0861dea7147dcf1
:10af680064ffc952a53e08937de6d04bbc27118ae1
:10af780056cdfb60970c3aa14fd4e2798e1523b8d1
:10af8800c85365fe0992a43fd14a7ce7108bbd26c1
:10af9800fa6157cc3ba0960de3784ed522b98f14b1
:10afa800ac37019a6df6c05bb52e188374efd942a1
:10afb8009e0533a85fc4f269871c2ab146ddeb7091
:10afc8000b90a63dca5167fc1289bf24d3487ee581
:10afd80039a2940ff86355ce20bb8d16e17a4cd771
:10afe8006ff4c259ae35039876eddb40b72c1a8161
:10aff8005dc6f06b9c0731aa44dfe972851e28b351
:10b00800c3586ef50299af34da4177ec1b80b62d40
:10b01800f16a5cc730ab9d06e87345de29b2841f30
:10b02800a73c0a9166fdcb50be2513887fe4d24920
:10b03800950e38a354cff9628c1721ba4dd6e07b10
:020000040000fa
:020000040002f8
:10b0480000150000f82e0000674d0000026b00009c
:10b05800be87000095a300007abe000066d80000f5
:10b068004af100001b090100cd1f01005235010003
:10b0780099490100985c0100346e01005f7e01006f
:10b08800038d0100019a010045a501008aae010067
:10b09800c4b5010001bb0100debf01008dc2010083
:10b0a800dec20100dbc0010073ba01001cb101005f
:10b0b800b5a401003d95010066820100e06b010026
:10b0c8003e680100d87901004d8a0100929901007b
:10b0d80089a7010045b4010061bf010089c90100c9
:10b0e8006dd101007bd70100dfdd0100ade2010079
:10b0f800bfe50100e8e6010054e60100cde30100e8
:10b108002adf010035d6010016cb01002cbe010054
:10b118004eae0100de9b01008e8601002e6e0100fe
:10b128007f5201004a3301005110010051e900002b
:10b1380001be00000d8e000024590000dd1e000035
:020000040000fa
:020000040002f8
:10b1480080b400af3a4b3b4a9a60394b4ff4606287
:10b15800c3f88820364b384a5a60354b4ff4807212
:10b16800c3f88420324b012283f84220304b01225d
:10b1780083f843202e4b012283f844202c4b0122d4
:10b1880083f845202a4b012283f84720284b0122c7
:10b1980083f84b20264b012283f84c20244b0122b4
:10b1a80083f84e20224b012283f84f20204b0122a6
:10b1b80083f851201e4b012283f852201c4b012298
:10b1c80083f8c8201a4b012283f8c920184b0122a2
:10b1d80083f8cb20164b112283f83120144b3322ed
:10b1e80083f83220124b302283f83320104b302260
:10b1f80083f835200e4b022283f836200c4b22228e
:10b2080083f837200a4b302283f83820084b032272
:10b2180083f83920064b332283f8b420044b3022bc
:10b2280083f8b52000bfbd465df8047b704700bfba
:0cb2380000800041e05702001c88040068
:020000040000fa
:020000040002f8
:10b2440008b510ee103a5a00130e013bfd2b50d8ee
:10b25400dfed2d7ab0ee007af0eec06ae6ee877a82
:10b264009fed2a7ac7ee875ab5eec00af1ee10fabe
:10b27400fdeee55a04d515ee903a5b4205ee903aa0
:10b28400f8eee57a9fed227adfed226aa7ee870acf
:10b294009fed217ab0ee406aa7eea66af0eec67a78
:10b2a400f4eec77af1ee10fa0cdcf7ee007a15ee44
:10b2b400903adb074abf87ee860a86ee270ab1ee8c
:10b2c400400a08bd26ee065a14480321b0ee450a8a
:10b2d40000f0c4fe1248f0ee407a0421b0ee450ab4
:10b2e400a6ee276a00f0bafef7ee007a70ee277a2f
:10b2f400dde7b2f17f4f03d0e3d39fed0a0a08bd27
:10b30400094b21221a60f8e7db0fc93fdb0f4940e4
:10b314000010c9bf7a779536ffe6db2e7cc50200a4
:0cb3240088c502000000c07f600500200a
:020000040000fa
:020000040002f8
:10b33000902910b50fdc7f2913dd8039102910d832
:10b34000dfe801f02b2b360f110f0f0f200f0f0f1f
:10b350000f0f0f0f3600c02944d0f02942d0a0298a
:10b3600021d000200de019682ab10a1d1a60b1f938
:10b370000030da1702e00c1d1c600b88c0e90032b7
:10b38000012010bd196822b10a1d1a6091f9003020
:10b39000efe70c1d1c600b78f0e71968f2b10a1d8d
:10b3a0001a600b68e5e71a68111d19601368e0e779
:10b3b000196852b1073121f0070101f108021a6042
:10b3c000d1e90023c0e90023dae7ca1d22f0070211
:10b3d00002f108011960d2e90023f3e70c1d1c609b
:10b3e0000b68cbe71a68111d19601368036000230e
:04b3f0004360c5e70a
:020000040000fa
:020000040002f8
:04b3f40001f067b944
:020000040000fa
:020000040002f8
:10b3f80053ec102bc3f30a512de9f04140f2fd70d4
:10b408004c1e84429e4641d8a1f2ff30002833db0f
:10b4180033282ddc264c4ff0ff3cc0f120061546a2
:10b42800a1f21f4104fa06f22cfa00fc4cea020cc5
:10b4380024fa01f24cea020cc44003ea040805eac3
:10b448000c0757ea080725ea0c0223ea04030fd081
:10b45800002b0dda4ff4801404fa06f624fa01f1f1
:10b468000e43b61824fa00f444eb0304324623468c
:10b4780043ec102bbde8f081002b03db9fed080b9c
:10b48800bde8f0819fed080bbde8f0810029efd100
:10b498000a4603f0004343ec102bebe7aff30080c0
:10b4a8000000000000000000000000000000f0bfe5
:04b4b800ffff0f0083
:020000040000fa
:020000040002f8
:10b4bc00f8b555ec104b8b1e00ebc306d6e90223f6
:10b4cc000f4620462946fff75bf9d6e90023fef725
:10b4dc002ff8022f02460b4645d020462946fff78f
:10b4ec004ff956e90223fef723f8032f02460b46c9
:10b4fc0039d022462b46fff743f956e90423fef7d1
:10b50c0017f8042f02460b462dd020462946fff78c
:10b51c0037f956e90623fef70bf8052f02460b46c2
:10b52c0021d020462946fff72bf956e90823fdf7d1
:10b53c00ffff062f02460b4615d020462946fff783
:10b54c001ff956e90a23fdf7f3ff072f02460b46b6
:10b55c0009d020462946fff713f956e90c23fdf7cd
:10b56c00e7ff02460b4620462946fff709f941ec56
:04b57c00100bf8bdfb
:020000040000fa
:020000040002f8
:10b5800080b500affff774fbfaf798fdfff7dcfd1d
:10b59000faf79cfafaf7d4fafcf7d0fdfdf712fba4
:10b5a000fdf726fb0120faf7e1fa0220faf7defaae
:10b5b0000320faf7dbfa0020faf7d8fafcf7d4fdfb
:10b5c000fcf774fefcf75afcfcf708fdfdf734fcb1
:10b5d000184b40229a61174b4ff480629a61f9f739
:10b5e00013f8fcf705fffcf723ff0120fcf7bcff75
:10b5f0000220fcf7b9fffdf7c5faf6f79dfff6f755
:10b600006dfdf6f77bfefef7f7f90b4b1b7a18463c
:10b61000f3f71bfafaf7dafffdf74cfc0346074a8b
:10b620009360fcf72bfefcf7cbfefcf7c1fcfcf7ac
:10b630006ffde2e700800041ec010020680a002075
:020000040000fa
:020000040002f8
:10b640002de9f041d2e900230c4686b005465feab9
:10b65000d378d1e901060968e76805913fd05242e5
:10b6600063eb4303002808db21f002010591b8f1e8
:10b67000000f02d10599480722d5711e05a8029036
:10b680000a20cde90010204600f0fef8b8f1000fc6
:10b690001ad001382d233b542269059b0093013aaf
:10b6a0003346121a3918284600f0b0f86b68db05eb
:10b6b00003d563689842b8bf184606b0bde8f0816c
:10b6c0000807dad43146d9e7059b590702d5013876
:10b6d0002b23e0e71a07dfd501382023dbe700281a
:04b6e000c2dac7e71c
:020000040000fa
:020000040002f8
:10b6e40080b586b002af47f6e013bb60204b5b78b1
:10b6f400012b1dd11f4b1b7883f00103dbb2002b00
:10b7040016d000233b731a4b9b78002b01d11a4ba4
:10b7140000e01a4b7b60381d40f23f130093ef2387
:10b72400be220021fcf790fe124b01221a701ae08f
:10b734000f4b5b78002b16d10e4b1b78002b12d0cd
:10b7440001233b730a4b9b885bba9bb2bb80381db9
:10b7540040f23f130093ef23be220021fcf774fe56
:10b76400044b00221a7000bf1037bd4680bd00bfd5
:10b77400680500200b0300208802000048f6000042
:020000040000fa
:020000040002f8
:10b784002de9f04757ec106b00ebc10a5ae902238c
:10b794008846814639463046fdf7cefe32463b4662
:10b7a400fef7f2ff5ae90423fdf7c6fe02460b46f4
:10b7b40030463946fef7e8ffb8f1030f04460d465c
:10b7c40018d05ae90623fdf7b7fe02460b46304669
:10b7d4003946fef7d9ffb8f1040f04460d4609d0e7
:10b7e4005ae90823fdf7a8fe32463b46fef7ccff94
:10b7f40004460d46d9e9002320462946fdf79cfe60
:08b8040041ec100bbde8f087d8
:020000040000fa
:020000040002f8
:10b80c002de9ff471d460c9b13f0010806460f4619
:10b81c00144601d195420bd822463946304600f0e9
:10b82c00defda54204d82546284604b0bde8f087c5
:10b83c00a5eb04094a46102a28bf1022202168468d
:10b84c00ca4600f0f5fe00bfbaf10f0f0ed809f092
:10b85c000f026946304600f0c2fdb8f1000fe3d18b
:10b86c0022463946304600f0bafddde71022694623
:0cb87c00304600f0b4fdaaf1100ae5e728
:020000040000fa
:020000040002f8
:10b888002de9f84f0446dde90a9a6668d4f80c8079
:10b8980024690c9f013c1946002e4ff00003d7f88d
:10b8a80000b008f804301046b8bf01264d46012301
:10b8b800002c03dcdbb12046bde8f88f50ea01021a
:10b8c80009d1a6eb09022a44002a04dc002df1dd87
:10b8d8001bf0020feed052464feaea7300f02cfd3f
:10b8e800013c1346303208f80420013de0e73b688c
:08b8f80023f010033b60dee7c2
:020000040000fa
:020000040002f8
:10b90000f0b50c46d1e9011787b0236805930029eb
:10b91000a4bf23f00203059305abe6680293082356
:10b92000cde900730546d2e900232046fff7acffbe
:10b93000059bd90642bf00f1ff3030233354059bed
:10b940001a0742bf00f1ff30202333542269059bc0
:10b950000093013a3b46121a31182846fff756ff6a
:10b960006b68db0503d563689842b8bf184607b01b
:02b97000f0bd28
:020000040000fa
:020000040002f8
:10b97200902910b50fdc7f2911dd803910290ed8ee
:10b98200dfe801f00f0f250d170d0d0d1e0d0d0d2a
:10b992000d0d0d0d2500a02903d0c02901d00020d6
:10b9a20006e019680c1d1c600b6803601a60012018
:10b9b20010bd19680c1d1c600b6803601a80f6e745
:10b9c20019680c1d1c600b6803601a70efe7196898
:10b9d2000c1d1c600b680360d117c3e90021e6e768
:020000040000fa
:020000040002f8
:04b9e400704700bfe9
:020000040000fa
:020000040002f8
:10b9e8000000000000000000182d4454fb21e93f2e
:10b9f800182d4454fb21f93f182d4454fb21e93fed
:10ba0800620a3aa8555e3bc08ad40a36a79a4c40c7
:10ba18009fdaa6a92cd843c02739ec64174e2440d6
:10ba2800651ee6b5bd4be6bfcc872b3ec08664c01d
:10ba380043b81e104f127a4048a856fccedd77c096
:10ba4800701c59967cde62401f86f96ee8d237c0ba
:020000040000fa
:020000040002f8
:10ba5800ffe708b5104b9847104b984700f099fc42
:10ba680000f030fa0e4b9847094b23f07f03094a40
:10ba780093600c4b98470c4b98470c4b98474ff0ea
:10ba880000004ff000010a4b98470a4b9847fee721
:10ba98000000000000ed00e0efc60200f5c602005d
:10baa80071c20200e1bb0200f1c60200f7c6020043
:08bab80081b50200f3c6020093
:020000040000fa
:020000040002f8
:10bac00011f0ff0170b504461fd003469a071846cf
:10bad0001fd14ff001354d43186880ea0506a0f1eb
:10bae000013222ea0002a6f1013020ea06000243f8
:10baf00012f0803f1c4603f10403edd0204614f8f9
:10bb0000013b2bb18b42f9d102e000f05ffd2044f4
:10bb100070bd13f8012b002afad08a42d6d1f7e77c
:020000040000fa
:020000040002f8
:10bb2000f0b59bb004460d46164600214c2207a8ee
:10bb30001f4600f083fd4ff0ff324ff48173cde9d3
:10bb4000022304b901accde9044555b16b1e002dab
:10bb5000069308da094b4f221a604ff0ff301bb0f2
:10bb6000f0bd2b46f3e71cbf002323703a46314655
:10bb700002a8cde9074400f0f3fcf0e760050020df
:020000040000fa
:020000040002f8
:10bb8000000000000000000065732d3852c1e03f46
:10bb9000182d4454fb21f93f66732d3852c1f03ff4
:10bba000e21c0651a6602bc0cbbce2b97f8134c039
:10bbb000636a8d5c3ffd20c0bd87b1d97acdeabff5
:10bbc000a995c4bc7c884440a56d0b04128a5540dd
:10bbd000d7a30d320aca4d4010c74ae1490c2e4086
:020000040000fa
:020000040002f8
:10bbe0000e4a38b5002313600d4a0e4c13600e4afe
:10bbf0000e4d13600e4a13600e4a13600e4a5362d4
:10bc0000136101239360fff79ef9fff79cf9ac42a3
:10bc100000d338bd54f8043b9847f8e75c05002092
:10bc2000e40400206c020000e00400207002000028
:0cbc3000d8040020dc040020e804002000
:020000040000fa
:020000040002f8
:10bc3c0038b5036d04463bb1426d934204dc0023de
:10bc4c00e3644ff0ff3038bd204600f0b4fb002811
:10bc5c00f5db236dd4e90f12a3b1656d5b1b551a8f
:10bc6c00ab420fdc013b0b44e36422b1636d521a0f
:10bc7c0001321344636511f8013c834218bf01f88b
:08bc8c00010ce0e71346efe7ad
:020000040000fa
:020000040002f8
:10bc94002de9ff41134ed1f80080b788adf80c7040
:10bca40005463068029002acb0798df80e00002a87
:10bcb40018bf1446d1e901671a461bb9204600f0a3
:10bcc40083fc0246002e02dbb24228bf3246cdf886
:10bcd40000803b4621462846fff796fd04b0bde8a8
:08bce400f08100bf3bc5020026
:020000040000fa
:020000040002f8
:10bcec00f0b50c46d1e9011687b0236805930029fd
:10bcfc00a4bf23f00203059305abe76802930a2364
:10bd0c00cde900630546d2e900232046fff7b6fdd6
:10bd1c002269059b0093013a3346121a39182846ba
:10bd2c00fff76efd6b68db0503d563689842b8bfff
:06bd3c00184607b0f0bd3f
:020000040000fa
:020000040002f8
:02bd4200704748
:020000040000fa
:020000040002f8
:10bd440053ec102b10b540f2ff7cc3f30a54644546
:10bd54000dd064b11946204440f2fe73984209dcc8
:10bd6400002811dd6ff31e51964641ea005343ec5f
:10bd7400102b10bd01f0004141f0ff43002243f4b9
:10bd8400e00343ec102b10bd002201f0004343ec10
:04bd9400102b10bda3
:020000040000fa
:020000040002f8
:10bd980070b500239ab098420393a6bf00f1004300
:10bda80003f1ff334ff0ff330d461190049000214b
:10bdb800044602a81646129300f010fcdde91e2383
:10bdc8003146cde9002302a80122fbf73dfb35b13e
:10bdd800dde911329b1a179a13441c442c601ab0df
:02bde80070bd2c
:020000040000fa
:020000040002f8
:10bdea0001f000428b1aa3f16051b1f5801f0adb02
:10bdfa00b1f17f6f09d242eac102c10071f100417b
:10be0a0042eb507070471046704701285b4113f5aa
:10be1a00001f02d842f0ff407047c90041ea507043
:0cbe2a00104340f4800040f0804070475e
:020000040000fa
:020000040002f8
:10be360010b590f948305a1e134380f84830d0e9bf
:10be460005239a42044603d90022c36a114698473d
:10be560060680023c4e90533a362830755bfd4e9ac
:10be6600023240f010009b18606056bfc4e90f33e1
:0abe76004ff0ff3040f3c00010bd94
:020000040000fa
:020000040002f8
:10be8000c1f30a5340f21e42d21a0edd202a0ad80c
:10be9000cb0243ea505040f00040d04090eae170bd
:10bea000b0ebe1707047002070474b00004218bfb4
:10beb00043f0010313f5001f88bf21f0004111f08a
:0abec000004058bf6ff000407047cb
:020000040000fa
:020000040002f8
:10becc00104b00229a60bff34f8fbff36f8f1a464f
:10bedc00d36813f0010ffbd10a4b01221a62bff396
:10beec004f8fbff36f8fdb6813f0010f08d1054b39
:10befc0020225a6001229a60bff34f8fbff36f8fdd
:08bf0c00704700bf0060004116
:020000040000fa
:020000040002f8
:10bf14000278202a034600f10100f9d0a2f10901b8
:10bf24000429f5d92b2a06d02d2a13d10121013356
:10bf3400013b002006e00021f9e700bf00eb800090
:10bf4400c2eb400013f8012f303a092af6d901b99f
:08bf5400404270470021ebe7b9
:020000040000fa
:020000040002f8
:10bf5c0080b586b002af0346fb800123019300231a
:10bf6c0000931423302200210020f8f7ccfe062386
:10bf7c00fb8107f10e01064b009300234ff6ff7275
:10bf8c001220f8f7a2fd00bf18461037bd4680bd41
:04bf9c0020c70200b8
:020000040000fa
:020000040002f8
:10bfa00010b5054c237833b9044b13b10448aff3f3
:10bfb00000800123237010bd280500200000000030
:10bfc0000000000008b5034b1bb103490348aff361
:10bfd000008008bd000000002c05002000000000cb
:020000040000fa
:020000040002f8
:10bfe00088420fd98b1883420cd900eb020ca2b106
:10bff0006246844613f8010d02f8010d9942f9d109
:10c000006046704752b1431e84460a4411f8010b42
:10c0100003f8010f8a42f9d160467047704700bfac
:020000040000fa
:020000040002f8
:10c02000555555555555c5bfb01011111111813fca
:10c030001a3e011aa0012abf63f024a5e31dc73ee2
:10c04000abc05d4b45e65abe30d46a683c12e63d53
:10c050009c4908dc20e46abd95df9369ff80e83cd9
:020000040000fa
:020000040002f8
:10c060008b1e00eb8300d0ed016a90ed007a50ed5d
:10c07000017aa6ee807a0329e0ee077a0dd010ed62
:10c08000027aa7ee807a0429f0ee477a05d010ed07
:10c09000037aa0ee277af0ee477a20ee270a70475f
:020000040000fa
:020000040002f8
:10c0a0004ff4001c1ceb410f98bf1ceb430f11d841
:10c0b00051ea030c50ea4c0c5cea020c0cd004d29e
:10c0c00082428b41804101307047904299418041ca
:0cc0d000013070470020704701207047cd
:020000040000fa
:020000040002f8
:10c0dc004ff4001c1ceb410f98bf1ceb430f11d805
:10c0ec0051ea030c50ea4c0c5cea020c0cd004d262
:10c0fc009042994180410130704782428b4180418e
:0cc10c0001307047002070470120704790
:020000040000fa
:020000040002f8
:10c1180010ee103ac3f3c75101f1ff3cbcf1fd0f1b
:10c128001a4607d80844431efd2b06d822f0ff42c2
:10c1380042eac05300ee103a704702f0004300286c
:0cc14800c8bf43f0ff4300ee103a704700
:020000040000fa
:020000040002f8
:10c1540010b50c78a4b103781bb912e010f8013fb4
:10c164007bb19c42fad14b7853b1024601f1010ee6
:10c1740012f801cf9c45f1d11ef8013f002bf7d1f5
:08c1840010bd184610bd00bffc
:020000040000fa
:020000040002f8
:10c18c0030b50c4a0146002012f810301bb902ebf6
:10c19c004002507830bd0c6825789d4209bf02ebf7
:10c1ac004003431c5878013414bfd8b20c600a28e1
:08c1bc00ead9efe712c6020008
:020000040000fa
:020000040002f8
:04c1c40000f086ba47
:020000040000fa
:020000040002f8
:10c1c80000094de5b512c1bfdfaa3ba6820e6c3f40
:10c1d80024c7a22eb7baf2bed5d9fb47b0deddbf61
:10c1e80059217ea19e479a3f41480999646f34bfff
:08c1f800e97876f074b7a03e6f
:020000040000fa
:020000040002f8
:10c200004ff4001c1ceb410f98bf1ceb430f11d8df
:10c2100051ea030c50ea4c0c5cea020c0ad004d23e
:10c2200082428b4180414042704790429941804117
:08c230004042704700207047f6
:020000040000fa
:020000040002f8
:10c238004ff4001c1ceb410f98bf1ceb430f11d8a7
:10c2480051ea030c50ea4c0c5cea020c0ad004d206
:10c258009042994180414042704782428b418041df
:08c268004042704700207047be
:020000040000fa
:020000040002f8
:10c2700038b50a480a4d016821b9436813b9fef779
:10c28000aefb38bd0389426855f8233000f10c0439
:10c290002046984704eb8000ede700bf8c54020075
:04c2a00028c60200aa
:020000040000fa
:020000040002f8
:10c2a40008b5fff74cfd084b00211868fef734f978
:10c2b400064b00211868fef72ff9054b002118687a
:10c2c400fef72af908bd00bf6405002064050020bc
:04c2d40064050020dd
:020000040000fa
:020000040002f8
:10c2d800c0f3c75191b142004fea40704fead20112
:10c2e8004fea310101f16051b2f17f4f38bf704719
:10c2f80001f1605118bf41f40021704710f000416e
:04c30800002070475a
:020000040000fa
:020000040002f8
:10c30c004ff4001c1ceb410f98bf1ceb430f0cd8d7
:10c31c0050ea410c08bf52ea430c08d0904208bfc7
:10c32c0099420cbf0120002070470020704701206b
:02c33c00704748
:020000040000fa
:020000040002f8
:10c3400053b94ab9002908bf00281cbf4ff0ff317c
:10c350004ff0ff30fff746bbadf1080c6de904ce9e
:10c36000fcf79ef9ddf804e0dde9022304b0704734
:020000040000fa
:020000040002f8
:10c37000812903dc7f2903dc002070478329fbd15e
:10c380001368073323f0070303f108011160d3e9b1
:0ac390000023c0e9002301207047dc
:020000040000fa
:020000040002f8
:10c39a00eff3108172b64ff0e022d2f8883d43f4f1
:10c3aa007003c2f8883dbff34f8fbff36f8f11b987
:08c3ba0062b6bff36f8f7047fc
:020000040000fa
:020000040002f8
:10c3c20013b50446fff736fd18b14ff0ff3002b047
:10c3d20010bd636c01220df1070120469847012828
:08c3e200f3d19df80700f2e71a
:020000040000fa
:020000040002f8
:10c3ea0038b503699a4228bf1a460446154652b11f
:10c3fa00406900f0daf8636922692b44521b226112
:08c40a00002263611a7038bdc5
:020000040000fa
:020000040002f8
:10c412001e1819181c182c1834182e182b182d1821
:10c422002618281837180318111840183818301809
:04c4320007180000e7
:020000040000fa
:020000040002f8
:10c436000b0d40f21e42d21a09dbcb0243ea5050e2
:10c4460040f00040202a28bf2022d04070474900f3
:04c45600804170476a
:020000040000fa
:020000040002f8
:10c45a001e1819181c182c1834182e182b182d18d9
:10c46a0026182818371803181118401838183018c1
:04c47a00071800009f
:020000040000fa
:020000040002f8
:10c47e00f0b500244f1ea24209d0651c035d7e5dff
:10c48e00b34202d00a5d981af0bd2c46f3e70020a5
:02c49e00fae7bb
:020000040000fa
:020000040002f8
:10c4a00010f0004160b148bf40420a0d02f21d4247
:10c4b000b0fa80f3d21a9840c30a400503eb025148
:02c4c0007047c3
:020000040000fa
:020000040002f8
:10c4c40038b555ec124b53ec112b51ec100bfef715
:10c4d4005bf922462b46fdf72ff841ec100b38bdd3
:020000040000fa
:020000040002f8
:10c4e4004e45000045200000534500005320000045
:0fc4f40053570000572000004e5700004e200005
:020000040000fa
:020000040002f8
:10c504007b25303278253034782530347825303224
:0fc5140078257825303378253032787d0d0a0070
:020000040000fa
:020000040002f8
:10c52300286e696c29002500494e4600696e660035
:0fc533004e414e006e616e00286e756c6c2900d3
:020000040000fa
:020000040002f8
:10c5420010b50023934206d113f0030018bf012057
:0ec5520000eb930010bdc45ccc540133f2e743
:020000040000fa
:020000040002f8
:10c5600013b50446019201aafbf75cf9636813f066
:0cc57000100f18bf4ff0ff3002b010bddc
:020000040000fa
:020000040002f8
:10c57c00af9508be1574603bb9d595b782f5eebe84
:0cc58c00f53cd23c257ba3b9a8bb0535cb
:020000040000fa
:020000040002f8
:10c5980050b140f21d42b0fa80f1521a8840c30ae5
:0cc5a800400503eb025170470100704792
:020000040000fa
:020000040002f8
:10c5b4004ab1431e84460a4411f8010b03f8010fe3
:08c5c4009142f9d16046704775
:020000040000fa
:020000040002f8
:10c5cc0003783bb1034600bf13f8012f002afbd1bf
:08c5dc00181a70471846704759
:020000040000fa
:020000040002f8
:10c5e400d0e90f2310b59c1a0165446511b18c4242
:08c5f400c8bf5318c36410bd59
:020000040000fa
:020000040002f8
:10c5fc0037b54ff0ff344ff0ff35cde90045fff76d
:06c60c00c5fb03b030bdc8
:020000040000fa
:020000040002f8
:10c6120068076c094c836a9074a07ac000806888ad
:06c6220000846c8200811f
:020000040000fa
:020000040002f8
:10c62800b5c6020043c502007d3602007d36020011
:04c638007d36020049
:020000040000fa
:020000040002f8
:10c63c0032b1c9b20244034603f8011b9a42fbd142
:04c64c00704700bf74
:020000040000fa
:020000040002f8
:10c6500010b50c46fff734fa0378e4b2a34218bfd2
:04c66000002010bde9
:020000040000fa
:020000040002f8
:10c6640037b500244ff00045cde90045fff792fbb4
:04c6740003b030bd22
:020000040000fa
:020000040002f8
:10c6780037b54ff0ff340025cde90045fff788fbbb
:04c6880003b030bd0e
:020000040000fa
:020000040002f8
:10c68c0037b54ff000440025cde90045fff77efba0
:04c69c0003b030bdfa
:020000040000fa
:020000040002f8
:10c6a000034600bf11f8012b184603f8012b002a9e
:04c6b000f8d1704706
:020000040000fa
:020000040002f8
:10c6b4000a440023914201d10020704701f8013b54
:02c6c400f8e795
:020000040000fa
:020000040002f8
:0ec6c600a0f14103192b98bf40f020007047ef
:020000040000fa
:020000040002f8
:0ec6d400a0f16103192b98bf00f05f007047c2
:020000040000fa
:020000040002f8
:0cc6e20010b50446fff7dbff204610bd3a
:020000040000fa
:020000040002f8
:0ac6ee0070477047704770477047af
:020000040000fa
:020000040002f8
:08c6f80008b5f8f7c6fe08bd05
:020000040000fa
:020000040002f8
:08c7000008b5f8f7c2fe08bd00
:020000040000fa
:020000040002f8
:08c7080008b5f8f7befe08bdfc
:020000040000fa
:020000040002f8
:08c7100008b5f8f7bafe08bdf8
:020000040000fa
:020000040002f8
:08c7180083f00043fcf70ebfa3
:020000040000fa
:020000040002f8
:02c720003c00db
:020000040000fa
:0200000400807a
:044000003912003c35
:020000040000fa
:0200000400807a
:044004008100ec2e1d
:020000040000fa
:0200000400807a
:04400800ffffffffb8
:00000001FF
